state,pending_2019,pending_2021,counterfactual_2021,excess_2021,excess_2021_pct
Uttar Pradesh,7807863,9966606,9171824.735530617,794781.2644693833,0.08665465023448271
Gujarat,1595813,1952262,1440077.558718045,512184.441281955,0.3556644836114944
West Bengal,2048697,2384020,1916925.1878540725,467094.81214592746,0.24366877492429584
Maharashtra,3821487,4800895,4381667.52479281,419227.47520719003,0.09567760968514238
Andhra Pradesh + Telangana,1147289,1575739,1232125.8494961218,343613.15050387825,0.2788782904314515
Kerala,1614277,2089147,1782449.5885843313,306697.41141566867,0.17206512508398952
Madhya Pradesh,1455435,1920613,1617389.0067166116,303223.99328338844,0.18747746647477825
Haryana,853375,1313881,1085872.1993840327,228008.80061596725,0.20997756526532907
Punjab,642327,945609,721473.6143514739,224135.38564852613,0.31066331628773347
Rajasthan,1769823,2162774,1957043.16402455,205730.83597545,0.10512330016900395
Odisha,1433522,1789677,1647188.9055152268,142488.09448477323,0.08650379686730836
Himachal Pradesh,293706,464892,333314.7124741715,131577.28752582852,0.39475391454862474
Tamil Nadu,1137684,1331944,1206163.5446474098,125780.45535259019,0.1042814267690031
Jharkhand,365642,490905,396533.222343181,94371.77765681897,0.23799210845225116
Bihar,2714344,3276696,3184729.2565947934,91966.7434052066,0.02887741342996919
Chhattisgarh,285025,381984,293938.74555336975,88045.25444663025,0.2995360624570811
Assam,301427,415024,337233.67639916384,77790.32360083616,0.23067187248749232
Karnataka,1531008,1780802,1710599.715383074,70202.28461692599,0.041039574592238726
Uttarakhand,195281,287204,224687.37323353827,62516.62676646173,0.2782382733251434
Delhi,882366,1231373,1171316.2905593857,60056.70944061433,0.05127283717016606
Jammu & Kashmir + Ladakh,172769,216245,171831.28457021154,44413.715429788455,0.25847281268295874
Tripura,27491,43096,15843.976832870452,27252.023167129548,1.720024174144939
Manipur,6516,8183,4753.733864213354,3429.2661357866464,0.7213837025254084
Meghalaya,13673,16010,13749.521779583354,2260.478220416646,0.16440413395127873
Goa,49049,59414,57390.769525046984,2023.2304749530158,0.035253586799703474
Nagaland,3361,4569,3360.545988439751,1208.454011560249,0.3596004981682501
Dadra & Nagar Haveli + Daman & Diu,5344,6523,5742.998294523937,780.0017054760629,0.1358178542765387
Arunachal Pradesh,10658,14318,13808.435861873188,509.5641381268124,0.03690237932985463
Sikkim,1142,1616,1231.6813310235464,384.31866897645364,0.31202768061530883
Lakshadweep,397,470,397.58336519283375,72.41663480716625,0.1821420138441736
Puducherry,30094,32998,33441.626677515196,-443.6266775151962,-0.013265702706186655
Andaman & Nicobar,9795,9321,10254.57213888083,-933.5721388808306,-0.09103959933551353
Mizoram,6589,6304,8457.768356318966,-2153.7683563189657,-0.2546497214847274
Chandigarh,62955,72384,76846.05782851361,-4462.057828513614,-0.05806488913811236
