district_id,pending,case_years,filed,mean_age_years,share_over_3y
1023,319132,957864,969509,3.0015,0.416
1021,239666,755312,589794,3.1515,0.4649
1025,233177,748223,680523,3.2088,0.479
16020,170653,714245,398821,4.1854,0.6048
9004,189802,690710,603560,3.6391,0.5152
4009,215558,686092,500712,3.1829,0.4524
8001,182433,641248,335050,3.515,0.5029
13024,188505,625902,415999,3.3203,0.4722
13001,171594,589946,390267,3.438,0.4989
13019,152821,581297,294244,3.8038,0.5909
3020,225203,517451,1656681,2.2977,0.2775
4015,172987,516363,539845,2.985,0.43
16014,119020,487150,276664,4.093,0.5788
1009,161482,484698,647605,3.0016,0.4291
17013,98472,454819,549036,4.6188,0.7226
13008,139745,453075,406067,3.2422,0.4544
23047,177328,444071,583156,2.5042,0.3376
13003,139582,426506,388438,3.0556,0.3871
16012,95765,417617,235840,4.3609,0.6677
1020,141211,408795,445867,2.8949,0.4042
13030,131880,395286,336467,2.9973,0.4218
4002,126718,381716,498786,3.0123,0.4135
4004,124890,377457,539776,3.0223,0.4319
13029,99617,371128,238614,3.7255,0.516
13006,131571,370111,454406,2.813,0.3889
3021,120590,368606,363071,3.0567,0.4487
13012,111945,363149,259050,3.244,0.4508
11008,81192,360674,125617,4.4422,0.6537
1026,130759,350650,439532,2.6817,0.3786
13061,99764,349356,200982,3.5018,0.5189
17031,93321,347568,413998,3.7244,0.5108
13020,127628,339454,406614,2.6597,0.3373
17014,101610,334561,399281,3.2926,0.4096
13027,110539,334106,290077,3.0225,0.4214
8038,92604,327955,100430,3.5415,0.52
1019,113283,315772,420343,2.7875,0.3824
13044,97337,310074,261627,3.1856,0.4158
11005,75721,305615,144768,4.0361,0.5678
13043,99505,300894,326670,3.0239,0.423
13041,67540,300116,111371,4.4435,0.6384
13002,93277,297507,263422,3.1895,0.43
13016,86333,294645,239978,3.4129,0.4721
1030,113667,292145,394112,2.5702,0.3356
9002,86300,291567,232889,3.3785,0.4767
16003,58418,290500,158546,4.9728,0.725
4012,88226,270853,246988,3.07,0.4219
13026,83988,266933,217458,3.1782,0.4333
10013,117492,265104,398838,2.2564,0.2703
13050,75601,256193,139026,3.3888,0.4764
13048,80621,251964,237865,3.1253,0.437
3026,99328,249184,420501,2.5087,0.3469
16022,57793,247974,146183,4.2907,0.6373
23001,92886,246475,320585,2.6535,0.3722
8003,70482,245162,136682,3.4784,0.5095
13010,90239,242725,199044,2.6898,0.3107
3001,105719,240162,514394,2.2717,0.2897
13007,77919,238960,216584,3.0668,0.4307
8028,72549,238439,124492,3.2866,0.4928
15005,87993,238010,271284,2.7049,0.2927
8029,69576,236790,108270,3.4033,0.4931
11001,63946,234638,136331,3.6693,0.5223
13049,71255,233318,215349,3.2744,0.4423
13034,61110,231282,151664,3.7847,0.5548
8035,67070,230031,76326,3.4297,0.5079
16002,58566,229259,165538,3.9145,0.5813
1034,82608,227025,250042,2.7482,0.3823
13053,86020,220514,365913,2.5635,0.2978
13021,58166,219978,109540,3.7819,0.5322
1014,87720,219350,321979,2.5006,0.3382
9020,66147,219269,231480,3.3149,0.4521
16011,56017,218706,222306,3.9043,0.5473
8030,60318,218450,77111,3.6216,0.5412
29009,96242,217418,269943,2.2591,0.2744
8010,68780,214784,128189,3.1228,0.4363
1037,80123,214348,337844,2.6752,0.3665
9014,70246,214310,291001,3.0508,0.4145
13057,79303,213466,213411,2.6918,0.358
13004,69179,212975,166214,3.0786,0.4169
8013,64595,210079,113712,3.2523,0.4816
9009,67663,208910,181189,3.0875,0.4435
13028,58585,207383,112839,3.5399,0.5126
11016,50506,206703,89750,4.0926,0.5891
8034,62456,204198,74367,3.2695,0.4703
13031,66543,200421,215104,3.0119,0.4241
8017,56082,195056,122451,3.478,0.5066
13054,69961,194763,301773,2.7839,0.3727
26009,63566,190187,195023,2.992,0.4182
1007,75651,189946,278807,2.5108,0.3429
11015,41355,186655,76143,4.5135,0.6821
26005,60232,186541,184390,3.097,0.3826
1015,64848,185742,222699,2.8643,0.3997
13018,70863,184962,254584,2.6101,0.3517
1024,61194,184885,183406,3.0213,0.447
16004,40800,184769,107278,4.5287,0.6305
29002,86650,182366,393034,2.1046,0.2502
8033,54205,181857,58825,3.355,0.4814
9028,46611,181827,119375,3.901,0.6052
13063,53912,181729,128168,3.3708,0.4759
8023,52187,180542,114117,3.4595,0.4838
13046,49062,179872,113360,3.6662,0.5377
8018,51581,179508,107385,3.4801,0.4992
13036,59718,178077,209657,2.982,0.4134
13058,62708,177668,181145,2.8333,0.3526
13009,58368,177629,170543,3.0433,0.3802
13047,60854,177156,168200,2.9112,0.3914
26008,61249,175844,301515,2.871,0.3684
4006,64782,175158,360180,2.7038,0.3561
11018,43711,175156,77650,4.0071,0.5693
13062,57546,172311,202011,2.9943,0.405
13068,56369,172197,149263,3.0548,0.4115
1003,65369,171927,326649,2.6301,0.3682
1027,69713,171512,310849,2.4603,0.3262
11004,41611,171258,87767,4.1157,0.5758
16009,40663,170590,101809,4.1952,0.6317
13037,42035,168819,86392,4.0161,0.5694
1031,64239,168183,253022,2.6181,0.3539
3018,65039,167992,366309,2.5829,0.3603
13014,55119,167450,116403,3.038,0.3827
3022,61062,166058,284535,2.7195,0.3846
8005,48810,165916,108898,3.3992,0.4903
22001,100514,163522,467961,1.6269,0.1515
8039,40851,161993,44240,3.9655,0.5864
4008,55907,159004,311890,2.8441,0.3526
9035,48323,158708,145500,3.2843,0.4566
13066,54007,158547,235572,2.9357,0.4027
8006,47756,154943,114663,3.2445,0.5099
1004,62580,154894,207736,2.4751,0.3388
16007,39944,154690,125806,3.8727,0.513
9007,52256,154450,193316,2.9556,0.3882
1028,58161,153973,218089,2.6474,0.3577
23046,54568,148213,159334,2.7161,0.3852
23050,57673,147291,409545,2.5539,0.3703
13051,59280,146635,191243,2.4736,0.3025
9031,47892,146103,135680,3.0507,0.4184
11027,30856,145638,54948,4.7199,0.6392
1029,54898,143496,212804,2.6139,0.3743
8031,45471,143125,83231,3.1476,0.4984
26007,55746,142851,178004,2.5625,0.3184
4010,62737,142586,422925,2.2728,0.234
10031,48058,142434,131427,2.9638,0.4252
1035,55246,142310,218678,2.5759,0.3511
8009,36752,140935,94384,3.8348,0.6026
11013,33849,140520,61407,4.1514,0.6037
15009,51239,140458,187967,2.7412,0.3866
1005,56915,140066,193366,2.461,0.3202
9019,44004,139369,142578,3.1672,0.4286
3005,40887,139322,222496,3.4075,0.4512
17015,41662,138740,266789,3.3301,0.4861
1013,60261,138624,185847,2.3004,0.2908
17021,45944,138107,241929,3.006,0.355
10018,59202,137878,188150,2.3289,0.2955
13033,43938,137540,102425,3.1303,0.4125
1040,51208,137397,155948,2.6831,0.3663
17016,36916,136651,324699,3.7017,0.5684
8021,36488,136397,59044,3.7381,0.5496
8024,40245,135666,80154,3.371,0.4818
1017,56128,135506,204695,2.4142,0.3254
26004,44921,132988,153665,2.9605,0.3877
9006,38141,132909,141159,3.4847,0.5007
29007,56057,132102,105719,2.3566,0.3046
11019,31564,131936,54066,4.1799,0.6302
26006,52273,131760,260364,2.5206,0.3057
17026,38107,131422,183450,3.4487,0.4326
23044,55841,131234,257147,2.3501,0.3235
13013,40940,131127,126570,3.2029,0.4369
13056,46636,130927,215025,2.8074,0.3867
14006,75694,130019,340539,1.7177,0.1492
16018,32574,128690,91334,3.9507,0.5821
11026,31066,128668,50328,4.1418,0.5906
13060,41365,128532,122020,3.1073,0.4332
13052,42681,128504,94899,3.0108,0.3772
13015,48050,127478,128617,2.653,0.3503
3023,56728,125553,385039,2.2132,0.2721
13025,51834,125405,215128,2.4194,0.328
11011,34519,124554,54724,3.6083,0.4578
17011,33735,124118,200646,3.6792,0.5046
8026,37591,124063,69266,3.3003,0.4539
7022,46388,122773,124247,2.6467,0.3636
13023,35966,121396,80097,3.3753,0.4768
2020,53218,120934,239871,2.2724,0.2816
16008,29798,120243,73481,4.0353,0.5698
1018,45414,119857,157541,2.6392,0.3651
8015,34273,119702,53168,3.4926,0.5017
4003,41145,117042,272330,2.8446,0.3809
29010,47682,116483,142696,2.4429,0.3377
10003,49047,116255,232584,2.3703,0.3262
13073,35974,115364,85332,3.2069,0.5271
8022,30684,115031,46320,3.7489,0.5586
29003,48245,114927,125747,2.3822,0.3216
10015,45444,114004,173508,2.5087,0.3365
13017,34183,113678,66664,3.3256,0.4454
12019,39879,112657,61759,2.825,0.3765
9030,37420,112622,111233,3.0097,0.403
6001,47844,112514,241603,2.3517,0.2889
13042,34891,112166,99586,3.2148,0.4217
3015,46272,111452,310117,2.4086,0.3068
26002,40684,111259,118249,2.7347,0.3539
10032,38274,110066,87349,2.8757,0.4057
2005,55955,109670,252313,1.96,0.2229
11014,26671,109404,51388,4.102,0.5928
10012,41305,109195,150945,2.6436,0.3599
13067,37664,109153,82103,2.8981,0.3782
23045,49863,108001,193484,2.166,0.2666
5002,44778,107231,141477,2.3947,0.3344
18003,47444,106834,230076,2.2518,0.3034
17025,34460,105829,220608,3.0711,0.3652
13069,39005,105131,77425,2.6953,0.3162
10008,39110,104234,156535,2.6652,0.3664
8002,32283,103628,72809,3.21,0.4401
3028,35309,103501,129728,2.9313,0.4283
1008,56931,102987,236242,1.809,0.1801
9008,33991,102607,126672,3.0186,0.4049
11029,26948,101874,48590,3.7804,0.5302
17023,30842,101321,166354,3.2852,0.4077
26010,38241,101128,154751,2.6445,0.2959
17019,34416,100758,203068,2.9277,0.3304
13055,33899,100591,109149,2.9674,0.4095
8007,29220,100496,50051,3.4393,0.4946
23032,39488,100193,129134,2.5373,0.3533
8011,29010,100186,58210,3.4535,0.4886
9011,33622,99868,129995,2.9703,0.3886
26011,40225,99558,183279,2.475,0.267
13065,34217,99295,101835,2.9019,0.4036
10033,40541,98494,132621,2.4295,0.3201
2003,43753,98058,163265,2.2412,0.2826
4011,35735,98000,299010,2.7424,0.383
9013,33891,97883,117206,2.8882,0.3761
13059,29540,97636,82953,3.3052,0.464
13039,34629,97570,115323,2.8176,0.3565
15004,38760,97369,132420,2.5121,0.3014
26003,33742,97355,120205,2.8853,0.3807
13022,29832,97352,96689,3.2633,0.4619
10020,41836,97257,128827,2.3247,0.2916
7009,35022,96810,143244,2.7643,0.3935
17020,30037,96150,251406,3.2011,0.4177
17027,26817,95225,139449,3.5509,0.4515
3024,46523,94438,241107,2.0299,0.2456
13045,33833,94364,99899,2.7891,0.3402
3003,39027,94243,193890,2.4148,0.3142
10010,38140,94016,126435,2.465,0.3273
13035,42785,93824,143693,2.1929,0.1737
11002,22773,93354,39957,4.0993,0.5833
2004,49067,93326,208827,1.902,0.2164
9038,28193,92999,100140,3.2986,0.5169
2011,50525,92217,256215,1.8252,0.2037
8036,28446,91618,31727,3.2208,0.4455
13071,27897,90624,68495,3.2485,0.4427
18007,37071,89908,127460,2.4253,0.3446
11017,24081,89811,43261,3.7295,0.4594
10011,34993,89021,173003,2.544,0.3404
8012,28029,88617,52946,3.1616,0.463
8004,29773,88339,101196,2.9671,0.3952
2010,44125,87031,138484,1.9724,0.225
29005,39208,86932,126160,2.2172,0.2797
16006,18666,86904,78317,4.6557,0.6895
16019,21818,86703,57859,3.9739,0.5655
23015,33749,86669,118003,2.568,0.3541
7011,30279,86532,102173,2.8578,0.4113
29004,37627,86412,142847,2.2966,0.3114
2017,38445,86103,142964,2.2396,0.2718
4005,36791,85542,354548,2.3251,0.2335
11007,21640,85267,46786,3.9402,0.5744
8014,23608,84887,46842,3.5957,0.5641
3019,32260,84677,172879,2.6248,0.3618
1038,22801,84626,60889,3.7115,0.5442
23043,39269,84533,196441,2.1527,0.2668
1002,33612,83486,137746,2.4838,0.3371
2023,39109,82902,155084,2.1198,0.2515
10027,30221,82816,106474,2.7403,0.3714
17018,26400,82308,173027,3.1177,0.3586
9033,25554,82194,81684,3.2165,0.4608
17029,27608,81415,139371,2.949,0.3924
3012,39559,80037,297688,2.0232,0.2558
3029,33405,79990,138263,2.3946,0.3194
16001,22335,79411,83939,3.5554,0.4581
9039,21361,77683,54548,3.6367,0.4738
16021,17508,77227,73108,4.411,0.7175
9012,26094,76890,88797,2.9466,0.4109
9018,24563,76174,104537,3.1012,0.4078
9005,24493,75974,85731,3.1018,0.4172
14005,55308,75772,247130,1.37,0.1001
7010,23218,75652,67543,3.2583,0.4773
9003,23094,75547,90401,3.2713,0.4625
3009,35500,75537,247386,2.1278,0.2669
8019,20263,74829,35686,3.6929,0.5106
11006,22036,74396,51267,3.3761,0.4289
9022,23784,74155,79559,3.1178,0.4313
3004,34529,73872,231543,2.1394,0.2624
13011,23542,73375,51574,3.1168,0.4238
2002,35813,73224,163442,2.0446,0.2384
9010,25693,72181,108539,2.8094,0.3662
10017,27635,72122,117261,2.6098,0.3817
17035,23186,71222,121359,3.0717,0.3743
22002,47677,70913,422475,1.4874,0.1265
16017,17912,70461,42092,3.9337,0.4801
7007,20852,70178,82062,3.3655,0.4956
9029,22097,69836,65817,3.1604,0.4405
10022,28721,69819,83951,2.4309,0.3224
3002,31188,69471,194175,2.2275,0.285
22005,45715,68810,275644,1.5052,0.1271
10007,26300,68787,93603,2.6155,0.3639
13040,24842,68442,84544,2.7551,0.265
9027,19415,68402,63248,3.5232,0.493
10014,25403,67925,112155,2.6739,0.3628
27001,28558,67859,224552,2.3762,0.2265
23031,25145,66363,69841,2.6392,0.3798
6010,29713,66341,121774,2.2327,0.2724
23042,27933,66242,100230,2.3715,0.3091
12005,23343,65702,58982,2.8146,0.3963
13064,21530,65483,73321,3.0415,0.4274
3014,29534,65386,223484,2.2139,0.2859
2015,30177,64936,104843,2.1518,0.2581
3006,28281,64626,172838,2.2852,0.3076
10009,26286,64259,101854,2.4446,0.3444
5006,29387,63594,123682,2.164,0.2814
5011,33473,63512,111511,1.8974,0.2513
10028,24434,63435,81524,2.5962,0.3446
1036,26371,63120,105563,2.3935,0.3177
14013,38295,62397,176841,1.6294,0.1617
11022,15762,61886,30461,3.9263,0.5309
10024,29477,61725,107189,2.094,0.2594
17024,19017,61673,154101,3.243,0.4246
9001,22624,61629,91047,2.7241,0.3669
23035,26649,60994,91924,2.2888,0.3095
11012,19687,60874,27530,3.0921,0.403
16010,14329,60421,50946,4.2167,0.6077
16013,14869,59400,63773,3.9949,0.5613
4007,23489,59174,135697,2.5192,0.2794
14004,37111,58441,196477,1.5748,0.1302
30001,26628,58185,154763,2.1851,0.2805
22008,41944,57526,277641,1.3715,0.1036
9026,18286,57319,63355,3.1346,0.4441
5004,23125,57280,107200,2.477,0.331
23020,28540,57014,154628,1.9977,0.2399
17032,17022,56377,118600,3.312,0.4544
3011,26609,55812,180194,2.0975,0.2545
3016,23346,55738,180444,2.3875,0.2989
18002,27620,55514,137349,2.0099,0.2593
23021,21302,55506,71889,2.6057,0.3735
7017,19791,54531,60090,2.7554,0.3804
3010,25811,54298,185393,2.1037,0.2576
7020,16919,53863,50833,3.1836,0.4678
2007,27774,53253,117816,1.9174,0.2189
17017,18579,52984,95713,2.8518,0.3253
1042,34550,52919,192259,1.5317,0.137
23034,24005,52630,120645,2.1925,0.2978
14003,34478,52149,200866,1.5125,0.1278
29006,24832,52079,77022,2.0973,0.2609
5005,26195,51995,121899,1.9849,0.2447
23029,24558,51982,91099,2.1167,0.2626
3027,22686,51151,113919,2.2547,0.2914
3017,24380,50871,165628,2.0866,0.2621
9021,15592,50785,50788,3.2571,0.4727
17030,16385,50534,125041,3.0841,0.3948
11010,16266,50351,36882,3.0955,0.3947
26001,17669,50324,92046,2.8481,0.3619
23040,27210,50264,129172,1.8473,0.212
9036,18472,50223,77939,2.7189,0.3629
14001,38347,49597,266331,1.2934,0.0737
23027,19159,49568,96757,2.5872,0.3577
10029,18650,49258,65061,2.6412,0.3594
10026,20674,49220,78207,2.3808,0.33
14007,36527,48958,245185,1.3403,0.0914
23038,28708,48564,133317,1.6917,0.1819
23011,20479,48563,76815,2.3714,0.3188
23033,19583,47825,87514,2.4422,0.3396
23028,24021,46646,82408,1.9419,0.2358
10005,21175,46641,87885,2.2027,0.2815
9034,14152,46290,37524,3.271,0.4332
6013,18386,46224,58275,2.5141,0.3288
14020,29696,45584,150610,1.535,0.1274
17037,11392,45381,94980,3.9836,0.5936
3013,24049,45338,180732,1.8853,0.2142
3007,22188,44889,109164,2.0231,0.2497
23030,21372,44756,73001,2.0941,0.2595
23039,22281,44434,78481,1.9943,0.2417
8025,14052,43866,31997,3.1217,0.422
23036,21999,43339,106937,1.97,0.2267
17039,15543,42453,75501,2.7313,0.2811
23019,20781,42453,77868,2.0429,0.2443
13038,17031,42193,74385,2.4774,0.3216
17022,10337,41478,91135,4.0126,0.6583
18006,17453,41190,68079,2.3601,0.3546
29001,19099,40322,103196,2.1112,0.2521
5001,18879,40235,72851,2.1312,0.2706
14010,36071,40178,168739,1.1139,0.0618
4001,16125,40108,150066,2.4873,0.2878
22018,24431,40064,124261,1.6399,0.1474
1032,17977,39887,85831,2.2188,0.276
1011,18813,39719,69113,2.1113,0.2691
11021,12485,39390,50298,3.155,0.3637
9040,11019,39370,227898,3.5729,0.5046
23014,21990,38988,98681,1.773,0.1883
10002,15236,38581,50447,2.5322,0.3454
6016,16820,38514,56971,2.2898,0.3168
22019,28784,38510,164033,1.3379,0.0905
10004,16065,38426,109429,2.3919,0.3261
9025,13185,37638,53549,2.8546,0.3601
23002,17017,37465,85752,2.2016,0.2976
5007,15421,37324,60669,2.4203,0.3289
23016,18202,37098,93821,2.0381,0.2462
23003,17356,37034,77710,2.1338,0.2641
5010,17384,36713,83792,2.1119,0.2996
8016,12029,36642,44231,3.0461,0.4004
10019,17178,36242,50456,2.1098,0.2532
14018,24695,35818,147954,1.4504,0.0998
7006,11483,35698,33368,3.1088,0.4639
29008,18309,35674,78158,1.9484,0.2282
10001,14788,35580,42189,2.406,0.3228
7001,13169,35511,53211,2.6966,0.4028
11032,8466,35459,21675,4.1884,0.4541
22017,26209,35394,201898,1.3505,0.0819
6020,13266,35146,57264,2.6493,0.4083
1010,17435,34802,80244,1.9961,0.2348
11023,10810,34712,30729,3.2111,0.4165
23023,18879,34656,100009,1.8357,0.2212
14012,27231,34626,189431,1.2716,0.077
14017,23737,34528,133784,1.4546,0.1019
23024,17730,34517,69276,1.9468,0.242
14009,22883,34151,126176,1.4924,0.1085
13005,13324,34136,71936,2.562,0.3331
7016,14832,34000,44020,2.2923,0.2982
13070,12610,33426,65730,2.6508,0.3475
23017,14635,33065,50120,2.2593,0.294
15001,14898,32940,75851,2.2111,0.2396
14023,22742,32927,88623,1.4478,0.089
23037,17874,32826,100238,1.8365,0.2152
2021,16477,32729,64810,1.9864,0.2238
17028,8616,31927,112780,3.7055,0.5615
14002,21683,31539,171958,1.4546,0.0992
11020,8700,31532,23327,3.6243,0.4903
22024,22709,31403,108819,1.3828,0.099
14011,21272,31356,105538,1.4741,0.0906
8020,11798,31238,22968,2.6477,0.3244
13076,13318,31016,35351,2.3288,0.2937
22003,16925,30625,89392,1.8094,0.2032
7003,11116,30196,40900,2.7165,0.396
2019,14304,29833,61949,2.0857,0.2418
7002,10407,29685,32366,2.8524,0.3966
22010,20129,29622,107449,1.4716,0.1148
17038,7750,29497,80343,3.806,0.5863
23026,15239,29457,80489,1.933,0.2314
5003,14629,29383,69473,2.0085,0.2577
1001,13835,29164,69465,2.108,0.2575
8027,13879,28547,44752,2.0568,0.1899
23048,13321,28502,33298,2.1396,0.2818
7015,11124,28320,31669,2.5458,0.3306
11003,9011,28225,24319,3.1323,0.329
12003,11617,28216,22427,2.4288,0.3428
22011,17351,27542,121562,1.5874,0.1443
9032,9814,27392,40711,2.7911,0.3734
10006,13885,27160,48402,1.956,0.2284
17040,9229,27102,53221,2.9366,0.3304
3008,13744,27029,82515,1.9666,0.2219
4016,9501,26884,127341,2.8296,0.3975
6007,11632,26622,65071,2.2887,0.2916
23025,15768,26421,72217,1.6756,0.182
30002,13475,26021,126580,1.9311,0.2301
10021,11483,25676,48294,2.236,0.2722
18004,10852,25156,40237,2.3181,0.321
1033,10060,24859,51203,2.4711,0.3293
6023,10231,24789,15113,2.4229,0.3444
23013,11199,24656,51484,2.2016,0.2994
14008,17278,24652,113379,1.4268,0.1435
6006,11549,24620,81860,2.1318,0.2659
11024,7673,24529,19608,3.1968,0.449
13075,8280,24375,9977,2.9439,0.3901
18010,13181,24325,67168,1.8455,0.2189
13074,21807,24022,57323,1.1016,0.1159
1039,9044,23995,24626,2.6531,0.385
14015,16947,23937,125245,1.4125,0.0905
14016,18238,23856,113972,1.308,0.0617
3025,10167,23508,83149,2.3122,0.3129
17036,7946,23458,69871,2.9522,0.3346
9023,9183,23385,49955,2.5466,0.2954
17041,5231,23184,63743,4.432,0.7477
10023,8288,23092,32844,2.7862,0.3868
1041,9795,23044,35753,2.3526,0.2773
20001,7747,22970,42882,2.965,0.415
22004,13381,22874,94525,1.7094,0.1752
23022,10579,22668,36319,2.1427,0.2877
17042,6532,22568,38784,3.4549,0.3801
12011,7968,22479,14728,2.8212,0.408
23010,12771,22067,87608,1.7279,0.1979
14019,17359,22055,72577,1.2705,0.0736
14014,16288,21849,133635,1.3414,0.082
7013,9310,21250,35615,2.2825,0.311
10030,9867,21250,48174,2.1536,0.2614
3030,9982,21190,63558,2.1228,0.2807
18021,8977,21036,19435,2.3433,0.3283
5008,9202,20869,58971,2.2679,0.3016
6008,9816,20835,35720,2.1225,0.2725
22006,16491,20617,116526,1.2502,0.0734
18018,11517,20596,32988,1.7883,0.2164
22023,14228,20563,71191,1.4453,0.106
6018,9260,20534,39411,2.2175,0.3124
18001,9308,20491,45529,2.2015,0.346
7005,7345,20147,25456,2.7429,0.391
10025,9348,20130,58331,2.1534,0.2616
5009,9521,19303,33113,2.0274,0.2556
11030,5371,18652,14386,3.4726,0.502
9024,8071,18622,45346,2.3073,0.2712
18012,10213,18555,34706,1.8168,0.185
12004,7736,18108,50118,2.3408,0.3454
11009,6046,18085,27885,2.9913,0.429
6012,8551,18068,34125,2.1129,0.2406
23005,6859,17375,32976,2.5331,0.3627
12013,7533,17192,11734,2.2823,0.2857
23041,9238,16928,57329,1.8324,0.2021
8037,5994,16863,6537,2.8133,0.3994
18023,9791,16657,41495,1.7012,0.1854
7019,6372,16622,23111,2.6085,0.3746
22012,12395,16461,83936,1.328,0.0863
7014,5893,16412,20521,2.7849,0.4117
6004,9849,16278,43373,1.6528,0.1704
6021,8307,16182,34324,1.948,0.2402
6002,8074,15990,41243,1.9804,0.2229
23018,8834,15671,54997,1.7739,0.2025
17033,5661,15253,44659,2.6943,0.3148
22014,13037,15187,66465,1.1649,0.0477
12008,5980,15101,14897,2.5252,0.3458
18011,7664,14918,22548,1.9465,0.2453
7012,6192,14895,28128,2.4055,0.3463
22013,10879,14691,75443,1.3504,0.0886
6005,8023,14186,35403,1.7681,0.1868
22015,9786,14142,64215,1.4452,0.1071
10016,6142,13941,30657,2.2698,0.294
23006,6682,13842,26657,2.0715,0.265
23012,6587,13616,35031,2.0671,0.2769
23009,8911,13603,42391,1.5266,0.1271
21001,4798,13534,28975,2.8207,0.3908
22026,10265,13445,103429,1.3098,0.0466
23007,8315,13442,55627,1.6166,0.1633
7004,5436,13223,25795,2.4326,0.3308
20009,3196,13050,9730,4.0833,0.6345
12021,4801,12979,7163,2.7033,0.3697
22021,8342,12845,44137,1.5398,0.1352
6011,8420,12756,51400,1.5149,0.1773
12018,3457,12750,5852,3.6883,0.5508
22009,8734,12747,60206,1.4594,0.1282
12002,5727,12468,21046,2.1771,0.2694
12001,4952,12262,15056,2.4761,0.3419
12010,3336,11953,11599,3.5831,0.5453
23004,5924,11467,39302,1.9357,0.2287
6019,5439,11445,27324,2.1043,0.2758
11031,4816,11054,9664,2.2953,0.1962
22016,6887,10631,53324,1.5436,0.1228
6026,4448,10531,7434,2.3676,0.3224
6003,4978,10351,47696,2.0794,0.2569
25002,4800,10266,41325,2.1388,0.2785
1012,6885,10238,64923,1.487,0.133
23049,6640,9797,34196,1.4754,0.1386
7021,4558,9484,23506,2.0808,0.2587
15002,4605,9448,22588,2.0518,0.1989
17034,2278,9313,40843,4.0882,0.6611
6015,5652,9141,37745,1.6173,0.192
12020,2726,8572,6967,3.1445,0.4732
12006,4310,8477,15852,1.9669,0.2023
18005,4705,8431,30683,1.792,0.217
6009,5311,8328,16623,1.5681,0.1841
7023,2589,8151,7906,3.1484,0.4538
18020,4414,7957,16022,1.8027,0.2053
18009,4803,7910,33101,1.6468,0.1616
18024,4739,7804,16001,1.6468,0.1557
12015,3859,7670,10328,1.9876,0.2402
18015,4593,7518,22426,1.6369,0.1661
12012,3028,7210,10625,2.3811,0.3114
7008,3961,6931,18222,1.7497,0.1681
12007,2672,6786,7805,2.5396,0.357
18025,3169,6266,10648,1.9773,0.2632
20002,1981,6241,9756,3.1506,0.4144
19001,2846,6208,9689,2.1812,0.2632
6022,3320,5539,12791,1.6683,0.188
12009,2604,5501,6878,2.1125,0.2623
20003,2025,5369,8207,2.6515,0.3249
23008,3625,5140,22877,1.4179,0.1076
18016,3127,4940,13363,1.5799,0.1477
12022,1835,4352,7151,2.3717,0.3243
15003,1949,4226,15307,2.1683,0.2488
6025,2387,3983,4290,1.6687,0.1772
18019,2636,3858,18947,1.4638,0.1392
12014,2000,3646,5374,1.823,0.206
7024,1265,3431,3504,2.7119,0.4316
20005,1383,3270,12382,2.3641,0.2899
25001,1762,3016,19611,1.7118,0.181
7018,1742,2826,11555,1.6222,0.1429
21003,567,2752,661,4.8539,0.6367
18013,1907,2729,17415,1.4312,0.1316
20006,1105,2527,11253,2.287,0.2425
1043,965,2507,2176,2.5983,0.342
6017,1783,2406,15309,1.3496,0.1071
15015,1171,2211,13434,1.8883,0.1674
15006,1203,2029,11246,1.6864,0.1131
20010,858,1956,4639,2.2802,0.2249
18017,1531,1782,7421,1.1641,0.0692
6027,1971,1727,2672,0.8761,0.001
21002,637,1447,2814,2.2718,0.3108
19002,273,1429,649,5.2353,0.8901
6024,969,1351,7530,1.3942,0.1135
25003,648,1313,7807,2.0258,0.2469
15013,784,1297,14264,1.654,0.1122
15007,816,1290,12180,1.5812,0.1066
25004,821,1273,9196,1.551,0.1437
18022,970,1228,7371,1.2658,0.1082
15008,617,1211,6773,1.962,0.1799
16024,294,1003,50097,3.4107,0.4184
17043,386,991,30322,2.5667,0.2565
21005,242,828,354,3.4225,0.5248
24004,929,767,15436,0.8259,0.0215
6028,666,691,966,1.038,0.1096
15014,348,543,8780,1.5608,0.0833
12016,271,439,655,1.619,0.1365
25009,186,401,1129,2.155,0.3011
12017,199,346,429,1.7379,0.1709
25005,173,341,1366,1.9692,0.289
4013,81,286,248,3.5319,0.642
21004,96,242,1383,2.5165,0.375
25006,152,237,1506,1.5576,0.1842
20011,84,213,3343,2.5367,0.2857
16025,43,159,5335,3.6919,0.4419
24001,213,126,7800,0.59,0.0047
32001,40,126,9029,3.1375,0.4
15016,63,125,293,1.9841,0.1905
25008,34,65,742,1.902,0.4412
31002,11,50,8040,4.5833,0.6364
24003,101,31,4039,0.3045,0.0
21007,7,23,7,3.2619,0.8571
31001,6,18,3111,2.9583,0.6667
16023,4,12,3596,3.0,0.5
24002,22,4,960,0.2008,0.0
