state,P2018,P2019,D2019,A2019,growth_actual,cr_actual,growth_model,cr_model,growth_linear,cr_linear,growth_drift,cr_drift,ddl_pending_2018,ddl_coverage_2018,graded
Uttar Pradesh,6987417,7807863,3426942,4247388,0.1110203427938339,0.8068351655181961,0.08167750646114509,0.8458747427374027,0.0533383903325254,0.8775331890328889,0.057908120091257294,0.8726417306327694,4965838.0,0.7106829319045936,True
Andhra Pradesh + Telangana,1068400,1147289,696910,775799,0.07123956579562031,0.8983125783869276,-0.003662915992618803,1.0234205936692207,0.008070160608972294,1.0079778581716403,-0.052594034320410064,1.0780066672842947,1014268.0,0.9493335829277424,True
Maharashtra,3531425,3821487,1877895,2167957,0.07893814168263737,0.8662049108907602,0.0361484302954858,0.9164144380515429,0.029528908638567455,0.933498844746826,0.008134646572254796,0.9464930415459638,3000188.0,0.8495686585443554,True
Goa,42783,49049,32634,38900,0.13667897102097054,0.8389203084832905,0.05947013815294167,0.9490402744984359,0.08115785878172305,0.9344299761584222,0.062294184377812714,0.9546288166907245,42029.0,0.9823761774536615,True
West Bengal,1950492,2048697,683238,781443,0.04912233286497184,0.8743286458513289,0.02942684503886219,0.9347962717145203,0.01544061147201599,0.9347700106670523,-0.0007240037173749065,0.9670796496298555,1084608.0,0.5560689303006626,True
Chhattisgarh,267429,285025,214399,231995,0.06372278517474088,0.9241535377917628,-0.009247559786807353,1.0365102429317126,0.010687041148322403,1.0162097883720946,-0.05816141236605853,1.0832252108533766,263277.0,0.9844743838551541,True
Delhi,834813,882366,814555,862108,0.055399188244580226,0.9448410175987231,0.03332367857102588,0.9598616008087981,0.03202426653874515,0.9652087294894939,0.008747200195114692,0.991636582452794,578837.0,0.6933732464635792,True
Gujarat,1447459,1595813,1142383,1290737,0.09757371887701395,0.8850625650306763,0.0189832036366498,1.0341420335500642,0.018678509316549116,1.0160296397374615,-0.03133286591546129,1.0691369538938351,1067230.0,0.7373127667173992,True
Assam,291960,301427,254823,264290,0.031911057547636075,0.9641794997918952,0.030644102354779927,1.0326274111835678,0.04396074805750363,0.9950868878472763,-0.0435855459477097,1.0972027598303438,277240.0,0.949582134538978,True
Meghalaya,13584,13673,7890,7979,0.006530455757953149,0.9888457200150395,0.004061994937333168,1.0707963019297684,0.03011681070873171,0.9553458593954616,-0.0779051513843451,1.132950112646746,6481.0,0.47710541813898705,True
Manipur,6216,6516,3717,4017,0.04713407767445239,0.9253174010455564,-0.021478758395284195,1.0303010434488231,0.050452411947099325,0.9334754991380326,-0.08619194086947123,1.0957822929560792,9337.0,1.502091377091377,False
Tripura,58261,27491,90786,60016,-0.7510742374394249,1.5126966142362037,-0.02750027764423593,1.1252532053363709,0.019563471511828197,1.0070463337451818,-0.11252173172806645,1.1971224689503426,22102.0,0.3793618372496181,True
Mizoram,6154,6589,15107,15542,0.06829931503183274,0.9720113241539056,0.02959131242387911,0.9884397563851445,0.05995707539621709,0.8759087832696293,-0.02907002189876272,1.018244110202324,3182.0,0.5170620734481638,True
Himachal Pradesh,256640,293706,483869,520935,0.13490494232694847,0.9288471690326048,0.07930308193561737,0.9610887371440588,0.07234949496138056,1.0125951688912596,0.10793966244304763,0.9580934975054923,253775.0,0.9888365024937655,True
Jammu & Kashmir,163520,172769,81520,90769,0.055020135112694914,0.8981039782304532,0.040504407994877076,0.9376719254260811,0.038058766435002285,0.9273317876706426,0.024921507816059434,0.9478657555908585,154698.0,0.9460494129158513,True
Jharkhand,330607,365642,187370,222405,0.10072435384524359,0.8424720667251185,-0.0033089854716789923,1.0246889986385737,0.004063453719649572,1.008908572351266,-0.0487834297307158,1.0690151686075915,332942.0,1.0070627663661085,True
Karnataka,1494608,1531008,1272673,1309073,0.024062376902377183,0.9721940640437928,0.02034906320773698,0.9820235040316707,0.0307805126859826,0.9768408458505515,-0.011766714649620357,1.020074806038976,1491978.0,0.9982403412801216,True
Kerala,1652509,1614277,1005350,967118,-0.023407560604045457,1.0395318875256174,0.011179076996850452,0.9981187846590227,0.00725596931381882,0.994746422218392,-0.038630581947552506,1.0526367775956462,1262986.0,0.7642838858971419,True
Madhya Pradesh,1354602,1455435,1207541,1308374,0.07179714076508437,0.9229325865539976,0.003422523357384139,1.0337003928742703,0.006514595249424953,1.020152040737316,-0.05568169653739482,1.0869310673864716,1333519.0,0.9844360188453878,True
Tamil Nadu,1084286,1137684,849240,902638,0.048072911146471116,0.940842286719593,0.0036585672437616204,1.0073738508983348,0.01148105657396185,0.9985008551145227,-0.0407173837109937,1.0551990459274678,1040168.0,0.9593114731722073,True
Odisha,1319031,1433522,296535,411026,0.083236977163671,0.7214507111472267,0.12188914425968334,0.6389968978756038,0.091783574916777,0.6105745565882329,0.09576025132847606,0.6158975466090411,868035.0,0.6580853672127494,True
Bihar,2502204,2714344,405347,617487,0.0813783600716586,0.6564462085841484,0.09812810671096964,0.7198894328493858,0.05780020578798027,0.7438967609824924,0.1009428323974031,0.6871791714451531,1739118.0,0.6950344576221603,True
Punjab,602014,642327,670175,710488,0.06481681895945257,0.9432601254349123,0.02756639824407916,0.9883067022683963,0.03742228043562472,0.9688138858337959,0.019709367796168574,1.0043039045196718,577986.0,0.9600873069397057,True
Haryana,728097,853375,614384,739662,0.15876479465941137,0.8306280436199237,0.039021580824658286,0.9690062496122478,0.06102140767764673,0.9554208367607012,0.04217112527245681,0.983402631891396,686164.0,0.9424073990141424,True
Chandigarh,56357,62955,146256,152854,0.11071372908050686,0.9568346265063394,0.03691002633870577,0.9731609463901788,0.06005747324452852,0.9642441026372103,-0.018802585987636223,1.0324732611093026,40351.0,0.7159891406568838,True
Rajasthan,1732308,1769823,1508232,1545747,0.02142491815557383,0.9757301809416418,0.02294646914190254,0.9778494729378716,0.013347585439281199,0.9687862443509879,-0.010206519559136958,1.0150671789516783,1420492.0,0.8199996767318514,True
Sikkim,1208,1142,1906,1840,-0.056184988278804734,1.0358695652173913,-0.054868142474604115,1.0589124776710546,-0.015317842883434418,0.8356808500507134,-0.2554093307942768,1.1413781610460367,1265.0,1.0471854304635762,True
Uttarakhand,232338,195281,341452,304395,-0.17375366105020237,1.1217398446097997,0.10522676299938262,0.8143698454675389,0.10143291951193346,0.8133483769044224,0.18182319269500613,0.7642464503030248,223985.0,0.9640480679010751,True
