subset,target,forecaster,states,mae,bias,mae_bias_removed,spearman_vs_actual,error_reduction_vs_drift,error_reduction_lo,error_reduction_hi
all_graded,growth,model,27,0.07692040777013653,0.004218950153679967,0.07936653217871062,0.4438339438339438,0.2957220103092336,0.11260801402801177,0.5251867803576877
all_graded,growth,linear,27,0.07692107658055963,0.009616385924920453,0.08113279220279608,0.3772893772893773,0.29571588672676796,0.0943742147414047,0.5238852407124123
all_graded,growth,drift,27,0.10921881543381849,-0.03320273351180986,0.08799411909650676,0.43833943833943834,,,
all_graded,cr,model,27,0.08801557434297005,0.027372587366650682,0.07478809022843658,0.5012210012210012,0.24223669884750043,0.12697550615907,0.36079200154496066
all_graded,cr,linear,27,0.09883291916971386,0.0020597027753579823,0.09799378100197544,0.15384615384615385,0.1491056025976808,-0.061433043351058994,0.3439912427783238
all_graded,cr,drift,27,0.11615180388005747,0.05847619616666328,0.08287161572533942,0.531135531135531,,,
excluding_official_jumps,growth,model,25,0.042971865037956476,-0.0355457091878166,0.03410377341778086,0.536923076923077,0.4504254371916194,0.2887940675435923,0.6044413236482822
excluding_official_jumps,growth,linear,25,0.041241791126468835,-0.03144727478162147,0.0313656156917686,0.5507692307692308,0.4725516496027441,0.33958453345670503,0.5800396799240001
excluding_official_jumps,growth,drift,25,0.07819114629026129,-0.07562412657101732,0.0428540141557985,0.5438461538461539,,,
excluding_official_jumps,cr,model,25,0.0672642839687239,0.057354930677666484,0.04644870709315219,0.5838461538461539,0.31726113619728713,0.22743328810789032,0.412531836455564
excluding_official_jumps,cr,linear,25,0.074177882775435,0.03478614892524259,0.06333740260059693,0.22076923076923075,0.24708745239985785,0.048360337354451256,0.40947631991841377
excluding_official_jumps,cr,drift,25,0.09852124660675664,0.09007699344370178,0.05525479361414191,0.6215384615384615,,,
