state,pending_2025,q50,q10,q90
Andaman & Nicobar,8329,8323,7277,9136
Andhra Pradesh + Telangana,1891797,1964841,1717871,2156806
Arunachal Pradesh,10665,10117,8845,11105
Assam,564945,589689,515568,647301
Bihar,3700012,3803427,3325356,4175020
Chandigarh,100498,104156,91064,114332
Chhattisgarh,452049,467762,408967,513463
Dadra & Nagar Haveli + Daman & Diu,8346,8802,7696,9662
Delhi,1587493,1638086,1432188,1798127
Goa,61285,63147,55209,69316
Gujarat,1590844,1580938,1382223,1735395
Haryana,1521463,1557862,1362047,1710065
Himachal Pradesh,590988,615952,538530,676130
Jammu & Kashmir + Ladakh,347368,370534,323960,406735
Jharkhand,564410,584770,511267,641902
Karnataka,2237391,2338776,2044805,2567274
Kerala,1788680,1783617,1559426,1957876
Lakshadweep,539,547,478,601
Madhya Pradesh,2098396,2155284,1884377,2365855
Maharashtra,5926999,6207236,5427020,6813681
Manipur,13931,15628,13664,17155
Meghalaya,16343,16726,14623,18360
Mizoram,6875,7172,6270,7872
Nagaland,3856,3801,3323,4172
Odisha,1793888,1812493,1584673,1989573
Puducherry,36495,37830,33075,41526
Punjab,914711,922374,806436,1012489
Rajasthan,2542253,2634452,2303315,2891837
Sikkim,1962,2051,1793,2252
Tamil Nadu,1735167,1829322,1599386,2008046
Tripura,58295,63289,55334,69472
Uttar Pradesh,11345328,11642060,10178716,12779485
Uttarakhand,300614,302235,264246,331763
West Bengal,3835113,4186637,3660400,4595670
