target,method,mae,mae_case_weighted,national_error
2017,zero,0.08665601388409587,0.0858541657436277,-0.015715235309196468
2017,own_last,0.10994853436192145,0.06000637197458509,0.027577927161665558
2017,own_mean3,0.1163610742645133,0.0627638749124732,0.01952226854504692
2017,national,0.08488452725031836,0.07052708376387365,0.022993365557356198
2017,blend,0.09457368842973275,0.06583205704374162,0.021009079856382194
2018,zero,0.09007884123334167,0.0720462251978185,-0.04692149503110643
2018,own_last,0.07550641226831623,0.04752261507306504,-0.020984110128920513
2018,own_mean3,0.08030737363906529,0.03667872291515665,-0.014663711283236576
2018,national,0.08336201941889358,0.06127029471014506,-0.031206259721909962
2018,blend,0.07365360106387303,0.044541712777827876,-0.023260664893425903
2019,zero,0.10375504413185703,0.07813153572869304,-0.07126969018742055
2019,own_last,0.09130630260805442,0.04891198479369266,-0.019800008106688742
2019,own_mean3,0.09266446028042323,0.057428287020537344,-0.029057372617707834
2019,national,0.08225752774655232,0.04287873046619136,-0.024348195156314117
2019,blend,0.08417107067539517,0.049828847020106586,-0.027164016786623432
2023,zero,0.13222415186964045,0.08778263962937324,-0.05014387729111519
2023,own_last,0.13282076874133183,0.054457878098503255,-0.005739068012420211
2023,own_mean3,0.12771697333472454,0.06994901660345836,0.045804718292793825
2023,national,0.11923804176814616,0.06255789924611985,-0.00785638491032073
2023,blend,0.11757852583188703,0.054845551532154056,0.018852631353414376
2024,zero,0.059819839460136845,0.03914895394865747,-0.026453830829934955
2024,own_last,0.15259349182108217,0.07010016608957677,0.030294524785472825
2024,own_mean3,0.0818780532616375,0.05284478110784159,0.04004353620652017
2024,national,0.07119245017731837,0.04436264060745274,0.023690046461180236
2024,blend,0.07414672590181558,0.04629941584019911,0.03165891504015712
2025,zero,0.07061394523394664,0.047138393198098955,-0.030275160389281824
2025,own_last,0.08685834763625161,0.03886660336385321,-0.0014099366707267802
2025,own_mean3,0.0733173478292685,0.04725659606828599,0.012910015834911394
2025,national,0.05711105089424845,0.04222589105629435,-0.003821329559346869
2025,blend,0.06199215656589632,0.04362322497214052,0.004333741075620269
