outcome,model,feature,coef_per_sd,lo,hi,spearman
civil,structural,log_filings_per_court,-0.0042,-0.0208,0.012,-0.0238
civil,structural,log_filings,-0.0004,-0.0201,0.0192,0.0163
civil,structural,criminal_share,0.0248,0.0117,0.0382,0.2096
civil,structural,judge_tenure_months,-0.0274,-0.0407,-0.0146,-0.2582
civil,with_throughput,log_filings_per_court,-0.0117,-0.0234,0.0001,-0.0238
civil,with_throughput,log_filings,0.0285,0.0158,0.0413,0.0163
civil,with_throughput,criminal_share,0.0179,0.0091,0.0274,0.2096
civil,with_throughput,judge_tenure_months,-0.0153,-0.0239,-0.0068,-0.2582
civil,with_throughput,disposal_ratio,-0.1052,-0.1148,-0.095,-0.6262
criminal,structural,log_filings_per_court,0.0124,-0.0068,0.0331,-0.0545
criminal,structural,log_filings,-0.047,-0.0708,-0.0231,-0.1141
criminal,structural,criminal_share,0.0103,-0.0071,0.0268,0.1027
criminal,structural,judge_tenure_months,-0.0362,-0.0531,-0.0187,-0.1608
criminal,with_throughput,log_filings_per_court,0.002,-0.0109,0.015,-0.0545
criminal,with_throughput,log_filings,-0.0018,-0.0177,0.0127,-0.1141
criminal,with_throughput,criminal_share,-0.0002,-0.0121,0.0111,0.1027
criminal,with_throughput,judge_tenure_months,-0.0167,-0.0268,-0.0073,-0.1608
criminal,with_throughput,disposal_ratio,-0.15,-0.1631,-0.1377,-0.822
