district_id,courts,filed_per_year,log_filings_per_court,log_filings,criminal_share,judge_tenure_months,disposal_ratio,pending_after_3y_civil,pending_after_3y_criminal,median_months_civil,median_months_criminal,state_name,district_name
1001,10.0,7727.25,6.6499,8.9525,0.7419,12.5,0.954,0.3415,0.1673,19.0,11.0,Maharashtra,Nandurbar
1002,7.0,16352.25,7.7562,9.7021,0.7059,2.7267,0.885,0.4126,0.2547,26.0,13.0,Maharashtra,Dhule
1003,21.9375,40403.75,7.5185,10.6067,0.7009,51.9711,0.8624,0.3424,0.2134,20.0,13.0,Maharashtra,Jalgaon
1004,19.0,25417.0,7.1987,10.1432,0.7575,7.1945,0.7849,0.4201,0.2875,26.0,16.0,Maharashtra,Buldhana
1005,10.0,24346.5,7.7976,10.1001,0.7429,8.7385,0.7783,0.3514,0.3174,19.0,19.0,Maharashtra,Akola
1007,17.0,34803.75,7.6243,10.4575,0.6745,5.8147,0.7998,0.3186,0.319,15.0,20.0,Maharashtra,Amravati
1008,10.6458,26443.5,7.8176,10.1828,0.8493,5.4205,0.8451,0.3669,0.1745,23.0,14.0,Maharashtra,Wardha
1009,18.0,77966.5,8.3737,11.264,0.8042,2.546,0.8119,0.5206,0.2185,39.0,5.0,Maharashtra,Nagpur
1010,9.0,9641.0,6.9766,9.1738,0.7767,13.6991,0.9417,0.4577,0.2002,33.0,14.0,Maharashtra,Bhandara
1011,8.0,9093.0,7.0358,9.1153,0.7432,9.4612,0.8024,0.3608,0.2667,23.0,18.0,Maharashtra,Gondia
1012,11.875,7783.5,6.4853,8.9598,0.8566,12.5493,0.9817,0.2279,0.0645,14.0,2.0,Maharashtra,Gadchiroli
1013,17.0,25352.0,7.3074,10.1406,0.7963,9.1984,0.7218,0.4618,0.3011,32.0,18.0,Maharashtra,Chandrapur
1014,22.0,37675.5,7.4457,10.5368,0.8154,9.2313,0.8205,0.437,0.255,29.0,15.0,Maharashtra,Yavatmal
1015,26.0,27495.75,6.9637,10.2218,0.6367,6.9645,0.8048,0.3615,0.3486,20.0,19.0,Maharashtra,Nanded
1017,22.0,25106.75,7.0398,10.1309,0.6449,8.6728,0.8088,0.3584,0.3067,22.0,17.0,Maharashtra,Parbhani
1018,10.0,18322.25,7.5133,9.8159,0.6974,8.1965,0.8422,0.4592,0.2996,31.0,16.0,Maharashtra,Jalna
1019,14.0,51881.75,8.2177,10.8567,0.7368,2.8581,0.7908,0.4513,0.253,31.0,8.0,Maharashtra,Aurangabad
1020,23.0208,53446.0,7.75,10.8864,0.7384,3.4494,0.7578,0.484,0.3149,35.0,15.0,Maharashtra,Nashik
1021,26.0,76460.5,7.9864,11.2445,0.7069,4.8292,0.6537,0.5015,0.4185,37.0,23.0,Maharashtra,Thane
1023,16.0,127177.75,8.9808,11.7533,0.841,7.4244,0.7461,0.3056,0.3738,11.0,24.0,Maharashtra,Mumbai CMM Courts
1024,16.0,22335.0,7.2413,10.0139,0.608,14.6682,0.6927,0.482,0.2829,33.0,11.0,Maharashtra,Raigad
1025,25.8542,83572.5,8.081,11.3335,0.6976,11.728,0.7486,0.537,0.3341,42.0,14.0,Maharashtra,Pune
1026,24.9792,55090.25,7.6987,10.9167,0.606,2.0368,0.8296,0.4024,0.307,25.0,18.0,Maharashtra,Ahmednagar
1027,17.0,36245.0,7.6648,10.4981,0.5833,7.6708,0.878,0.2979,0.2342,11.0,12.0,Maharashtra,Beed
1028,16.0,27180.25,7.4377,10.2102,0.4819,6.4717,0.8761,0.2984,0.3153,15.0,19.0,Maharashtra,Latur
1029,14.9167,26611.5,7.4866,10.1891,0.4791,9.724,0.8402,0.3296,0.2759,19.0,16.0,Maharashtra,Osmanabad
1030,20.875,49141.25,7.7639,10.8025,0.6658,6.4717,0.8114,0.3873,0.2698,25.0,14.0,Maharashtra,Solapur
1031,18.0,27060.75,7.3155,10.2058,0.6689,7.1288,0.8735,0.5072,0.2059,37.0,7.0,Maharashtra,Satara
1032,11.0,10306.75,6.8427,9.2406,0.6895,4.9277,0.8622,0.39,0.1442,25.0,7.0,Maharashtra,Ratnagiri
1033,9.7083,6156.25,6.4522,8.7252,0.6687,23.4231,0.9217,0.4829,0.0795,35.0,4.0,Maharashtra,Sindhudurg
1034,20.0,29369.25,7.292,10.2877,0.589,5.6176,0.7872,0.4654,0.3209,32.0,20.0,Maharashtra,Kolhapur
1036,10.0,12511.25,7.1318,9.4344,0.7748,6.5703,0.8462,0.4569,0.2173,32.0,16.0,Maharashtra,Washim
1037,5.0,43878.5,9.0797,10.6892,0.4452,6.751,0.8106,0.3307,0.1292,15.0,3.0,Maharashtra,Mumbai City Civil Court
1038,3.0,6618.75,7.699,8.7977,0.0388,11.7608,0.7411,0.474,0.0222,33.0,6.0,Maharashtra,Mumbai Small Causes Court
1040,45.9375,19180.25,6.0344,9.8616,0.2556,9.8883,0.8398,0.3807,0.5272,25.0,39.0,Maharashtra,Maharashtra Industrial and Lab
1041,19.2083,4862.25,5.5339,8.4893,0.3992,22.3062,0.7781,0.2144,0.3859,10.0,22.0,Maharashtra,Mah State Cooperative Appellat
1042,11.9583,22946.75,7.5595,10.0409,0.0985,15.0296,0.9095,0.1258,0.2109,12.0,20.0,Maharashtra,Maharashtra-Family Courts
1043,4.7292,363.75,4.3427,5.8965,0.0,28.3509,0.6151,0.4627,,31.0,,Maharashtra,Maharashtra-School Tribunals
2002,24.9792,22198.75,6.7897,10.0078,0.5031,11.7608,0.879,0.2973,0.1603,20.0,10.0,Andhra Pradesh,Ananthapur
2003,26.2917,21806.0,6.7207,9.9899,0.4545,12.4179,0.8897,0.3718,0.2462,24.0,18.0,Andhra Pradesh,Chittoor
2004,31.75,28282.75,6.7921,10.25,0.46,11.1859,0.8773,0.2739,0.2101,18.0,13.0,Andhra Pradesh,East Godavari
2005,38.0,32744.0,6.7589,10.3965,0.4835,11.2516,0.9122,0.2614,0.1613,17.0,13.0,Andhra Pradesh,Guntur
2007,23.9792,16425.0,6.5294,9.7066,0.5142,9.4284,0.8469,0.2957,0.1592,18.0,9.0,Andhra Pradesh,Kadapa
2010,24.8958,19904.25,6.684,9.8987,0.4101,3.0223,0.7687,0.3236,0.3081,21.0,21.0,Andhra Pradesh,Kurnool
2011,29.0,32700.25,7.0278,10.3951,0.5366,12.385,0.9723,0.2477,0.2114,17.0,16.0,Andhra Pradesh,Krishna
2015,17.8958,14408.5,6.691,9.5756,0.4988,11.6951,0.8267,0.3922,0.3353,27.0,25.0,Andhra Pradesh,Nellore
2017,20.9375,19219.0,6.8221,9.8637,0.4804,3.548,0.7941,0.3232,0.2469,21.0,15.0,Andhra Pradesh,Prakasham
2019,17.5833,7628.75,6.0727,8.9397,0.5613,5.5848,0.8029,0.3532,0.1951,25.0,13.0,Andhra Pradesh,Srikakulam
2020,26.8958,29285.0,6.9929,10.2848,0.5426,7.4737,0.9105,0.3096,0.2618,20.0,15.0,Andhra Pradesh,Visakapatnam
2021,14.7083,8905.75,6.406,9.0945,0.4973,2.316,0.8102,0.2702,0.207,20.0,15.0,Andhra Pradesh,Vizianagaram
2023,27.9792,21040.0,6.6227,9.9542,0.4846,10.9067,0.8591,0.3566,0.2057,23.0,15.0,Andhra Pradesh,West Godavari
3001,30.9583,68008.75,7.6947,11.1274,0.5739,8.1143,0.9004,0.3004,0.1482,19.0,3.0,Karnataka,BELAGAVI
3002,15.1667,24210.5,7.3754,10.0945,0.5984,4.8949,0.9104,0.2597,0.1047,17.0,1.0,Karnataka,BAGALKOT
3003,13.4583,24713.75,7.5155,10.1151,0.5681,5.8804,0.8627,0.3198,0.1294,20.0,1.0,Karnataka,VIJAYAPURA
3004,18.4375,29359.75,7.373,10.2874,0.6127,8.5414,0.9345,0.2321,0.1185,16.0,1.0,Karnataka,KALABURAGI
3005,11.1667,29839.25,7.8906,10.3036,0.8009,11.1038,0.8755,0.3117,0.1522,21.0,2.0,Karnataka,BIDAR
3006,11.2083,23100.75,7.631,10.0476,0.6623,0.6242,0.8611,0.2706,0.1299,19.0,2.0,Karnataka,RAICHUR
3007,8.8542,14334.75,7.3896,9.5704,0.5819,14.4875,0.8472,0.272,0.1108,17.0,2.0,Karnataka,KOPPAL
3008,11.3958,9640.75,6.7405,9.1738,0.5657,3.6794,0.852,0.2359,0.0799,14.0,1.0,Karnataka,GADAG
3009,19.4167,33298.0,7.4471,10.4133,0.6442,7.3259,0.9411,0.2461,0.0913,15.0,0.0,Karnataka,DHARWAD
3010,19.625,20702.75,6.9612,9.938,0.6617,2.9895,0.9148,0.2535,0.0918,15.0,2.0,Karnataka,UTTARA KANNADA
3011,15.2292,21961.75,7.2738,9.9971,0.5062,11.5966,0.9397,0.2254,0.1121,15.0,1.0,Karnataka,HAVERI
3012,21.0,39004.5,7.5269,10.5714,0.7262,3.5808,0.912,0.238,0.0853,16.0,1.0,Karnataka,BALLARI
3013,12.7708,21368.25,7.4225,9.9697,0.6421,7.5723,0.8932,0.174,0.0792,12.0,2.0,Karnataka,CHITRADURGA
3014,14.9792,25639.25,7.4452,10.1519,0.716,5.9133,0.9406,0.2668,0.0731,17.0,1.0,Karnataka,DAVANGERE
3015,19.9792,39737.25,7.5954,10.59,0.7361,8.9356,0.9109,0.2811,0.1107,18.0,2.0,Karnataka,SHIVAMOGGA
3016,10.3125,24265.0,7.7634,10.0968,0.7398,4.8949,0.9313,0.2523,0.0914,15.0,1.0,Karnataka,UDUPI
3017,14.4167,20353.5,7.2526,9.921,0.6906,4.5664,0.9108,0.2733,0.1045,20.0,1.0,Karnataka,CHIKKAMAGALURU
3018,24.3958,45881.25,7.5394,10.7338,0.6508,10.5782,0.8786,0.3449,0.114,22.0,1.0,Karnataka,TUMAKURU
3019,12.5,21192.25,7.4357,9.9614,0.5315,7.8679,0.9077,0.2946,0.1398,16.0,2.0,Karnataka,KOLAR
3020,17.8542,225802.75,9.4452,12.3274,0.8029,8.9028,0.9374,0.2414,0.113,17.0,3.0,Karnataka,BENGALURU
3021,16.1667,51412.75,8.0647,10.8476,0.6709,11.3995,0.7552,0.5997,0.2282,52.0,2.0,Karnataka,BENGALURU RURAL
3022,18.2917,34374.5,7.5386,10.4451,0.6119,13.0749,0.8762,0.3003,0.1835,18.0,4.0,Karnataka,MANDYA
3023,17.875,52860.75,7.992,10.8754,0.7159,10.3482,0.9406,0.2417,0.1075,16.0,1.0,Karnataka,HASSAN
3024,21.0208,38380.5,7.5098,10.5553,0.7246,4.8784,0.8432,0.2676,0.1496,15.0,3.0,Karnataka,DAKSHINA KANNADA
3025,11.1875,10358.25,6.8307,9.2455,0.7906,3.2852,0.9217,0.2775,0.1054,17.0,2.0,Karnataka,KODAGU
3026,23.25,56375.0,7.7935,10.9398,0.6546,4.6321,0.8181,0.3397,0.1819,22.0,5.0,Karnataka,MYSURU
3027,8.5833,15144.25,7.4756,9.6254,0.7278,6.5867,0.8877,0.3787,0.1446,25.0,3.0,Karnataka,CHAMRAJNAGAR
3028,10.25,16737.75,7.3981,9.7254,0.6052,9.954,0.8138,0.4232,0.2188,29.0,4.0,Karnataka,RAMANAGARAM
3029,11.75,19032.0,7.39,9.8539,0.5269,6.2746,0.812,0.3039,0.1831,16.0,4.0,Karnataka,CHIKKABALLAPUR
3030,7.0625,8743.75,7.1213,9.0761,0.7076,0.3942,0.8648,0.2871,0.113,18.0,2.0,Karnataka,YADGIR.
4001,12.2708,21760.5,7.4806,9.9879,0.7243,8.18,1.0072,0.1259,0.135,9.0,6.0,Kerala,Kasaragod
4002,62.9792,67280.75,6.9738,11.1166,0.6309,7.9172,0.7267,0.2454,0.3257,17.0,18.0,Kerala,Ernakulam
4003,23.4167,43259.0,7.5215,10.675,0.6755,5.9133,0.9121,0.2571,0.17,17.0,5.0,Kerala,Kannur
4004,25.7083,77594.0,8.0124,11.2592,0.4644,11.2024,0.7843,0.2366,0.3222,18.0,15.0,Kerala,Thrissur
4005,37.4583,55415.75,7.2994,10.9226,0.6368,10.9067,0.9488,0.106,0.1019,11.0,6.0,Kerala,Kozhikode
4006,33.0,57877.5,7.4696,10.9661,0.7014,6.0447,0.7833,0.3341,0.1673,23.0,6.0,Kerala,Alappuzha
4007,22.2917,19064.5,6.7514,9.8556,0.7184,8.2786,0.8222,0.2054,0.1893,16.0,11.0,Kerala,Idukki
4008,24.4375,48571.0,7.5947,10.7908,0.6779,10.6439,0.8782,0.2583,0.1813,19.0,7.0,Kerala,Palakkad
4009,37.5625,77873.0,7.6368,11.2628,0.6581,9.8226,0.5575,0.4856,0.4988,35.0,36.0,Kerala,Thiruvananthapuram
4010,27.3542,67177.0,7.8062,11.1151,0.7635,10.4468,0.8093,0.1675,0.122,16.0,5.0,Kerala,Kottayam
4011,23.8958,45052.25,7.5419,10.7156,0.6698,8.6399,0.9349,0.1768,0.1494,14.0,7.0,Kerala,Malappuram
4012,15.0,39175.5,7.8678,10.5758,0.7769,7.4901,0.6266,0.3806,0.4159,24.0,24.0,Kerala,Pathanamthitta
4015,29.9583,77298.5,7.8556,11.2554,0.7506,9.9047,0.7325,0.3139,0.4109,22.0,24.0,Kerala,Kollam
4016,15.0208,16625.25,7.0092,9.7187,0.742,9.5926,1.0093,0.0943,0.0872,10.0,4.0,Kerala,Wayanad
5001,6.9792,9827.25,7.25,9.1929,0.3866,14.6846,0.7732,0.2821,0.2148,16.0,5.0,Himachal Pradesh,Hamirpur
5002,17.0,16801.75,6.896,9.7292,0.4467,26.4126,0.7285,0.356,0.3067,22.0,10.0,Himachal Pradesh,Kangra
5003,7.0,7991.0,7.0402,8.9861,0.5615,24.2444,0.859,0.2182,0.1697,13.0,4.0,Himachal Pradesh,Sirmaur
5004,5.0,14807.5,7.9935,9.6029,0.56,9.4612,0.8655,0.3142,0.1606,17.0,0.0,Himachal Pradesh,Una
5005,12.0,15314.5,7.1516,9.6366,0.6176,21.7148,0.7775,0.2735,0.1746,17.0,3.0,Himachal Pradesh,Solan
5006,13.0,14476.75,7.0153,9.5803,0.5542,20.9921,0.8211,0.25,0.2266,14.0,3.0,Himachal Pradesh,Mandi
5007,6.0,8048.0,7.2014,8.9932,0.5002,21.2549,0.8591,0.2635,0.2768,16.0,4.0,Himachal Pradesh,Bilaspur
5008,5.0,7105.25,7.2592,8.8686,0.6443,25.7884,0.929,0.2134,0.1206,11.0,0.0,Himachal Pradesh,Chamba
5009,6.9792,3779.75,6.2945,8.2374,0.5672,14.816,0.8642,0.2394,0.3341,14.0,16.0,Himachal Pradesh,Kinnaur
5010,5.0,10034.0,7.6043,9.2137,0.6864,11.3173,0.8455,0.229,0.1649,12.0,2.0,Himachal Pradesh,Kullu
5011,11.875,8144.25,6.5306,9.0051,0.7095,16.6393,0.5112,0.3537,0.2241,21.0,2.0,Himachal Pradesh,Shimla
6001,10.8542,30623.75,7.945,10.3295,0.6751,11.7444,0.8601,0.2182,0.2918,12.0,14.0,Assam,Kamrup Metro
6002,7.9375,5450.0,6.5318,8.6034,0.7517,15.6866,0.857,0.2118,0.1845,13.0,9.0,Assam,Tinsukia
6003,8.5417,6888.0,6.6926,8.8375,0.8468,12.4179,0.9784,0.248,0.128,17.0,8.0,Assam,Sivasagar
6004,5.0,5256.25,6.9577,8.5672,0.8283,12.2865,0.8135,0.1815,0.1663,12.0,10.0,Assam,Morigaon
6005,4.75,4810.0,6.9203,8.4785,0.8648,18.7254,0.8458,0.1432,0.1845,12.0,11.0,Assam,Lakhimpur
6006,7.9583,13409.0,7.4295,9.5037,0.8168,12.1551,0.9297,0.2151,0.1456,14.0,5.0,Assam,Sonitpur
6007,5.7917,9835.75,7.4374,9.1938,0.8312,15.2431,0.871,0.2705,0.1821,19.0,6.0,Assam,Dibrugarh
6008,4.0,4806.75,7.0915,8.4778,0.7368,18.0355,0.8167,0.2579,0.2906,18.0,17.0,Assam,Darrang
6009,7.7708,1927.5,5.5136,7.564,0.6324,24.8686,0.7445,0.2604,0.2239,17.0,15.0,Assam,Bongaigaon
6010,9.6667,17465.0,7.4993,9.768,0.7928,17.1156,0.8528,0.2256,0.241,15.0,10.0,Assam,Nagaon
6011,7.0208,7058.25,6.9131,8.862,0.8583,14.5861,0.8436,0.2022,0.1268,13.0,6.0,Assam,Jorhat
6012,4.0,5092.0,7.1491,8.5354,0.7331,11.3338,0.8001,0.2407,0.2737,15.0,18.0,Assam,Karimganj
6013,7.2708,8418.25,7.0543,9.0382,0.7688,11.498,0.7202,0.4802,0.3184,34.0,16.0,Assam,Cachar
6015,6.0,6398.25,6.972,8.7638,0.7686,17.0828,0.8724,0.1614,0.0844,13.0,6.0,Assam,Nalbari
6016,9.4792,7441.5,6.6657,8.9148,0.6846,16.0644,0.7196,0.281,0.3981,18.0,22.0,Assam,Dhubri
6017,4.8958,2410.0,6.199,7.7874,0.8912,11.498,0.8275,,0.0718,,5.0,Assam,Dhemaji
6018,4.0,4833.0,7.0969,8.4832,0.7707,16.0808,0.8442,0.3222,0.2539,19.0,10.0,Assam,Goalpara
6019,7.7083,3397.0,6.0883,8.1306,0.883,17.8055,0.8052,0.1959,0.1983,12.0,10.0,Assam,Golaghat
6020,7.9375,7575.0,6.861,8.9326,0.7965,11.6623,0.872,0.2405,0.3061,15.0,18.0,Assam,Barpeta
6021,4.0,4783.0,7.0865,8.4728,0.737,18.7089,0.8174,0.2175,0.2304,16.0,13.0,Assam,Hailakandi
6022,5.0,1824.0,5.8993,7.5088,0.7208,50.8213,0.7541,0.1522,0.2434,12.0,17.0,Assam,Kokrajhar
6023,6.8125,2488.25,5.9006,7.8193,0.7312,19.6124,0.1349,0.5371,0.7268,41.0,66.0,Assam,Kamrup
6024,2.9583,1006.75,5.8299,6.9145,0.8422,21.5342,0.7075,,0.0958,,7.0,Assam,Udalguri
6025,4.375,637.75,4.982,6.4579,0.7977,25.8706,0.076,,0.417,,32.0,Assam,Chirang
6026,2.1875,489.5,5.4106,6.1934,0.9436,8.3114,0.0153,,0.5899,,72.0,Assam,Karbi Anglong
7001,4.9792,6420.25,7.1619,8.7672,0.7696,14.2904,0.7288,0.2982,0.2677,19.0,3.0,Jharkhand,Bokaro
7002,4.0,3896.25,6.8815,8.2678,0.8579,10.7753,0.6982,0.419,0.3965,28.0,13.0,Jharkhand,Dumka
7003,4.8958,5091.0,6.9468,8.5352,0.8464,10.7424,0.8038,0.4499,0.3325,30.0,12.0,Jharkhand,Koderma
7004,4.9375,3362.5,6.5236,8.1204,0.8198,12.0894,0.8778,0.3693,0.2473,26.0,7.0,Jharkhand,West Singhbhum at Chaibasa
7005,4.9583,3207.75,6.4723,8.0733,0.7209,8.0486,0.7395,0.208,0.4342,2.0,29.0,Jharkhand,Gumla
7006,3.9167,3515.75,6.7998,8.165,0.8852,17.8548,0.7121,0.3903,0.4021,25.0,12.0,Jharkhand,Godda
7007,4.9792,9592.75,7.5635,9.1688,0.6508,14.6189,0.8265,0.3886,0.2863,23.0,2.0,Jharkhand,Hazaribagh
7008,4.8958,2402.0,6.1957,7.7841,0.27,12.1222,0.8322,0.2276,0.2324,12.0,8.0,Jharkhand,Lohardaga
7009,5.0,16189.75,8.0827,9.6921,0.7886,12.0894,0.8532,0.367,0.2931,24.0,4.0,Jharkhand,Dhanbad
7010,4.9792,7839.75,7.3617,8.967,0.791,13.8633,0.7178,0.4449,0.4108,30.0,15.0,Jharkhand,Giridih
7011,5.0,12845.5,7.8513,9.4607,0.7218,9.6583,0.7261,0.4523,0.3514,32.0,7.0,Jharkhand,East Singhbhum at Jamshedpur
7012,4.0,3764.5,6.8471,8.2334,0.8919,11.9251,0.7954,0.3155,0.2328,19.0,6.0,Jharkhand,Jamtara
7013,4.0,4293.75,6.9786,8.3649,0.8499,5.0263,0.8401,0.5291,0.2875,40.0,3.0,Jharkhand,Chatra
7014,3.9792,2748.75,6.5378,7.9189,0.8328,11.7937,0.8057,0.2746,0.3591,21.0,13.0,Jharkhand,Pakur
7015,4.4375,5102.75,7.0474,8.5375,0.8633,8.41,0.6223,0.2764,0.3763,2.0,20.0,Jharkhand,Seraikella
7016,4.0,6162.75,7.34,8.7263,0.7894,8.5742,0.6735,0.3919,0.3982,26.0,21.0,Jharkhand,Deoghar
7017,5.0,7896.5,7.3647,8.9742,0.8654,16.5243,0.7391,0.5375,0.3686,41.0,15.0,Jharkhand,Daltonganj
7018,3.5625,1597.0,6.1054,7.3759,0.865,52.9566,0.9598,,0.1567,,7.0,Jharkhand,Simdega
7019,4.9167,2783.0,6.3387,7.9313,0.8658,14.4547,0.7453,0.5136,0.3096,38.0,6.0,Jharkhand,Latehar
7020,4.9792,6362.75,7.153,8.7582,0.877,16.7543,0.6823,0.5603,0.3663,46.0,10.0,Jharkhand,Garhwa
7021,3.9792,3020.25,6.632,8.0131,0.8289,8.4921,0.8388,0.1189,0.2214,8.0,6.0,Jharkhand,Sahibganj
7022,5.0,18751.25,8.2296,9.839,0.5964,8.7714,0.6241,0.3091,0.5306,8.0,42.0,Jharkhand,Ranchi
8001,13.1042,39337.0,8.007,10.5799,0.8506,5.5355,0.5325,0.6725,0.5393,63.0,63.0,Bihar,Patna
8002,3.0,9738.75,8.0853,9.1839,0.5561,5.2891,0.6988,0.3797,0.5851,15.0,49.0,Bihar,Kaimur at Bhabhua
8003,10.125,18047.0,7.4857,9.8007,0.6794,7.7365,0.5299,0.3314,0.7335,4.0,73.0,Bihar,Samastipur
8004,3.7083,14118.0,8.2446,9.5552,0.4403,6.2418,0.8349,0.2625,0.4382,2.0,30.0,Bihar,Saran at Chapra
8005,4.8958,13854.0,7.9479,9.5363,0.7967,19.6452,0.5213,0.4972,0.5223,36.0,41.0,Bihar,Katihar
8006,7.875,16750.0,7.6625,9.7262,0.8358,11.3009,0.7766,0.3833,0.4957,21.0,36.0,Bihar,Begusarai
8007,2.9792,6846.75,7.7399,8.8315,0.2596,13.8305,0.5042,0.5638,0.685,59.0,68.0,Bihar,Banka
8009,5.9167,12147.0,7.6271,9.4048,0.8726,6.9317,0.7985,0.4453,0.529,31.0,41.0,Bihar,Purnea
8010,6.4583,18536.75,7.9621,9.8275,0.8445,16.5243,0.4945,0.6113,0.5711,48.0,57.0,Bihar,Motihari
8011,3.0,7972.75,7.8852,8.9838,0.849,10.9396,0.6299,0.5141,0.5246,39.0,43.0,Bihar,Munger
8012,5.0,7059.5,7.2527,8.8621,0.8114,3.8929,0.5698,0.5273,0.5938,41.0,57.0,Bihar,Madhepura
8013,7.5833,16285.25,7.6721,9.698,0.7477,7.0959,0.5088,0.4755,0.6414,33.0,70.0,Bihar,Rohtas Sasaram
8014,4.2917,5854.0,7.2182,8.6749,0.8794,13.042,0.7337,0.6242,0.5267,50.0,44.0,Bihar,Khagaria
8015,3.0,7125.75,7.7729,8.8715,0.8794,14.4054,0.3712,0.6384,0.6815,71.0,88.0,Bihar,Jamui
8016,4.9583,5941.25,7.0886,8.6897,0.8368,7.6216,0.9094,0.5336,0.3778,40.0,16.0,Bihar,Aurangabad
8017,7.9583,16574.5,7.6414,9.7156,0.806,8.065,0.636,0.4752,0.5407,32.0,44.0,Bihar,Darbhanga
8018,7.5625,14904.0,7.5862,9.6094,0.8809,10.7424,0.6526,0.5925,0.5473,43.0,44.0,Bihar,Madhubani
8019,3.0,4965.25,7.4116,8.5102,0.9092,12.0401,0.5557,0.732,0.5989,89.0,68.0,Bihar,Lakhisarai
8020,3.0,3377.0,7.0261,8.1247,0.9076,9.724,0.5266,0.498,0.5552,36.0,46.0,Bihar,Sheikhpura
8021,3.0,8454.25,7.9438,9.0424,0.8679,12.0565,0.5144,0.6572,0.6399,62.0,97.0,Bihar,Saharsa
8022,4.8958,5889.0,7.0925,8.6808,0.8741,8.9356,0.3655,0.783,0.7105,98.0,90.0,Bihar,Supaul
8023,3.0,16381.25,8.6053,9.7039,0.8252,9.1984,0.651,0.628,0.4827,55.0,32.0,Bihar,Gopalganj
8024,3.0,11161.25,8.2216,9.3202,0.8786,4.7635,0.6342,0.5285,0.5375,41.0,44.0,Bihar,Araria
8025,3.0,4562.25,7.327,8.4256,0.9125,6.4389,0.6486,0.4548,0.4695,30.0,30.0,Bihar,Kishanganj
8026,4.0,9562.75,7.7793,9.1656,0.8064,6.6689,0.6271,0.7329,0.5457,70.0,47.0,Bihar,Buxar
8027,3.0,7019.25,7.7578,8.8564,0.8487,14.6189,0.7254,0.4232,0.3119,30.0,13.0,Bihar,Nawada
8028,4.0,16619.75,8.3321,9.7183,0.8344,21.5177,0.5523,0.4898,0.5974,35.0,92.0,Bihar,Bettiah
8029,3.0,14145.25,8.4585,9.5571,0.7898,26.2812,0.3699,0.6908,0.682,67.0,94.0,Bihar,Siwan
8030,8.0,9699.75,7.1004,9.1799,0.8986,7.2602,0.2519,0.7879,0.8129,,,Bihar,Nalanda
8031,5.8958,11461.5,7.5725,9.3467,0.8722,14.6518,0.5348,0.617,0.5727,52.0,61.0,Bihar,Sitamarhi
8033,5.0,6969.0,7.2398,8.8492,0.781,3.8108,0.0063,0.9746,0.9167,,,Bihar,Bhojpur
8034,8.0,8993.25,7.0248,9.1042,0.6006,11.1859,0.1081,0.8779,0.8635,,,Bihar,Bhagalpur
8035,4.625,8681.0,7.5374,9.0689,0.784,6.2089,0.001,0.984,0.8581,,,Bihar,Gaya
8036,4.9792,3808.75,6.6398,8.2451,0.8783,11.0053,0.0,0.9365,0.8981,,,Bihar,Jehanabad
8037,3.7917,821.75,5.3786,6.7114,0.8712,8.9685,0.0046,,0.9302,,,Bihar,Sheohar
8038,6.8333,11452.5,7.4242,9.346,0.8599,6.866,0.0003,0.9507,0.9314,,,Bihar,Muzaffarpur
8039,4.0,5216.75,7.1733,8.5596,0.7144,7.1781,0.0,0.9606,0.9284,,,Bihar,Vaishali
9001,19.6458,12579.25,6.4619,9.4398,0.7328,10.8903,0.7877,0.3124,0.2621,22.0,7.0,Rajasthan,Rajsamand
9002,43.3958,31035.0,6.5725,10.3429,0.6372,12.9435,0.688,0.4702,0.4441,33.0,29.0,Rajasthan,Alwar
9003,20.3125,12389.0,6.4133,9.4246,0.7615,12.0072,0.7947,0.399,0.3112,27.0,5.0,Rajasthan,Dausa
9004,22.2917,82217.75,8.2129,11.3171,0.6975,12.0894,0.7961,0.373,0.4161,22.0,25.0,Rajasthan,Jaipur Metro I
9005,21.3125,11498.0,6.2906,9.3499,0.7164,10.611,0.8177,0.4632,0.3451,34.0,13.0,Rajasthan,Tonk
9006,19.2708,20547.75,6.9719,9.9305,0.7504,13.0749,0.803,0.514,0.2628,38.0,1.0,Rajasthan,Bikaner
9007,33.4583,25959.75,6.654,10.1643,0.7985,12.7628,0.7945,0.3735,0.3083,25.0,13.0,Rajasthan,Ganganagar
9008,30.0,17021.25,6.341,9.7422,0.7667,10.8081,0.8167,0.467,0.2909,33.0,11.0,Rajasthan,Merta (Nagaur)
9009,34.8333,24947.75,6.574,10.1245,0.7377,14.4547,0.7177,0.3661,0.4457,24.0,29.0,Rajasthan,Udaipur
9010,20.7708,14860.5,6.5729,9.6065,0.7767,8.9356,0.7865,0.4015,0.2442,27.0,5.0,Rajasthan,Bundi
9011,24.8333,19291.75,6.6552,9.8674,0.7516,12.4836,0.8495,0.3684,0.3149,24.0,10.0,Rajasthan,Hanumangarh
9012,19.9583,11627.0,6.3674,9.3611,0.7806,10.7096,0.7291,0.3493,0.3202,23.0,12.0,Rajasthan,Baran
9013,27.0625,15294.25,6.3371,9.6352,0.6685,15.6866,0.769,0.4174,0.3559,28.0,19.0,Rajasthan,Bharatpur
9014,32.9167,42536.75,7.1641,10.6581,0.749,12.9763,0.8389,0.408,0.2513,28.0,4.0,Rajasthan,Ajmer
9018,24.75,14032.0,6.3403,9.5491,0.7623,12.5821,0.7906,0.4128,0.3123,28.0,13.0,Rajasthan,Jhunjhunu
9019,32.8542,17181.5,6.2595,9.7516,0.7837,12.3522,0.758,0.4493,0.3355,32.0,10.0,Rajasthan,Pali
9020,25.5,27089.75,6.9682,10.2069,0.783,12.1551,0.8141,0.4596,0.3188,32.0,9.0,Rajasthan,Kota
9021,14.0208,6578.0,6.1509,8.7915,0.7737,9.2313,0.7373,0.4131,0.3929,30.0,20.0,Rajasthan,Jalore
9022,20.9375,11173.25,6.2797,9.3213,0.8292,12.1222,0.7563,0.4375,0.3558,31.0,15.0,Rajasthan,Jhalawar
9023,11.1875,7246.5,6.4735,8.8883,0.8663,5.2398,0.9108,0.3189,0.2264,22.0,7.0,Rajasthan,Pratapgarh
9024,12.9792,6238.25,6.1751,8.7385,0.8094,12.1222,0.9263,0.2156,0.2086,19.0,6.0,Rajasthan,Dungarpur
9025,14.8125,7530.75,6.2313,8.9267,0.7373,10.3318,0.8776,0.4023,0.2893,27.0,11.0,Rajasthan,Banswara
9026,15.8542,8497.5,6.2841,9.0475,0.7565,11.8265,0.8018,0.4452,0.3276,32.0,12.0,Rajasthan,Sirohi
9027,13.5208,8340.5,6.4246,9.0289,0.7685,11.3338,0.7477,0.4225,0.3802,29.0,16.0,Rajasthan,Balotra Barmer
9028,14.3125,17074.0,7.0842,9.7453,0.6785,11.5309,0.6225,0.5467,0.4526,42.0,28.0,Rajasthan,Jodhpur Metro
9029,14.7292,9498.75,6.4691,9.1589,0.7511,12.0894,0.7461,0.3955,0.3918,26.0,20.0,Rajasthan,Karauli
9030,27.9167,14649.5,6.2629,9.5922,0.7607,12.2536,0.7846,0.447,0.3938,32.0,23.0,Rajasthan,Chittorgarh
9031,28.6667,19139.5,6.5038,9.8595,0.7384,12.615,0.7285,0.5132,0.4016,38.0,23.0,Rajasthan,Bhilwara
9032,8.5,6345.75,6.6155,8.7555,0.8107,7.8844,0.8212,0.3874,0.2487,25.0,1.0,Rajasthan,Jaiselmer
9033,19.8542,11390.25,6.3521,9.3405,0.7,12.1222,0.7774,0.4162,0.3315,26.0,14.0,Rajasthan,Churu
9034,11.1458,5289.75,6.1625,8.5735,0.771,8.0486,0.7008,0.4298,0.4484,29.0,28.0,Rajasthan,Dholpur
9035,24.5417,20748.0,6.7398,9.9402,0.6614,4.5664,0.7622,0.4915,0.3574,36.0,14.0,Rajasthan,Sikar
9036,16.4375,10591.0,6.4682,9.2678,0.7546,10.8574,0.8382,0.4345,0.2573,30.0,6.0,Rajasthan,Sawai Madhopur
9038,22.375,14104.25,6.4463,9.5542,0.5953,9.297,0.7235,0.3968,0.3946,27.0,24.0,Rajasthan,Jaipur District
9039,14.625,7338.25,6.2181,8.9009,0.7803,11.1367,0.7212,0.5574,0.4276,42.0,17.0,Rajasthan,Jodhpur District
10001,16.6458,5233.25,5.7506,8.5628,0.406,11.4816,0.8008,0.4241,0.3229,30.0,15.0,Tamil Nadu,Dharmapuri
10002,11.5208,6502.5,6.3358,8.7799,0.4012,7.0631,0.7354,0.4118,0.3686,29.0,16.0,Tamil Nadu,Pudukkottai
10003,29.7292,31406.75,6.9626,10.3548,0.6374,10.0854,0.871,0.3601,0.2033,24.0,1.0,Tamil Nadu,Tirunelveli
10004,17.8958,17915.75,6.9089,9.7934,0.7012,12.7135,0.9387,0.2888,0.1299,19.0,0.0,Tamil Nadu,Theni
10005,14.1042,12903.0,6.8187,9.4652,0.4424,13.0749,0.8371,0.342,0.2233,22.0,1.0,Tamil Nadu,Namakkal
10006,13.8958,5995.0,6.0671,8.6987,0.5476,24.2116,0.6755,0.3967,0.218,26.0,4.0,Tamil Nadu,Nagapattinam
10007,15.5833,11542.5,6.6076,9.3538,0.5846,12.0237,0.8335,0.3756,0.333,26.0,12.0,Tamil Nadu,Kanniyakumari
10008,17.3958,20823.0,7.0876,9.9438,0.4736,15.5716,0.8413,0.3945,0.1706,28.0,1.0,Tamil Nadu,Tiruchirappalli
10009,15.9792,15023.0,6.8461,9.6173,0.636,6.5046,0.7736,0.2995,0.2822,19.0,3.0,Tamil Nadu,Thoothukudi
10010,30.1042,16741.25,6.321,9.7256,0.3021,9.6912,0.8407,0.3748,0.3395,26.0,18.0,Tamil Nadu,Viluppuram
10011,33.9375,21112.75,6.4331,9.9576,0.4963,19.0703,0.9092,0.3289,0.1391,21.0,0.0,Tamil Nadu,Vellore
10012,26.4583,18387.0,6.5438,9.8194,0.3724,9.3791,0.7691,0.3731,0.2546,27.0,12.0,Tamil Nadu,Salem
10013,17.125,55096.5,8.0763,10.9168,0.3758,6.9645,0.7647,0.2902,0.3779,20.0,12.0,Tamil Nadu,Chennai
10014,19.0208,14919.5,6.6649,9.6104,0.6585,14.2904,0.7864,0.38,0.219,25.0,1.0,Tamil Nadu,Virudhunagar
10015,24.9792,24803.0,6.9007,10.1187,0.5185,12.4507,0.8183,0.3725,0.263,24.0,2.0,Tamil Nadu,Madurai
10016,10.9167,3903.25,5.8793,8.2696,0.6535,17.9041,0.9192,0.248,0.2322,17.0,4.0,Tamil Nadu,The Nilgiris
10017,21.8125,16772.0,6.645,9.7275,0.5174,8.2129,0.8546,0.2674,0.2912,16.0,5.0,Tamil Nadu,Thanjavur
10018,19.8125,23985.25,7.0989,10.0852,0.4432,10.4139,0.7971,0.3829,0.3518,25.0,19.0,Tamil Nadu,Coimbatore
10019,9.0625,6413.75,6.5621,8.7662,0.3614,12.3686,0.6249,0.3249,0.3417,20.0,18.0,Tamil Nadu,Karur
10020,25.0208,18648.25,6.6138,9.8335,0.3413,19.3824,0.767,0.3769,0.3698,27.0,19.0,Tamil Nadu,Cuddalore
10021,14.0833,7573.5,6.2874,8.9324,0.6717,9.067,0.832,0.3574,0.1963,25.0,0.0,Tamil Nadu,Ramanathapuram
10023,3.9375,3817.25,6.8767,8.2473,0.3474,6.9317,0.8116,0.3308,0.2016,22.0,0.0,Tamil Nadu,Perambalur
10024,24.5,14133.0,6.3576,9.5563,0.3622,13.4363,0.8328,0.2595,0.4038,17.0,22.0,Tamil Nadu,Erode
10025,13.2083,8469.75,6.4634,9.0443,0.6326,16.4258,0.9392,0.2217,0.1493,16.0,1.0,Tamil Nadu,Tiruvarur
10026,16.1667,11576.5,6.5738,9.3567,0.5233,11.728,0.7846,0.3532,0.2207,24.0,1.0,Tamil Nadu,Krishnagiri
10027,20.4375,14467.75,6.5623,9.5797,0.5232,12.2865,0.8135,0.4127,0.3101,28.0,2.0,Tamil Nadu,Dindigul
10028,12.9583,11285.5,6.7695,9.3313,0.364,10.9396,0.8242,0.2633,0.5014,15.0,37.0,Tamil Nadu,Puducherry
10029,14.7083,8022.0,6.3015,8.9899,0.6107,11.0053,0.7482,0.3519,0.2923,25.0,3.0,Tamil Nadu,Sivagangai
10030,7.3958,7715.25,6.95,8.951,0.5938,6.2089,0.9372,0.4083,0.1,28.0,2.0,Tamil Nadu,Ariyalur
10031,22.3333,17680.5,6.6741,9.7802,0.4698,12.2208,0.7673,0.4863,0.4148,35.0,22.0,Tamil Nadu,Kancheepuram
10032,29.4167,12448.5,6.0478,9.4294,0.3446,16.6886,0.57,0.4906,0.548,36.0,44.0,Tamil Nadu,Tiruvallur
10033,21.1875,20957.25,6.8968,9.9502,0.4968,15.588,0.8065,0.4389,0.3121,30.0,2.0,Tamil Nadu,Tiruppur
11001,12.7708,17219.0,7.2066,9.7538,0.4258,15.7359,0.6198,0.5046,0.6442,37.0,59.0,Orissa,Cuttack
11002,3.0,4635.5,7.3429,8.4415,0.3784,17.2799,0.6729,0.6031,0.7545,50.0,,Orissa,Kendrapada
11003,4.0208,3528.5,6.7771,8.1686,0.471,15.6373,0.7802,0.3295,0.604,26.0,51.0,Orissa,Nuapada
11004,20.5625,12223.5,6.3876,9.4111,0.6573,16.0644,0.6713,0.4725,0.6256,33.0,62.0,Orissa,Ganjam
11005,9.2083,19662.0,7.6663,9.8864,0.5359,15.7687,0.6166,0.5642,0.6675,43.0,81.0,Orissa,Balasore
11006,8.0,7056.5,6.7823,8.8617,0.5433,18.8568,0.7436,0.4724,0.5283,33.0,41.0,Orissa,Koraput
11007,8.2292,5896.0,6.5743,8.682,0.5249,22.9632,0.7466,0.5218,0.648,39.0,56.0,Orissa,Dhenkanal
11008,9.0417,16532.0,7.5112,9.7131,0.611,15.9987,0.5073,0.74,0.7289,86.0,,Orissa,Khurda
11009,4.0208,3955.75,6.8914,8.2829,0.3593,14.9803,1.0109,0.2403,0.4158,18.0,29.0,Orissa,Gajapati
11010,8.3333,5266.0,6.4488,8.569,0.3199,20.5322,0.6579,0.4354,0.673,29.0,62.0,Orissa,Kalahandi
11011,8.4792,8758.0,6.9401,9.0777,0.5146,13.1735,0.4398,0.5883,0.7739,61.0,77.0,Orissa,Sambalpur
11012,3.9792,4427.75,7.0146,8.3956,0.7381,17.1156,0.3649,0.5481,0.7798,45.0,,Orissa,Jharsuguda
11013,10.125,8042.0,6.6774,8.9924,0.5469,12.8449,0.5995,0.5249,0.7443,40.0,85.0,Orissa,Keonjhar
11014,5.0,7219.5,7.2751,8.8845,0.4297,10.726,0.565,0.5332,0.7654,40.0,82.0,Orissa,Jagatsinghpur
11015,8.0,10608.25,7.1899,9.2694,0.4905,17.0171,0.5907,0.6644,0.6343,64.0,66.0,Orissa,Puri
11016,10.0,12415.25,7.1241,9.4267,0.569,17.0171,0.6016,0.5227,0.778,40.0,,Orissa,Sundargarh
11017,11.7083,6111.5,6.2576,8.7179,0.6178,20.1216,0.525,0.4831,0.6972,35.0,72.0,Orissa,Balangir
11018,4.5625,10795.5,7.769,9.2869,0.5563,10.4961,0.5785,0.661,0.6095,68.0,60.0,Orissa,Bhadrak
11019,5.0,8052.5,7.3843,8.9937,0.3523,14.2247,0.4842,0.596,0.7821,54.0,,Orissa,Jajpur
11020,4.0,3455.25,6.7614,8.1477,0.3641,10.7917,0.682,0.3445,0.6545,18.0,57.0,Orissa,Sonepur
11021,7.875,6500.75,6.716,8.7797,0.3875,23.2917,1.2214,0.4343,0.4838,30.0,34.0,Orissa,Rayagada
11022,6.8542,4466.25,6.4794,8.4043,0.6177,8.1636,0.5885,0.5377,0.6559,41.0,67.0,Orissa,Nayagarh
11023,7.0833,4756.0,6.5094,8.4672,0.4874,21.5834,0.747,0.2902,0.5282,14.0,40.0,Orissa,Kandhamal
11024,3.9792,3159.5,6.6771,8.0582,0.4868,11.9087,0.7164,0.2726,0.5926,9.0,52.0,Orissa,Boudh
11026,10.9583,7073.5,6.47,8.8641,0.5733,15.046,0.5298,0.5634,0.7626,46.0,,Orissa,Mayurbhanj
11027,9.9792,5943.25,6.3895,8.69,0.5175,24.2608,0.6264,0.6845,0.8639,53.0,,Orissa,Anugul
11029,9.7708,6598.25,6.5152,8.7946,0.5913,22.3062,0.586,0.5079,0.7964,37.0,83.0,Orissa,Bargarh
11030,3.0,2483.5,6.7188,7.8174,0.2502,22.7989,0.7799,0.4971,0.4729,36.0,34.0,Orissa,Deogarh
11031,3.0208,1405.5,6.1426,7.2481,0.4275,22.5361,0.5888,0.4153,0.5053,25.0,37.0,Orissa,Malkangiri
12001,8.4375,1973.75,5.455,7.5877,0.5046,25.3942,0.8537,0.315,0.4404,21.0,29.0,Jammu and Kashmir,Kathua
12002,5.8958,2537.75,6.0648,7.839,0.5477,26.5769,0.7925,0.3212,0.2542,21.0,7.0,Jammu and Kashmir,Udhampur
12003,13.9792,2744.25,5.2797,7.9173,0.5532,15.7687,0.4243,0.4209,0.5768,27.0,54.0,Jammu and Kashmir,Baramulla
12004,8.625,8693.75,6.9157,9.0704,0.7373,15.6702,0.8737,0.2832,0.0949,13.0,1.0,Jammu and Kashmir,Anantnag
12005,3.3333,5896.25,7.4781,8.6821,0.3916,54.435,0.509,0.3511,0.4961,21.0,36.0,Jammu and Kashmir,Srinagar
12006,3.8936,1500.25,5.954,7.3134,0.4711,20.3022,0.8014,0.1771,0.3342,8.0,19.0,Jammu and Kashmir,Pulwama
12007,4.6042,1139.25,5.5112,7.0381,0.5285,20.1708,0.6985,0.2503,0.4679,14.0,32.0,Jammu and Kashmir,Ganderbal
12008,8.4583,1735.0,5.3236,7.4588,0.4615,17.0992,0.63,0.3096,0.4852,16.0,34.0,Jammu and Kashmir,Budgam
12009,5.4792,895.25,5.0961,6.7971,0.5566,26.0677,0.5744,0.3143,0.3851,21.0,19.0,Jammu and Kashmir,Reasi
12010,2.9375,1438.75,6.194,7.2715,0.6643,9.8226,0.857,0.2867,0.3919,15.0,18.0,Jammu and Kashmir,Shopian
12011,7.0625,1948.75,5.6201,7.5749,0.5911,15.5716,0.4104,0.3641,0.6152,22.0,67.0,Jammu and Kashmir,Kupwara
12012,5.0417,1111.0,5.3953,7.013,0.4335,15.8016,0.5333,0.2556,0.373,17.0,22.0,Jammu and Kashmir,Poonch
12013,9.5208,1616.25,5.1344,7.3879,0.515,28.1045,0.1916,0.5676,0.6816,48.0,65.0,Jammu and Kashmir,Rajouri
12014,4.0,582.5,4.981,6.3673,0.5555,23.7188,0.5215,0.3099,0.2478,21.0,16.0,Jammu and Kashmir,Ramban
12015,8.6042,1061.25,4.815,6.9672,0.4933,21.1564,0.4784,0.3035,0.3693,17.0,11.0,Jammu and Kashmir,Doda
12018,4.6458,796.75,5.1446,6.6805,0.6359,14.1754,0.3031,0.4583,0.7086,30.0,96.0,Jammu and Kashmir,Bandipora
12019,5.7917,8819.75,7.3283,9.0847,0.3874,18.7254,0.1457,0.6185,0.7455,59.0,82.0,Jammu and Kashmir,Jammu
12020,4.4375,837.5,5.2403,6.7304,0.5916,15.0131,0.6666,0.2947,0.5465,17.0,43.0,Jammu and Kashmir,Kulgam
12021,2.9792,951.75,5.7667,6.8583,0.5376,15.6373,0.0757,0.6578,0.7281,68.0,80.0,Jammu and Kashmir,Samba
12022,3.0,872.0,5.6722,6.7708,0.373,23.7188,0.7778,0.2154,0.2903,13.0,16.0,Jammu and Kashmir,Kishtwar
13001,6.4583,47952.75,8.9126,10.778,0.6834,6.2746,0.6241,0.5743,0.4175,47.0,21.0,Uttar Pradesh,Allahabad
13002,11.6042,33278.0,7.9613,10.4127,0.7605,6.406,0.6816,0.3234,0.3873,21.0,17.0,Uttar Pradesh,Bareilly
13003,7.9375,62669.75,8.974,11.0456,0.7523,4.9934,0.7155,0.4766,0.3208,34.0,5.0,Uttar Pradesh,Gorakhpur
13004,4.9792,20182.5,8.3073,9.9126,0.7164,6.094,0.6177,0.4373,0.4671,30.0,31.0,Uttar Pradesh,Hardoi
13005,5.9583,11121.25,7.5318,9.3166,0.7658,7.9829,0.9179,0.3121,0.1793,20.0,3.0,Uttar Pradesh,Chitrakoot
13006,7.9583,60392.25,8.9344,11.0086,0.8197,5.7162,0.8118,0.328,0.2898,21.0,11.0,Uttar Pradesh,Meerut
13007,5.0,28607.0,8.652,10.2614,0.7518,4.2543,0.7517,0.5076,0.3797,37.0,20.0,Uttar Pradesh,Bahraich
13008,6.75,53117.75,8.9707,10.8803,0.696,6.8331,0.8369,0.3888,0.3612,26.0,17.0,Uttar Pradesh,Ghaziabad
13009,5.8542,23237.0,8.2863,10.0535,0.7175,7.0959,0.753,0.4394,0.3206,30.0,3.0,Uttar Pradesh,Fatehpur
13010,7.5,27830.75,8.219,10.2339,0.6617,9.0506,0.5903,0.5265,0.4517,40.0,29.0,Uttar Pradesh,Lakhimpur
13011,4.9375,7494.5,7.3251,8.9219,0.73,8.8371,0.6835,0.5126,0.5175,38.0,40.0,Uttar Pradesh,Shravasti
13012,4.9792,35291.0,8.8661,10.4714,0.6553,6.7346,0.6622,0.5722,0.3791,48.0,20.0,Uttar Pradesh,Jaunpur
13013,6.875,17636.0,7.8498,9.7777,0.7832,5.8476,0.7413,0.2876,0.3391,18.0,11.0,Uttar Pradesh,Pilibhit
13014,4.9792,15301.5,8.0304,9.6357,0.6586,6.7346,0.5959,0.4844,0.5006,35.0,37.0,Uttar Pradesh,Mainpuri
13015,5.9792,16386.5,7.9159,9.7042,0.711,6.6689,0.6652,0.4843,0.3353,35.0,16.0,Uttar Pradesh,Ambedkar Nagar
13016,7.9375,29246.0,8.2119,10.2835,0.7733,5.0427,0.7254,0.3739,0.3841,24.0,8.0,Uttar Pradesh,Sitapur
13017,5.875,8633.75,7.2927,9.0634,0.6922,8.295,0.5217,0.515,0.5407,38.0,51.0,Uttar Pradesh,Auraiya
13018,7.0,37828.5,8.5949,10.5408,0.4256,6.8824,0.7878,0.3094,0.2124,20.0,1.0,Uttar Pradesh,Budaun
13019,5.9792,36866.5,8.7268,10.5151,0.5257,9.1656,0.6234,0.5128,0.6483,38.0,73.0,Uttar Pradesh,Kanpur Nagar
13020,5.875,66125.5,9.3286,11.0993,0.8818,9.1327,0.796,0.3178,0.2893,21.0,10.0,Uttar Pradesh,Gautam Buddha Nagar
13021,5.0,13460.5,7.8981,9.5075,0.5797,8.4593,0.6153,0.6092,0.6017,51.0,61.0,Uttar Pradesh,Ballia
13022,4.9167,13746.5,7.9359,9.5285,0.7096,6.9481,0.8281,0.4002,0.322,27.0,7.0,Uttar Pradesh,Bhadohi SR Nagar
13023,6.875,10098.0,7.2922,9.2201,0.7844,11.3995,0.6576,0.542,0.4523,41.0,29.0,Uttar Pradesh,Lalitpur
13024,7.9583,55741.0,8.8543,10.9285,0.7002,4.8292,0.6979,0.5388,0.4836,41.0,34.0,Uttar Pradesh,Lucknow
13025,6.8542,34554.5,8.5254,10.4503,0.8139,10.841,0.8357,0.3072,0.2383,18.0,8.0,Uttar Pradesh,Etah
13026,5.9583,28132.0,8.4599,10.2447,0.7843,8.5414,0.6248,0.3241,0.4435,21.0,27.0,Uttar Pradesh,Muzaffarnagar
13027,8.0,36267.25,8.4192,10.4987,0.728,6.866,0.7004,0.466,0.368,32.0,16.0,Uttar Pradesh,Varanasi
13028,6.9792,14991.75,7.6723,9.6153,0.6055,6.9645,0.533,0.585,0.5376,50.0,45.0,Uttar Pradesh,Ghazipur
13029,4.9375,31409.25,8.758,10.3549,0.8205,9.4612,0.6703,0.3949,0.454,27.0,26.0,Uttar Pradesh,Firozabad
13030,7.1458,55208.5,8.9523,10.9189,0.7359,8.8042,0.6856,0.3865,0.4088,24.0,14.0,Uttar Pradesh,Agra
13031,7.9792,33770.75,8.3505,10.4274,0.5165,6.6853,0.836,0.3416,0.3693,5.0,20.0,Uttar Pradesh,Pratapgarh
13033,4.9583,12134.5,7.8027,9.4038,0.6699,6.2746,0.6794,0.4042,0.4905,28.0,35.0,Uttar Pradesh,Etawah
13034,7.0,21685.75,8.0385,9.9844,0.7999,4.9277,0.7365,0.5103,0.4497,38.0,26.0,Uttar Pradesh,Kushinagar
13035,6.0,19985.75,8.111,9.9028,0.8366,8.7385,0.7375,0.2639,0.3167,18.0,16.0,Uttar Pradesh,Jyotiba Phule Nagar
13036,6.9583,27065.75,8.2661,10.206,0.7414,6.0118,0.8529,0.3813,0.2743,23.0,11.0,Uttar Pradesh,Barabanki
13037,5.0,10579.25,7.6572,9.2666,0.7782,6.866,0.6781,0.4645,0.577,31.0,52.0,Uttar Pradesh,Kaushambi
13038,7.0,10725.25,7.3344,9.2804,0.7782,8.1472,0.9281,0.3209,0.2233,20.0,4.0,Uttar Pradesh,Mahoba
13039,7.8958,15499.75,7.5822,9.6486,0.7868,6.0447,0.7968,0.4504,0.2726,31.0,10.0,Uttar Pradesh,Banda
13040,5.0,12792.25,7.8472,9.4566,0.8152,6.6689,0.8054,0.3163,0.372,21.0,20.0,Uttar Pradesh,Kanshi Ram Nagar
13041,5.0,11844.25,7.7702,9.3796,0.6091,4.0736,0.6318,0.6709,0.7681,68.0,86.0,Uttar Pradesh,Deoria
13042,4.9792,13097.0,7.8749,9.4801,0.5906,10.4139,0.732,0.5958,0.2844,54.0,9.0,Uttar Pradesh,Mau
13043,9.8333,45865.0,8.4477,10.7335,0.7804,5.4534,0.8479,0.4124,0.2871,29.0,7.0,Uttar Pradesh,Aligarh
13044,5.0,33221.25,8.8015,10.4109,0.661,7.6544,0.7659,0.5624,0.4238,44.0,27.0,Uttar Pradesh,Azamgarh
13045,4.9792,12190.0,7.8031,9.4084,0.5323,5.7819,0.7077,0.2924,0.4715,15.0,32.0,Uttar Pradesh,Baghpat
13046,5.8958,15961.0,7.9037,9.6779,0.7012,8.6399,0.6341,0.5434,0.4326,43.0,19.0,Uttar Pradesh,Basti
13047,10.875,24686.75,7.7276,10.114,0.7664,10.184,0.6959,0.3412,0.3978,23.0,23.0,Uttar Pradesh,Bijnor
13048,11.7917,34065.0,7.9686,10.436,0.737,4.205,0.7682,0.3747,0.3473,26.0,8.0,Uttar Pradesh,Bulandshahr
13049,5.9583,28167.5,8.4611,10.2459,0.7215,5.6833,0.7388,0.4625,0.3191,31.0,7.0,Uttar Pradesh,Faizabad
13050,5.9375,19988.0,8.1216,9.9029,0.6556,10.5782,0.5194,0.6713,0.5291,66.0,45.0,Uttar Pradesh,Gonda
13051,7.0,28412.75,8.3087,10.2546,0.7381,5.0591,0.7655,0.4202,0.3049,30.0,6.0,Uttar Pradesh,Kanpur Dehat
13052,5.9583,14764.0,7.8152,9.5999,0.7232,2.6938,0.6415,0.4531,0.4953,32.0,35.0,Uttar Pradesh,Maharajganj
13053,7.0,58544.75,9.0316,10.9775,0.8164,9.2641,0.8376,0.3314,0.2076,22.0,7.0,Uttar Pradesh,Mathura
13054,7.8958,45235.0,8.6533,10.7196,0.8071,7.5558,0.8271,0.2473,0.2348,16.0,3.0,Uttar Pradesh,Moradabad
13055,5.0,14773.0,7.9911,9.6006,0.5795,8.5085,0.8425,0.5611,0.257,43.0,6.0,Uttar Pradesh,Raebareli
13056,5.0,30058.0,8.7014,10.3109,0.8746,8.2457,0.9208,0.194,0.2437,14.0,6.0,Uttar Pradesh,Rampur
13057,9.7083,28087.75,7.9701,10.2431,0.7052,9.4284,0.6708,0.2487,0.4364,15.0,28.0,Uttar Pradesh,Saharanpur
13058,7.9375,27682.75,8.157,10.2286,0.8302,6.9317,0.7241,0.3883,0.3662,27.0,12.0,Uttar Pradesh,Shahjahanpur
13059,8.6667,11546.5,7.1947,9.3541,0.835,6.7346,0.7189,0.3493,0.3968,24.0,17.0,Uttar Pradesh,Siddharthnagar
13060,6.9167,17119.75,7.8141,9.748,0.8299,6.5703,0.7526,0.5189,0.3505,39.0,13.0,Uttar Pradesh,Sonbhadra
13061,6.9167,28831.25,8.3353,10.2692,0.6891,5.6833,0.5886,0.6177,0.5057,53.0,38.0,Uttar Pradesh,Sultanpur
13062,6.0,28251.5,8.4571,10.2489,0.6824,8.18,0.7491,0.3794,0.3431,25.0,13.0,Uttar Pradesh,Unnao
13063,7.0,19408.0,7.9275,9.8734,0.5877,7.5066,0.7081,0.539,0.4014,41.0,14.0,Uttar Pradesh,Farrukhabad
13064,6.9583,9588.25,7.2284,9.1683,0.7749,6.406,0.7883,0.4113,0.3013,27.0,10.0,Uttar Pradesh,Hamirpur
13065,7.9375,14048.25,7.4787,9.5503,0.7256,9.3955,0.7953,0.3324,0.3746,22.0,18.0,Uttar Pradesh,Hathras
13066,12.7083,35552.5,7.9365,10.4788,0.7194,8.4921,0.863,0.2381,0.2555,13.0,2.0,Uttar Pradesh,Jhansi
13067,6.0,10890.75,7.5039,9.2957,0.6834,8.5414,0.5997,0.5111,0.4855,38.0,34.0,Uttar Pradesh,Balrampur
13068,5.0,21908.0,8.3852,9.9946,0.7142,6.3732,0.6704,0.4221,0.3856,26.0,20.0,Uttar Pradesh,Mirzapur
13069,6.9167,11639.25,7.4282,9.3621,0.7001,9.3298,0.5348,0.5279,0.5276,39.0,41.0,Uttar Pradesh,Kannauj
13070,8.6875,7585.5,6.7721,8.934,0.6314,8.3114,1.0637,0.3537,0.251,25.0,15.0,Uttar Pradesh,Jalaun
13071,4.8542,9764.25,7.6066,9.1865,0.8187,4.2707,0.6701,0.5517,0.4652,41.0,28.0,Uttar Pradesh,Santkabir Nagar
13073,5.9792,14526.25,7.7954,9.5837,0.8156,9.4612,0.6533,0.3077,0.4637,20.0,25.0,Uttar Pradesh,Hapur
13074,7.8958,6906.25,6.7738,8.8402,0.8563,9.5926,0.5814,0.3426,0.2513,24.0,17.0,Uttar Pradesh,Sambhal at Chandausi
13075,5.8958,1198.5,5.3146,7.0888,0.4017,5.5191,0.0006,0.8412,0.7908,,107.0,Uttar Pradesh,Chandauli
14001,6.9583,40773.25,8.6758,10.6158,0.499,30.1905,0.9621,0.1829,0.035,15.0,2.0,Haryana,Karnal
14002,8.7917,25289.75,7.9644,10.1382,0.3648,24.6058,0.9386,0.1465,0.0691,10.0,3.0,Haryana,Sirsa
14003,5.9792,28320.0,8.463,10.2513,0.2116,28.9586,0.9628,0.1995,0.0384,13.0,1.0,Haryana,Ambala
14004,12.0417,27854.5,7.7464,10.2347,0.1725,18.8568,0.9348,0.2004,0.0325,15.0,1.0,Haryana,Bhiwani
14005,3.0,37813.25,9.4418,10.5404,0.2847,24.2937,0.8552,0.2375,0.0633,13.0,8.0,Haryana,Faridabad
14006,6.9375,47888.5,8.8397,10.7766,0.4564,24.7043,0.858,0.2646,0.1133,17.0,9.0,Haryana,Gurugram
14007,4.9375,38025.25,8.9491,10.546,0.4322,28.3016,0.9865,0.2224,0.0313,17.0,2.0,Haryana,Hisar
14008,5.0,17586.0,8.1654,9.7749,0.3173,19.136,0.9498,0.2265,0.0525,16.0,4.0,Haryana,Jhajjar
14009,6.9167,18117.5,7.8707,9.8046,0.4237,20.565,0.8653,0.218,0.0606,18.0,3.0,Haryana,Jind
14010,7.0,22883.75,8.0923,10.0382,0.3483,24.4087,0.9228,0.1641,0.0905,10.0,9.0,Haryana,Kurukshetra
14011,6.9792,13638.0,7.5777,9.5206,0.2757,20.4665,0.9774,0.2794,0.0784,24.0,4.0,Haryana,Narnaul
14012,4.9792,27308.5,8.6097,10.215,0.3228,20.7293,0.9,0.1719,0.0115,13.0,3.0,Haryana,Rohtak
14013,8.9375,25775.0,7.9669,10.1572,0.16,21.1399,0.8822,0.2389,0.0418,17.0,1.0,Haryana,Sonepat
14014,4.9583,22108.5,8.4026,10.0037,0.2333,19.8259,0.9524,0.1107,0.0987,5.0,4.0,Haryana,Panchkula
14015,6.9375,20867.25,8.009,9.9459,0.3791,15.5059,0.9222,0.1076,0.0499,7.0,1.0,Haryana,Fatehabad
14016,4.9375,15791.25,8.0704,9.6672,0.2883,13.5677,0.9699,0.1527,0.0762,14.0,5.0,Haryana,Kaithal
14017,6.9375,18929.0,7.9115,9.8485,0.1918,12.615,0.9564,0.206,0.0761,16.0,2.0,Haryana,Rewari
14018,5.0,23005.0,8.434,10.0435,0.2751,24.5401,0.9349,0.1817,0.0855,12.0,9.0,Haryana,Panipat
14019,4.9792,10981.5,7.6987,9.304,0.2603,20.9264,0.9542,0.2174,0.0887,19.0,3.0,Haryana,Nuh
14020,4.9583,20768.75,8.3401,9.9412,0.258,33.5742,0.927,0.2715,0.0731,21.0,3.0,Haryana,Yamunanagar
14023,6.8958,13626.0,7.5888,9.5197,0.3032,20.4665,0.89,0.2711,0.0865,23.0,3.0,Haryana,Palwal
15001,11.8333,11310.0,6.8625,9.3334,0.8272,12.4836,0.9139,0.2404,0.1817,15.0,6.0,Uttarakhand,Nainital
15002,9.6875,3392.75,5.8586,8.1294,0.794,22.2405,0.861,0.2081,0.1981,15.0,8.0,Uttarakhand,Pauri Garhwal
15003,7.7083,1971.0,5.544,7.5863,0.8312,18.594,0.9282,0.1114,0.1162,9.0,3.0,Uttarakhand,Tehri Garhwal
15004,13.1667,16844.5,7.1541,9.7318,0.8471,12.615,0.8087,0.3179,0.3116,21.0,16.0,Uttarakhand,Udham Singh Nagar
15005,12.9375,34454.0,7.8873,10.4474,0.8009,11.4652,0.76,0.3016,0.3253,13.0,21.0,Uttarakhand,Dehradun
15006,5.9583,1706.25,5.6573,7.4421,0.7728,24.0145,0.9823,0.1164,0.0498,7.0,3.0,Uttarakhand,Uttarkashi
15007,4.7708,1556.25,5.7875,7.35,0.71,15.6702,1.0218,0.0705,0.03,7.0,2.0,Uttarakhand,Almora
15008,4.5208,789.25,5.1624,6.6711,0.6699,18.8568,1.0234,0.0664,0.0883,9.0,3.0,Uttarakhand,Chamoli
15009,13.3125,23724.0,7.4855,10.0742,0.7678,12.5493,0.8428,0.2561,0.2811,14.0,16.0,Uttarakhand,Haridwar
15013,3.6667,1949.5,6.276,7.5753,0.8835,21.2385,0.984,,0.0226,,1.0,Uttarakhand,Champawat
15014,4.2083,1297.25,5.7309,7.168,0.8285,15.8344,0.9852,,0.0145,,1.0,Uttarakhand,Bageshwar
15015,5.8333,1945.0,5.8094,7.573,0.77,26.3798,0.869,0.1137,0.0555,8.0,2.0,Uttarakhand,Pithoragarh
16001,3.9792,10051.0,7.8344,9.2154,0.6809,7.9829,0.7994,0.3821,0.2541,25.0,1.0,West Bengal,Malda
16002,15.2083,24737.25,7.3942,10.1161,0.5022,14.6518,0.661,0.4926,0.3922,36.0,12.0,West Bengal,Hooghly
16003,4.9792,23899.75,8.4764,10.0816,0.1667,15.7359,0.5396,0.6034,0.1479,48.0,1.0,West Bengal,Calcutta
16004,9.8542,13431.75,7.2175,9.5054,0.6775,20.2201,0.7062,0.4694,0.4356,33.0,15.0,West Bengal,Jalpaiguri
16006,17.4792,9667.0,6.3155,9.1765,0.8328,0.9363,0.7796,0.3538,0.3055,23.0,4.0,West Bengal,Coochbehar
16007,16.5417,17856.5,6.9842,9.7901,0.6359,16.7871,0.5973,0.5637,0.2786,46.0,1.0,West Bengal,Paschim Medinpur
16008,14.2917,8989.5,6.4441,9.1038,0.55,20.5322,0.4744,0.4686,0.5303,33.0,42.0,West Bengal,Birbhum
16009,11.8542,14889.5,7.1357,9.6084,0.4847,20.0723,0.5752,0.4727,0.539,33.0,46.0,West Bengal,Purba Medinipur
16010,7.2292,6791.0,6.8452,8.8234,0.6767,17.247,0.6947,0.51,0.306,38.0,1.0,West Bengal,Purulia
16011,11.8542,28931.75,7.8,10.2727,0.5356,6.6689,0.7835,0.3257,0.329,13.0,1.0,West Bengal,Howrah
16012,16.7917,35336.75,7.6518,10.4727,0.5321,11.958,0.5717,0.5596,0.4076,46.0,13.0,West Bengal,Murshidabad
16013,6.9583,8151.5,7.066,9.006,0.7207,22.9632,0.7622,0.4261,0.2479,29.0,1.0,West Bengal,South Dinajpur
16014,17.7083,35698.5,7.6088,10.4829,0.5461,23.0946,0.5543,0.4952,0.5001,36.0,37.0,West Bengal,North  Twenty Four Parganas
16017,12.7917,6068.75,6.1621,8.7109,0.533,22.5197,0.516,0.5611,0.399,48.0,19.0,West Bengal,Darjeeling
16018,11.8333,12634.25,6.9732,9.4442,0.522,16.9678,0.536,0.4939,0.3702,36.0,12.0,West Bengal,Purba Bardhaman
16019,11.7708,7425.25,6.447,8.9126,0.6141,25.0329,0.5885,0.4686,0.5004,33.0,37.0,West Bengal,Bankura
16020,21.2083,57036.25,7.897,10.9514,0.4833,23.7024,0.5834,0.6191,0.4304,58.0,27.0,West Bengal,South Twenty Four Parganas
16021,7.9375,10938.25,7.2284,9.3,0.7353,14.7832,0.7182,0.4121,0.3049,28.0,3.0,West Bengal,North Dinajpur
16022,21.25,18402.5,6.7639,9.8202,0.6514,18.9553,0.4316,0.4235,0.4926,27.0,34.0,West Bengal,Nadia
17011,8.0,22890.0,7.959,10.0385,0.795,11.958,1.0203,0.4213,0.2121,26.0,7.0,Gujarat,GANDHINAGAR
17013,16.1875,71287.25,8.3902,11.1745,0.639,1.544,0.853,0.4149,0.2175,25.0,6.0,Gujarat,Ahmedabad
17014,16.9792,50618.75,8.0001,10.8321,0.8096,4.5664,1.0711,0.5295,0.3631,40.0,13.0,Gujarat,SURAT
17015,12.2708,34059.25,7.9286,10.4359,0.8242,6.8331,1.0169,0.404,0.19,25.0,8.0,Gujarat,Mahesana
17016,17.1042,41836.25,7.8022,10.6415,0.7521,6.5375,0.921,0.2898,0.1923,13.0,7.0,Gujarat,RAJKOT
17017,14.9583,15023.0,6.9121,9.6173,0.6975,5.1577,0.8811,0.354,0.1807,19.0,5.0,Gujarat,Amreli
17018,11.2292,24388.75,7.6834,10.1019,0.7235,7.9665,1.0332,0.4354,0.166,27.0,6.0,Gujarat,Anand
17019,17.7083,28017.0,7.3665,10.2406,0.7829,11.9908,0.9887,0.3359,0.1948,19.0,7.0,Gujarat,Banaskanth at Palanpur
17020,12.8125,31515.75,7.8078,10.3582,0.7896,6.2418,0.9846,0.3848,0.1031,23.0,2.0,Gujarat,Bharuch
17021,15.4583,35736.0,7.7458,10.4839,0.6808,4.7963,0.8771,0.3341,0.1914,19.0,5.0,Gujarat,Bhavnagar
17022,10.7292,13993.75,7.1734,9.5464,0.7458,5.2234,0.938,0.3815,0.1765,25.0,6.0,Gujarat,Dahod
17023,9.9792,22484.75,7.7201,10.0206,0.7741,4.1393,0.9046,0.3845,0.2164,22.0,9.0,Gujarat,Jamnagar
17024,15.0,18305.75,7.1069,9.815,0.7362,5.7983,0.9973,0.3539,0.1479,19.0,5.0,Gujarat,Junagadh
17025,14.0625,29660.5,7.6541,10.2976,0.7344,11.1038,0.9969,0.323,0.1631,15.0,5.0,Gujarat,Kheda at Nadiad
17026,15.9375,23774.25,7.3077,10.0764,0.7233,10.1018,0.8979,0.4333,0.2253,29.0,7.0,Gujarat,kachchh at Bhuj
17027,11.9792,16557.25,7.2314,9.7146,0.6534,6.8003,0.9808,0.3997,0.2456,24.0,10.0,Gujarat,Panchmahal at Godhra
17028,10.8958,14065.25,7.1631,9.5515,0.798,11.8101,1.0105,0.3073,0.1184,14.0,4.0,Gujarat,Patan
17029,10.8333,18547.25,7.4454,9.8281,0.8133,8.6071,0.9973,0.3201,0.2273,16.0,8.0,Gujarat,Sabarkantha at Himmatnagar
17030,14.9375,15437.25,6.9407,9.6445,0.6733,11.8265,0.9887,0.2843,0.1606,15.0,5.0,Gujarat,Surendranagar
17031,13.4792,57964.5,8.3664,10.9676,0.7513,6.2418,0.8496,0.4517,0.2877,31.0,7.0,Gujarat,Vadodara
17032,11.1458,14286.0,7.156,9.567,0.8919,9.5434,0.9108,0.4391,0.1375,29.0,1.0,Gujarat,Navsari
17033,4.9792,6771.5,7.2152,8.8205,0.7714,6.3075,0.961,0.3052,0.128,20.0,4.0,Gujarat,Narmada
17034,6.0,5311.0,6.7858,8.5775,0.8421,15.8344,1.1967,0.2468,0.1444,13.0,6.0,Gujarat,Tapi
17035,8.0,16514.0,7.6325,9.712,0.8461,12.1058,1.0009,0.5239,0.1948,40.0,6.0,Gujarat,Valsad
17036,5.0,8902.0,7.4846,9.094,0.8406,12.8285,1.0869,0.3692,0.1189,21.0,4.0,Gujarat,Porbandar
17037,8.0,12437.25,7.349,9.4285,0.68,3.6794,0.8391,0.2026,0.2106,11.0,7.0,Gujarat,Gir Somnath at Veraval
17038,7.0833,12442.75,7.4711,9.4289,0.8426,12.8942,0.9302,0.3675,0.1376,21.0,3.0,Gujarat,Aravalli at Modasa
17039,6.1667,9840.25,7.3751,9.1942,0.806,15.9166,0.8783,0.3834,0.173,20.0,3.0,Gujarat,MORBI
17040,6.7917,6993.75,6.9371,8.8528,0.8151,4.5664,0.9583,0.3843,0.1877,26.0,6.0,Gujarat,Devbhumi Dwarka at Khambhaliya
17041,6.9375,9819.25,7.2552,9.1921,0.889,22.2898,1.0019,0.5358,0.0958,43.0,1.0,Gujarat,Chhota Udepur
17042,5.7708,5165.5,6.7969,8.5498,0.7132,14.0933,0.8158,0.3453,0.2256,14.0,12.0,Gujarat,Mahisagar at Lunawada
18001,8.5417,6031.0,6.5597,8.7047,0.8098,25.4763,0.7307,0.2697,0.214,17.0,6.0,Chhattisgarh,Korba
18002,9.6042,21801.5,7.7275,9.9897,0.4816,19.6781,0.8588,0.1699,0.2332,0.0,7.0,Chhattisgarh,Bilaspur
18003,9.5,36845.0,8.2632,10.5145,0.8532,13.7155,0.83,0.3163,0.2131,20.0,0.0,Chhattisgarh,Raipur
18004,4.9792,5274.0,6.9653,8.5705,0.7071,21.5342,0.8872,0.3637,0.367,25.0,20.0,Chhattisgarh,Surguja
18005,6.6875,4959.25,6.6088,8.509,0.7798,18.1505,0.9102,0.3086,0.1018,18.0,1.0,Chhattisgarh,Dhamtari
18006,9.6458,9758.0,6.9193,9.1858,0.7766,25.9198,0.7942,0.3468,0.3205,20.0,10.0,Chhattisgarh,Raigarh
18007,6.0,19413.75,8.082,9.8737,0.8012,17.7891,0.7024,0.3531,0.3505,21.0,12.0,Chhattisgarh,Durg
18009,4.7917,4543.0,6.8545,8.4213,0.8567,18.5775,0.8716,0.1759,0.1453,14.0,3.0,Chhattisgarh,Kawardha
18010,10.8958,11204.75,6.9357,9.3241,0.838,27.0039,0.8575,0.3387,0.2119,22.0,4.0,Chhattisgarh,Rajnandgaon
18011,7.8333,4004.5,6.2368,8.2952,0.7347,23.8502,0.5931,0.3055,0.279,22.0,21.0,Chhattisgarh,Koriya
18012,8.5208,5993.0,6.5558,8.6983,0.8185,12.8778,0.6985,0.3315,0.2396,23.0,12.0,Chhattisgarh,Mahasamund
18013,6.3542,2867.0,6.1119,7.961,0.8083,24.3101,1.0028,0.1869,0.0912,12.0,5.0,Chhattisgarh,Kanker
18015,3.5208,3402.75,6.8736,8.1323,0.7423,13.4691,0.8661,0.1952,0.1711,11.0,7.0,Chhattisgarh,Bastar
18016,7.6458,2301.5,5.7072,7.7413,0.8284,17.0499,0.7341,0.4428,0.1549,30.0,5.0,Chhattisgarh,Jashpur
18017,5.3125,1148.0,5.3757,7.0458,0.8504,15.1117,0.6794,,0.1121,,5.0,Chhattisgarh,Dantewada
18018,13.1667,4707.5,5.8792,8.4569,0.7514,15.0296,0.5522,0.4193,0.3195,26.0,11.0,Chhattisgarh,Janjgir
18019,6.6042,3571.25,6.293,8.1807,0.8444,17.4606,0.8421,0.3311,0.0655,18.0,1.0,Chhattisgarh,Balod
18020,4.6875,2471.75,6.2678,7.8127,0.8338,19.1853,0.5723,0.3209,0.2893,20.0,15.0,Chhattisgarh,Bemetara
18021,4.9375,2679.0,6.2963,7.8932,0.7884,23.7845,0.4013,0.528,0.6369,43.0,59.0,Chhattisgarh,Surajpur
18022,4.75,1193.0,5.5261,7.0842,0.8597,27.1025,0.8141,,0.2015,,11.0,Chhattisgarh,Kondagaon
18023,8.9375,7210.0,6.693,8.8832,0.8544,28.0059,0.7533,0.3617,0.2311,21.0,6.0,Chhattisgarh,Balodabazar
18024,3.375,2860.0,6.7422,7.9586,0.8363,16.6064,0.6744,0.3311,0.2635,23.0,14.0,Chhattisgarh,Mungeli
19001,4.0,1136.5,5.6494,7.0357,0.5666,15.8016,0.518,0.2488,0.2211,15.0,9.0,Mizoram,Aizawl
20001,4.0,4876.5,7.1059,8.4922,0.2409,12.9763,0.9355,0.2978,0.0716,21.0,2.0,Tripura,West Tripura
20002,5.1875,1308.25,5.5302,7.1764,0.4004,17.8712,0.8683,0.1863,0.3747,14.0,24.0,Tripura,North Tripura
20003,5.4792,1303.75,5.472,7.173,0.5705,11.498,0.7904,0.2722,0.3592,21.0,23.0,Tripura,SouthTripura
20005,6.8958,1747.25,5.5349,7.4658,0.4225,21.6163,0.9207,0.1063,0.1441,8.0,10.0,Tripura,Unakoti  Tripura
20006,5.7292,1446.0,5.531,7.2766,0.5334,15.6209,1.1464,0.1355,0.1277,15.0,12.0,Tripura,Gomati District
20009,6.3125,1128.5,5.1861,7.0286,0.7308,15.4074,0.9792,0.375,0.5796,22.0,45.0,Tripura,Sepahijala Tripura
20010,3.5,620.0,5.177,6.4297,0.388,5.8311,0.8214,0.1722,,15.0,,Tripura,Khowai Tripura
21001,5.875,4945.0,6.7354,8.5061,0.5521,13.0585,0.8939,0.199,0.1524,5.0,1.0,Meghalaya,East Khasi Hills
22001,11.0,61685.75,8.6319,11.0298,0.2439,31.3403,0.8834,0.226,0.0789,18.0,1.0,Punjab,Ludhiana
22002,7.0,63269.5,9.1092,11.0552,0.6239,31.3403,0.9796,0.2366,0.0265,17.0,1.0,Punjab,Jalandhar
22003,6.875,11740.5,7.4429,9.3708,0.3316,24.0473,0.9288,0.308,0.0777,20.0,1.0,Punjab,Rupnagar
22004,7.0,12467.75,7.485,9.4309,0.2809,24.7043,0.9189,0.1657,0.1339,7.0,3.0,Punjab,Fatehgarh Sahib
22005,8.9792,37509.0,8.3374,10.5323,0.2566,24.8686,0.9191,0.1763,0.05,11.0,1.0,Punjab,Patiala
22006,7.0,16265.0,7.7509,9.6968,0.3781,31.3403,1.0113,0.168,0.0718,14.0,3.0,Punjab,Ferozepur
22008,7.0,36025.25,8.5461,10.492,0.4201,31.3403,1.01,0.2029,0.0523,16.0,4.0,Punjab,Amritsar
22009,4.9583,8113.75,7.4002,9.0013,0.4282,23.9159,1.0412,0.2352,0.0705,18.0,4.0,Punjab,Faridkot
22010,4.9375,14223.5,7.9658,9.5627,0.3288,20.6143,1.0145,0.2843,0.1143,23.0,7.0,Punjab,Gurdaspur
22011,7.625,17644.25,7.7467,9.7782,0.5651,24.6715,0.9202,0.2468,0.0696,18.0,2.0,Punjab,Kapurthala
22012,6.9375,12384.0,7.4872,9.4242,0.4306,24.0473,1.0012,0.2342,0.0699,19.0,1.0,Punjab,Moga
22013,6.875,10951.75,7.3734,9.3013,0.3571,16.3929,0.9798,0.1445,0.1045,10.0,2.0,Punjab,Mansa
22014,6.9792,9633.75,7.2301,9.173,0.4097,25.4435,0.9727,0.1608,0.077,14.0,8.0,Punjab,Sri Muktsar Sahib
22015,5.0,8367.25,7.4226,9.0321,0.3238,35.2168,1.018,0.215,0.0588,12.0,2.0,Punjab,SBS Nagar
22016,2.9375,7656.5,7.8658,8.9433,0.3837,14.6518,0.9998,0.2336,0.0483,17.0,0.0,Punjab,Barnala
22017,6.9583,32890.75,8.461,10.4009,0.3284,18.9225,0.9657,0.1444,0.0321,11.0,0.0,Punjab,Bathinda
22018,8.875,16850.5,7.5489,9.7321,0.3359,31.3403,0.9456,0.318,0.0775,25.0,3.0,Punjab,Hoshiarpur
22019,10.8958,22111.75,7.6155,10.0039,0.4305,24.885,0.9568,0.2179,0.0629,18.0,3.0,Punjab,Sangrur
22021,3.0,6829.0,7.7303,8.8289,0.3556,31.8331,1.0066,0.2758,0.0979,20.0,7.0,Punjab,Pathankot
22023,6.9792,10208.0,7.288,9.2309,0.4047,29.0736,0.9247,0.2152,0.134,19.0,5.0,Punjab,Tarn Taran
22024,7.0,16153.5,7.744,9.6899,0.3294,31.636,0.9212,0.2452,0.0809,19.0,5.0,Punjab,Mohali
23001,4.0,43330.25,9.2903,10.6766,0.7072,13.8305,0.7738,0.3551,0.3025,22.0,7.0,Madhya Pradesh,Jabalpur
23002,3.0625,12586.5,8.3211,9.4404,0.8176,13.1078,0.8309,0.2554,0.2256,17.0,5.0,Madhya Pradesh,Narsinghpur
23003,6.6875,10377.5,7.3472,9.2474,0.7454,15.6045,0.7995,0.2732,0.2471,18.0,9.0,Madhya Pradesh,Hoshangabad
23004,2.0417,5175.75,7.838,8.5517,0.7058,17.1485,0.9838,0.2025,0.1855,15.0,7.0,Madhya Pradesh,Harda
23005,2.0,4703.25,7.7629,8.456,0.7307,9.2313,0.9046,0.2312,0.253,14.0,8.0,Madhya Pradesh,Umaria
23007,4.0,6962.25,7.462,8.8483,0.7875,18.9553,0.9243,0.1578,0.1489,11.0,4.0,Madhya Pradesh,Panna
23008,2.1042,3528.75,7.4248,8.1687,0.7791,11.0545,0.9207,0.2018,0.1231,15.0,3.0,Madhya Pradesh,Alirajpur
23009,3.8542,5658.5,7.2918,8.6409,0.7112,20.8936,0.8097,0.1521,0.1835,14.0,11.0,Madhya Pradesh,Jhabua
23010,4.0,9662.5,7.7897,9.176,0.786,21.5999,0.8937,0.1333,0.1212,13.0,4.0,Madhya Pradesh,Khandwa
23011,5.0,10999.5,7.6962,9.3056,0.7254,16.0315,0.8104,0.2964,0.3012,17.0,13.0,Madhya Pradesh,Shahdol
23012,2.0,4369.25,7.6892,8.3823,0.7231,11.7937,0.875,0.2061,0.286,13.0,14.0,Madhya Pradesh,Sheopur
23013,3.9792,6746.75,7.4357,8.8168,0.7801,11.5309,0.7992,0.1912,0.2534,12.0,7.0,Madhya Pradesh,Datia
23014,6.9583,13027.25,7.5349,9.4748,0.7563,20.4993,0.7999,0.2166,0.2849,16.0,15.0,Madhya Pradesh,Rajgarh
23015,5.0,15718.5,8.0532,9.6626,0.7364,13.4691,0.7736,0.2436,0.3763,16.0,19.0,Madhya Pradesh,Morena
23016,7.8125,12823.25,7.4033,9.459,0.7423,18.7254,0.9308,0.3678,0.2404,24.0,10.0,Madhya Pradesh,Mandleshwar
23017,4.0,7470.0,7.5324,8.9187,0.7142,13.4363,0.7338,0.3909,0.3242,25.0,16.0,Madhya Pradesh,Neemuch
23018,5.8542,7029.5,7.0907,8.8579,0.7236,15.8016,0.9296,0.2585,0.2099,17.0,5.0,Madhya Pradesh,Barwani
23019,6.0,10924.75,7.507,9.2988,0.6902,21.8791,0.779,0.3094,0.3175,20.0,17.0,Madhya Pradesh,Shajapur
23020,8.0,21855.0,7.9127,9.9922,0.7343,15.0788,0.8903,0.2363,0.1906,17.0,2.0,Madhya Pradesh,Chhindwara
23021,4.9792,8235.5,7.4109,9.0162,0.7253,20.6307,0.7706,0.4527,0.3422,32.0,17.0,Madhya Pradesh,Sidhi
23022,3.0,5369.75,7.4899,8.5885,0.6818,11.9908,0.7877,0.2979,0.2966,20.0,15.0,Madhya Pradesh,Anuppur
23023,6.9792,12723.0,7.5082,9.4512,0.7587,17.0992,0.8524,0.2091,0.2345,13.0,12.0,Madhya Pradesh,Shivpuri
23024,7.9792,10130.25,7.1464,9.2233,0.7728,9.6583,0.7769,0.2464,0.3004,16.0,17.0,Madhya Pradesh,Raisen
23025,5.9792,10634.5,7.4836,9.2719,0.7507,17.3784,0.7976,0.211,0.2669,16.0,13.0,Madhya Pradesh,Sehore
23026,5.0,11309.5,7.724,9.3334,0.7343,17.0992,0.8627,0.2672,0.1726,19.0,3.0,Madhya Pradesh,Balaghat
23027,4.9792,11698.5,7.762,9.3672,0.7997,24.5072,0.8849,0.2058,0.2642,14.0,10.0,Madhya Pradesh,Damoh
23028,6.0,11083.5,7.5215,9.3132,0.7698,19.5138,0.6998,0.2805,0.3016,17.0,13.0,Madhya Pradesh,Vidisha
23029,5.0,12994.0,7.8628,9.4722,0.7052,12.5657,0.824,0.2684,0.2854,18.0,13.0,Madhya Pradesh,Bhind
23030,5.0,10045.5,7.6054,9.2149,0.6779,12.5493,0.7923,0.2784,0.2735,17.0,15.0,Madhya Pradesh,Guna
23031,3.0,10234.25,8.1349,9.2335,0.8071,18.2983,0.7479,0.5184,0.4513,38.0,30.0,Madhya Pradesh,Singrauli
23032,8.0,18685.25,7.756,9.8355,0.6555,26.0841,0.7463,0.364,0.3589,24.0,21.0,Madhya Pradesh,Satna
23033,3.0,12547.5,8.3387,9.4373,0.7835,12.1551,0.8613,0.3882,0.2539,28.0,0.0,Madhya Pradesh,Seoni
23034,3.0,14217.25,8.4636,9.5622,0.7388,13.6005,0.8562,0.2617,0.2202,17.0,3.0,Madhya Pradesh,Katni
23035,5.9583,13135.5,7.6983,9.4831,0.6577,15.933,0.763,0.3227,0.3329,22.0,20.0,Madhya Pradesh,Mandsaur
23036,5.0,13385.0,7.8925,9.5019,0.7796,15.8509,0.8391,0.2324,0.2209,18.0,10.0,Madhya Pradesh,Tikamgarh
23037,5.0,13725.25,7.9176,9.527,0.7177,17.6248,0.9099,0.2179,0.1847,15.0,4.0,Madhya Pradesh,Betul
23038,7.0,16878.75,7.7879,9.7338,0.6863,20.9593,0.9014,0.2404,0.2355,18.0,8.0,Madhya Pradesh,Dhar
23039,6.9792,10140.25,7.2813,9.2243,0.7119,16.8528,0.7813,0.2734,0.3158,17.0,18.0,Madhya Pradesh,Chhatarpur
23040,7.0,19270.5,7.9204,9.8663,0.7937,13.4691,0.8532,0.2168,0.3,17.0,14.0,Madhya Pradesh,Dewas
23041,4.0,7141.75,7.4874,8.8737,0.5801,15.703,1.0028,0.2406,0.0994,18.0,3.0,Madhya Pradesh,Mandla
23042,5.0,13937.0,7.9329,9.5423,0.7156,17.4113,0.7939,0.3505,0.3068,22.0,13.0,Madhya Pradesh,Ratlam
23043,8.0,25506.25,8.0672,10.1467,0.7545,18.4954,0.8745,0.2205,0.2212,13.0,7.0,Madhya Pradesh,Sagar
23044,3.0,34407.75,9.3474,10.446,0.7599,17.6413,0.8228,0.2472,0.2323,14.0,7.0,Madhya Pradesh,Gwalior
23045,7.0,25820.25,8.213,10.1589,0.763,16.7214,0.7538,0.2318,0.3017,14.0,15.0,Madhya Pradesh,Ujjain
23046,5.9792,19238.75,8.0764,9.8647,0.7104,20.023,0.7182,0.4752,0.3782,33.0,20.0,Madhya Pradesh,Rewa
23047,5.0,80306.75,9.6842,11.2936,0.8048,24.3922,0.756,0.3618,0.3055,22.0,12.0,Madhya Pradesh,Indore
23048,3.9167,4895.75,7.1309,8.4961,0.7472,11.1367,0.5983,0.4283,0.5088,30.0,37.0,Madhya Pradesh,Ashoknagr
23049,2.0,4746.75,7.7721,8.4652,0.7327,41.4422,0.8897,0.2768,0.1343,17.0,8.0,Madhya Pradesh,Burhanpur
23050,3.0,48174.0,9.684,10.7826,0.7522,24.0802,0.8897,0.1888,0.1528,12.0,1.0,Madhya Pradesh,Bhopal
24001,2.9167,1272.5,6.0783,7.1487,0.6256,14.5861,0.9841,0.0049,0.0033,1.0,0.0,Sikkim,Namchi
24003,3.7708,737.0,5.2753,6.6026,0.5764,2.9895,0.9637,,0.0006,,0.0,Sikkim,Gyalshing
24004,3.4167,2633.25,6.6473,7.876,0.5985,17.5099,0.9653,0.0266,0.0215,1.0,1.0,Sikkim,Gangtok
25001,4.8958,3427.5,6.5512,8.1396,0.3498,8.7549,0.9739,0.0854,0.0508,1.0,0.0,Manipur,Imphal East
25002,9.0,7316.0,6.7006,8.8978,0.2121,16.82,0.9321,0.1428,0.0356,3.0,0.0,Manipur,Imphal West
25003,2.0,1599.25,6.6841,7.3773,0.3709,23.9816,0.9417,0.0689,0.0481,1.0,0.0,Manipur,Bishnupur
25004,2.6875,1591.0,6.3835,7.3721,0.4121,8.7221,0.8624,0.0683,0.0387,1.0,1.0,Manipur,Thoubal
26001,4.0,9560.0,7.779,9.1653,0.4285,16.6557,0.8701,0.1159,0.3427,8.0,17.0,Delhi,North East
26002,4.0,17825.75,8.4021,9.7884,0.5919,17.6741,0.6442,0.2545,0.4263,14.0,27.0,Delhi,Shahdara
26003,4.0,16212.75,8.3073,9.6936,0.6259,20.3022,0.7691,0.2623,0.3279,13.0,18.0,Delhi,East
26004,4.0,22550.0,8.6372,10.0235,0.4439,8.8206,0.7313,0.1954,0.4512,7.0,28.0,Delhi,North
26005,4.0,26225.0,8.7882,10.1745,0.5096,8.6728,0.6171,0.2163,0.4735,8.0,31.0,Delhi,North West
26006,5.0,32300.0,8.7734,10.3828,0.5726,0.9855,0.8032,0.2544,0.1464,11.0,11.0,Delhi,South West
26007,4.0,27803.0,8.8466,10.2329,0.5558,14.5861,0.6456,0.1633,0.4194,5.0,29.0,Delhi,New Delhi
26008,5.0,41820.75,9.0317,10.6411,0.4138,15.9001,0.7445,0.2375,0.2541,12.0,12.0,Delhi,Central
26009,4.0,27855.0,8.8485,10.2348,0.4768,18.0026,0.6571,0.2597,0.4608,14.0,30.0,Delhi,West
26010,3.9583,21005.25,8.5767,9.9525,0.5342,9.297,0.6125,0.1878,0.2968,6.0,16.0,Delhi,South
26011,4.0,26281.75,8.7903,10.1766,0.4776,4.6485,0.7065,0.1519,0.2993,4.0,18.0,Delhi,South East
27001,3.0,30036.25,9.2115,10.3102,0.2587,30.5519,0.9846,0.1846,0.0881,14.0,10.0,Chandigarh,Chandigarh
29001,22.0208,13397.0,6.4108,9.5028,0.7002,8.3114,0.9441,0.263,0.2235,17.0,11.0,Telangana,Adilabad
29002,20.8125,47226.5,7.7272,10.7627,0.5665,2.9895,0.8465,0.2926,0.2123,21.0,11.0,Telangana,Hyderabad
29003,22.875,16465.0,6.5789,9.709,0.5903,8.8699,0.7308,0.4753,0.4852,34.0,35.0,Telangana,Karimnagar
29004,15.875,19037.25,7.0894,9.8542,0.6258,6.7017,0.8151,0.3151,0.2862,21.0,18.0,Telangana,Khammam
29005,26.5417,18542.75,6.5491,9.8278,0.6435,7.1124,0.7486,0.4261,0.3454,29.0,22.0,Telangana,Mahabubnagar
29006,17.9375,10024.25,6.3259,9.2128,0.6157,8.0158,0.7497,0.4384,0.297,30.0,21.0,Telangana,Medak
29007,23.8958,15662.25,6.4853,9.659,0.5616,9.5926,0.425,0.5107,0.5553,38.0,42.0,Telangana,Nalgonda
29008,17.9375,10001.25,6.3236,9.2105,0.6093,11.5802,0.9526,0.3393,0.2357,25.0,17.0,Telangana,Nizamabad
29009,24.9792,34282.75,7.2244,10.4424,0.5293,16.7214,0.6952,0.4182,0.3042,29.0,19.0,Telangana,Rangareddy
29010,17.7708,18103.25,6.9263,9.8038,0.5232,8.2457,0.8095,0.3885,0.365,27.0,26.0,Telangana,Warangal
30001,8.2917,19112.75,7.7429,9.8581,0.2623,16.3272,0.9111,0.1644,0.1134,10.0,3.0,Goa,North Goa
30002,6.0,15248.0,7.8404,9.6322,0.2653,10.2168,0.9361,0.1036,0.0456,3.0,2.0,Goa,South Goa
