case_type,curve_q
civ_execution,0.975 0.897 0.819 0.746 0.680 0.620 0.565 0.516 0.471 0.431 0.395 0.363 0.332 0.305 0.281 0.258 0.238 0.220 0.203 0.187 0.172 0.158 0.145 0.132 0.121 0.111 0.102 0.093 0.086 0.079 0.072 0.066 0.061 0.056 0.052 0.049 0.044    
civ_family,0.967 0.886 0.751 0.607 0.521 0.450 0.389 0.337 0.293 0.255 0.222 0.193 0.168 0.146 0.128 0.111 0.097 0.086 0.076 0.066 0.058 0.051 0.045 0.040 0.035 0.031 0.028 0.025 0.022 0.020 0.018 0.016 0.015 0.014 0.012 0.011 0.010    
civ_mact,0.916 0.848 0.793 0.729 0.661 0.598 0.539 0.485 0.436 0.393 0.354 0.320 0.288 0.261 0.237 0.214 0.194 0.176 0.159 0.143 0.129 0.116 0.103 0.092 0.082 0.072 0.064 0.056 0.049 0.043 0.037 0.032 0.028 0.024 0.021 0.019 0.017    
civ_misc,0.902 0.745 0.642 0.567 0.512 0.467 0.428 0.393 0.361 0.332 0.306 0.282 0.260 0.240 0.221 0.204 0.189 0.175 0.162 0.150 0.138 0.127 0.117 0.107 0.099 0.091 0.084 0.077 0.070 0.065 0.059 0.055 0.050 0.047 0.044 0.040 0.038    
civ_suit,0.980 0.911 0.851 0.794 0.744 0.700 0.658 0.619 0.583 0.550 0.519 0.490 0.462 0.436 0.412 0.388 0.366 0.345 0.325 0.307 0.288 0.271 0.254 0.239 0.223 0.209 0.196 0.183 0.172 0.161 0.150 0.141 0.132 0.125 0.117 0.111 0.105    
crim_bail,0.402 0.047 0.028 0.021 0.016 0.013 0.012 0.010 0.009 0.007 0.005 0.003 0.002 0.002 0.002 0.001 0.001 0.001 0.001 0.001 0.001 0.001 0.001 0.001 0.001 0.001 0.001 0.001 0.001 0.001 0.001 0.001 0.001 0.001 0.001 0.001 0.001    
crim_magisterial,0.784 0.637 0.573 0.526 0.488 0.455 0.426 0.401 0.377 0.356 0.336 0.318 0.301 0.285 0.270 0.256 0.244 0.232 0.220 0.209 0.198 0.188 0.178 0.169 0.160 0.152 0.144 0.137 0.130 0.124 0.118 0.113 0.108 0.103 0.099 0.095 0.091    
crim_ni138,0.993 0.947 0.877 0.798 0.721 0.651 0.585 0.526 0.473 0.425 0.386 0.351 0.321 0.292 0.267 0.243 0.220 0.198 0.180 0.166 0.153 0.142 0.132 0.124 0.116 0.109 0.103 0.097 0.091 0.086 0.081 0.077 0.073 0.069 0.066 0.063 0.059    
crim_sessions,0.862 0.792 0.735 0.683 0.634 0.588 0.545 0.505 0.469 0.436 0.406 0.378 0.352 0.328 0.306 0.286 0.268 0.251 0.234 0.219 0.204 0.189 0.175 0.163 0.151 0.140 0.129 0.120 0.112 0.104 0.096 0.089 0.083 0.078 0.073 0.068 0.065    
other,0.890 0.763 0.687 0.625 0.573 0.529 0.488 0.452 0.418 0.387 0.358 0.332 0.307 0.284 0.262 0.241 0.221 0.203 0.187 0.171 0.157 0.144 0.133 0.123 0.115 0.106 0.099 0.092 0.086 0.080 0.075 0.070 0.066 0.062 0.058 0.055 0.053    
