case_type,cases,median_months,p90_months,pending_after_1y,pending_after_3y,pending_after_5y,pending_after_3y_lo,pending_after_3y_hi
civ_execution,2647816,23.0,79.0,0.6795555810587516,0.33231164429251975,0.1717699239379096,0.33165328174104813,0.33297000684399136
civ_family,1899815,13.0,48.0,0.5205605832619922,0.16783254488818228,0.05811440467131796,0.1672072145253672,0.16845787525099737
civ_mact,3154486,21.0,67.0,0.6611438685321689,0.28839629774345094,0.1291628317505846,0.28783447899990033,0.28895811648700154
civ_misc,5212749,13.0,72.0,0.5124352319229595,0.2601581042609664,0.138226342052898,0.25973645279288043,0.2605797557290524
civ_suit,8263363,32.0,,0.7443944103646095,0.462066781081867,0.2884354975443833,0.4616884617590223,0.4624451004047117
crim_bail,3650084,0.0,2.0,0.01612971642857691,0.002193900097201552,0.0010664257141681651,0.0021403606664194743,0.0022474395279836294
crim_magisterial,42103604,12.0,102.0,0.48782557684838407,0.3009517148503706,0.19846797464674915,0.3007979576007507,0.3011054720999905
crim_ni138,796459,23.0,80.0,0.7210635655857044,0.3206841137196731,0.15317774337077303,0.3194488160661835,0.32191941137316266
crim_sessions,5822779,22.0,89.0,0.6336697734110697,0.35175191888686363,0.20362325633849,0.3513130931905438,0.35219074458318345
other,7276675,18.0,78.0,0.5732722043804138,0.3070326723353452,0.15719326405744802,0.30665715686961825,0.30740818780107215
