state,pending_2025,change_per_year,change_per_year_pct,status,years_to_clear,extra_disposals_to_stop_growth,extra_disposals_to_clear_in_10y,disposed_2021,clear_in_10y_vs_2021_disposals
Uttar Pradesh,11345328,-49823.0,-0.0043532645858347955,shrinking,227.71266282640548,0.0,1084710.0,3972255.0,0.27307159283580734
Maharashtra,5926999,300088.0,0.05633526775716032,growing,inf,300088.0,892788.0,1388604.0,0.6429392396968466
West Bengal,3835113,419293.0,0.13992632137137426,growing,inf,419293.0,802804.0,476809.0,1.683701440199325
Bihar,3700012,45999.0,0.012749119044438298,growing,inf,45999.0,416000.0,354099.0,1.174812693625229
Rajasthan,2542253,8565.0,0.0033919139780517623,growing,inf,8565.0,262790.0,1192950.0,0.22028584601198709
Karnataka,2237391,124704.0,0.06272890663551951,growing,inf,124704.0,348443.0,1848768.0,0.18847308045141414
Madhya Pradesh,2098396,21388.0,0.010404646773236298,growing,inf,21388.0,231228.0,1122497.0,0.2059943144614195
Andhra Pradesh + Telangana,1891797,38207.0,0.021046247541152474,growing,inf,38207.0,227387.0,612197.0,0.37142782470348595
Odisha,1793888,53030.0,0.03141939310130718,growing,inf,53030.0,232419.0,223485.0,1.0399758373045171
Kerala,1788680,-54394.0,-0.028666871500930977,shrinking,32.883471674525914,0.0,124474.0,816047.0,0.15253288107180102
Tamil Nadu,1735167,113212.0,0.07503691812527506,growing,inf,113212.0,286728.0,646592.0,0.4434450163317826
Gujarat,1590844,17236.0,0.011074801573660779,growing,inf,17236.0,176321.0,1447320.0,0.12182585744686732
Delhi,1587493,178844.0,0.14542415633034803,growing,inf,178844.0,337593.0,353683.0,0.9545072847719568
Haryana,1521463,-1328.0,-0.0008709955528377724,shrinking,1146.1114877589455,0.0,150819.0,558068.0,0.2702520122995764
Punjab,914711,19288.0,0.022015467953532222,growing,inf,19288.0,110760.0,582027.0,0.19030044997912468
Himachal Pradesh,590988,-1444.0,-0.0024306461797516314,shrinking,409.41323172843784,0.0,57655.0,384726.0,0.14985990029267582
Assam,564945,56904.0,0.1261332452597653,growing,inf,56904.0,113398.0,182346.0,0.6218836717010519
Jharkhand,564410,2154.0,0.0038457280995247293,growing,inf,2154.0,58595.0,142674.0,0.41069150651134756
Chhattisgarh,452049,16680.0,0.039839928538673186,growing,inf,16680.0,61885.0,195240.0,0.31696885884040155
Jammu & Kashmir + Ladakh,347368,17819.0,0.057161646296474515,growing,inf,17819.0,52556.0,109071.0,0.48185127119032556
Uttarakhand,300614,-24930.0,-0.0711322380547487,shrinking,12.058323305254714,0.0,5131.0,214860.0,0.02388066648049893
Chandigarh,100498,4710.0,0.05171391554491754,growing,inf,4710.0,14760.0,55242.0,0.267188009123493
Goa,61285,-937.0,-0.014835573710793394,shrinking,65.40554962646745,0.0,5192.0,32953.0,0.15755773374199616
Tripura,58295,6902.0,0.15514722409530232,growing,inf,6902.0,12732.0,55417.0,0.2297489939910136
Puducherry,36495,-491.0,-0.013101368839554928,shrinking,74.32790224032587,0.0,3158.0,14628.0,0.21588733934919332
Meghalaya,16343,138.0,0.008557381130196664,growing,inf,138.0,1772.0,5232.0,0.33868501529051986
Manipur,13931,322.0,0.024273671533945506,growing,inf,322.0,1716.0,1411.0,1.2161587526576896
Arunachal Pradesh,10665,-3.0,-0.000281135788585887,shrinking,3555.0,0.0,1064.0,8156.0,0.1304561059342815
Dadra & Nagar Haveli + Daman & Diu,8346,516.0,0.07054963084495489,growing,inf,516.0,1351.0,3875.0,0.3486451612903226
Andaman & Nicobar,8329,-370.0,-0.040848952590959206,shrinking,22.480431848852902,0.0,462.0,10124.0,0.04563413670485974
Mizoram,6875,1446.0,0.3630429324629676,growing,inf,1446.0,2134.0,11236.0,0.18992524029903882
Nagaland,3856,328.0,0.10231177756950953,growing,inf,328.0,713.0,3921.0,0.18184136699821474
Sikkim,1962,72.0,0.03930731170973062,growing,inf,72.0,268.0,1807.0,0.14831211953514112
Lakshadweep,539,24.0,0.047764227642276426,growing,inf,24.0,77.0,284.0,0.2711267605633803
