district_id,structural_push,transient_push,structural_share_abs,driver_1,driver_1_phi,driver_2,driver_2_phi,driver_3,driver_3_phi
1001,0.0021879876336740353,-0.001026029839156124,0.3617876070159478,growth_12_past,0.014052838907238775,pretrial_share,0.004678438673724203,anchor_growth_12,0.004083790915177319
1002,-0.008245008168692003,0.00026106843216776006,0.2305738844693654,growth_12_past,0.02984356232662534,anchor_growth_12,0.006749426894539995,log_hearing_gap,0.00314941952106187
1004,-0.002161925365685333,-0.0005318039194853963,0.2840255808330933,growth_12_past,0.007037768982712496,log_hearing_gap,0.0038678712231138813,anchor_growth_12,0.0034943485028920297
1005,-0.007985400188267149,-0.00041063295175621797,0.30635293611986086,growth_12_past,0.01835247552095868,anchor_growth_12,0.005234389208192979,log_hearing_gap,0.004272148318835638
1008,0.0037452591352643665,-2.2475281227856673e-05,0.35585757930761847,share_criminal,0.008605678668621497,growth_12_past,0.008321200933881659,log_hearing_gap,0.0034120429806695223
1009,0.0038008963019011605,-0.0005001210718091167,0.2887223959362848,growth_12_past,0.027978214447101486,anchor_growth_12,0.006768015872761032,log_hearing_gap,0.004686525304593239
1010,-0.00749110430693177,0.0004173136608435447,0.230516487582984,growth_12_past,0.03658970834729031,anchor_growth_12,0.007953371468417115,log_hearing_gap,0.0033290108394345395
1011,-0.00652353775268083,0.0008338505137663354,0.3617334700515984,growth_12_past,0.025657221458635762,anchor_growth_12,0.006330123087200258,log_hearing_gap,0.005530242392721348
1012,0.03530902623185922,0.0006309654433629219,0.3294942414122155,growth_12_past,0.03574365980473084,log_pending,0.019483481052798585,pretrial_share,0.014755170886571432
1013,-0.004598261758260022,-0.000504964860074507,0.3526063669740829,growth_12_past,0.020437188488159428,share_criminal,0.007416507950765496,anchor_growth_12,0.005363645880135384
1014,-0.005884766703759881,-0.00039609527072546283,0.306414119130571,growth_12_past,0.021352377101802714,anchor_growth_12,0.006764762230668929,log_hearing_gap,0.0043576124619757045
1015,-0.00625303821447411,-0.0002963243844916851,0.23830738616636338,growth_12_past,0.03546231394975252,anchor_growth_12,0.007659524133010807,log_hearing_gap,0.004123182447569548
1017,-0.016116913676377517,-0.0002913356117588844,0.28162538611288124,growth_12_past,0.03303606087717368,anchor_growth_12,0.007096666743282356,log_hearing_gap,0.00308046239122332
1018,-0.0037292521576333688,-0.0007362277694293635,0.2391645048043262,growth_12_past,0.017814781195788998,anchor_growth_12,0.0057840540006293675,log_hearing_gap,0.004476242362043781
1019,-0.009438618058551585,-0.0004042597245129107,0.2690299374507669,growth_12_past,0.03449361568583838,anchor_growth_12,0.00767568689055254,log_hearing_gap,0.004153054065526509
1020,-0.006764016231417343,0.0003789911048216609,0.25873363218869505,growth_12_past,0.023667032854175832,anchor_growth_12,0.006595714469479373,log_hearing_gap,0.0038312719920095832
1021,-0.0032524298970219704,-0.0006510286194954713,0.26745244341378704,growth_12_past,0.01563853443070697,anchor_growth_12,0.005157120035830579,log_hearing_gap,0.003891265275820253
1023,-0.002549062122042205,-0.0004130002441440608,0.22321322154113674,growth_12_past,0.03963642626778739,anchor_growth_12,0.008284214924495591,log_hearing_gap,0.0033791886172931684
1024,-0.0031214408026041234,-0.0005043059072732971,0.2638261380289809,growth_12_past,0.01872127904793627,anchor_growth_12,0.005219908832771766,log_hearing_gap,0.003446939047403384
1025,-0.005733968877103864,-0.0006149975311404952,0.24087948060186076,growth_12_past,0.018533265890377314,anchor_growth_12,0.005250952272877139,log_hearing_gap,0.003628937599426181
1026,-0.012989367261769583,-0.0003678467899160033,0.28778909305937594,growth_12_past,0.0226928614775012,anchor_growth_12,0.006069704691943794,log_hearing_gap,0.0038159021598627484
1027,-0.006148066177625124,-0.000540459414148429,0.26690801066352715,growth_12_past,0.014893174674725148,anchor_growth_12,0.005642177227482265,log_hearing_gap,0.0036897557149410567
1028,-0.0020621529261340907,-0.0003524928932289957,0.2155268843510906,growth_12_past,0.015009545976963435,anchor_growth_12,0.0057136082644919485,log_hearing_gap,0.0037212101652697852
1029,-0.0169784671165715,-0.000554759236893882,0.2717310294129812,growth_12_past,0.03632125379616409,anchor_growth_12,0.0071818302699273775,log_hearing_gap,0.0030892226907765297
1030,-0.0017637486759466228,-0.0008858920408429282,0.25558460787865045,growth_12_past,0.011898685059185761,log_hearing_gap,0.004335504768123261,anchor_growth_12,0.0037881788702147524
1031,-0.0038371074574992535,0.0002160696818206462,0.24957770262503282,growth_12_past,0.023311013834530304,anchor_growth_12,0.007310439844829703,log_hearing_gap,0.003986065877479772
1032,-0.005602926037310863,-0.0005534688113845675,0.3626352792745206,growth_12_past,0.01751228640517114,anchor_growth_12,0.005420529313783749,pretrial_share,0.004388710808490634
1033,0.010436229191090997,0.0002865699319379602,0.41874161659809506,growth_12_past,0.011856932395809417,pretrial_share,0.008461507270188158,log_hearing_gap,0.007563212646672272
1034,-0.006140384004385401,-0.0005722116211054211,0.24598706518671906,growth_12_past,0.018406259385454038,anchor_growth_12,0.005407044203402761,log_hearing_gap,0.0037857170003967847
1037,-0.01009337376503595,0.00010851185382144159,0.2798347846297056,growth_12_past,0.015106497250476436,anchor_growth_12,0.005162886912438152,log_hearing_gap,0.0034279263057554023
1039,-0.02574214714901372,0.0005675085501124222,0.1603848772993734,growth_12_past,0.10795823427979043,idvr_12,0.043821503413801956,anchor_growth_12,0.029108009731018555
1040,-0.014645757398135688,-0.0006845976657286003,0.18721542865854843,growth_12_past,0.032477642613373776,idvr_12,0.023548791755246608,anchor_growth_12,0.010081691021849566
1041,0.011690572209716716,-0.0007355984702786859,0.2444321281795197,growth_12_past,0.06915127227300741,idvr_12,0.021738047463668166,log_working_judges,0.017108919548729427
1042,0.009954763778974196,0.0011064074797482353,0.2901434271258138,growth_12_past,0.040408995392217525,log_working_judges,0.0089501991169959,anchor_growth_12,0.006814325111238414
1043,0.02251135789224494,-0.0010659004094732778,0.3201106846481127,growth_12_past,0.03981118338459017,log_pending,0.037691441551919655,log_working_judges,0.022143872425679414
2004,-0.01387754640878969,0.0006257298929083723,0.22713337320992139,growth_12_past,0.03417475661196444,anchor_growth_12,0.0069450203965930124,idvr_12,0.004359480872478772
2005,-0.019214902343549466,0.0016583024695481844,0.27883276830001175,growth_12_past,0.031188230698579747,anchor_growth_12,0.006256954583879452,state_loo_vacancy_rate,0.003771919411661149
2007,-0.00836811924422607,0.0006059342942235867,0.32498724130795026,growth_12_past,0.021244417432314002,anchor_growth_12,0.005576970175557453,log_hearing_gap,0.0033053034102218984
2010,-0.016351194182569542,-0.00019743194863527697,0.317306441114977,growth_12_past,0.026213545674544446,anchor_growth_12,0.005289563185560268,log_hearing_gap,0.0030856591317881513
2021,-0.017906877901988107,0.00012325344622864218,0.23791326632966842,growth_12_past,0.03567974371923464,idvr_12,0.02385615237003816,anchor_growth_12,0.007757371039987614
3001,-0.012704631723523435,0.00045323771533544214,0.31292375752280527,growth_12_past,0.020731826316255805,anchor_growth_12,0.005756656545982842,state_loo_vacancy_rate,0.005158858468885445
3002,-0.008188115378112681,0.0009934731834510904,0.29734390419449114,growth_12_past,0.015470492333405273,state_loo_vacancy_rate,0.006169098851101217,anchor_growth_12,0.004841387465786887
3003,-0.015111796959728856,-0.0003729238749885612,0.3251494932545433,growth_12_past,0.01513224264350104,state_loo_vacancy_rate,0.006387886122821915,anchor_growth_12,0.004509747375952221
3005,-0.010811258198755728,0.002037339649999115,0.24260922781767458,growth_12_past,0.03414601567512924,anchor_growth_12,0.0071542827342125324,state_loo_vacancy_rate,0.0034675410461040782
3007,-0.007556480640818788,0.0010165311132312208,0.36247131694111623,state_loo_vacancy_rate,0.008843188153782745,log_hearing_gap,0.00217424893381246,log_working_judges,0.0020285096817787883
3008,-0.008978034369113892,-0.000295968125526273,0.3031440077254138,growth_12_past,0.01944472664371272,anchor_growth_12,0.004890219815582572,state_loo_vacancy_rate,0.004174882860446687
3009,-0.01582992538616132,-0.00036127698749431153,0.2996973114000352,growth_12_past,0.023895557233262508,state_loo_vacancy_rate,0.005357897109325145,anchor_growth_12,0.004975229913295239
3012,-0.012672680485358297,0.0008119768852602718,0.27745690082351837,growth_12_past,0.026269773166018466,anchor_growth_12,0.00554704771991429,state_loo_vacancy_rate,0.004597687067216854
3016,-0.010363372427500711,0.0005293456764578707,0.22356636717955197,growth_12_past,0.014185226101497833,state_loo_vacancy_rate,0.007898256841026725,inflow_trend_growth,0.007871414431738631
3017,-0.018370061344350028,-0.00022762462345339774,0.2850407610503207,growth_12_past,0.03000552317462966,anchor_growth_12,0.005976707777303771,state_loo_vacancy_rate,0.004572723554589471
3018,-0.014185350538924467,-0.00030578029647790637,0.2670266960612333,growth_12_past,0.026651072146277873,anchor_growth_12,0.00541461059949671,state_loo_vacancy_rate,0.004382836255105336
3019,-0.016028105565208693,0.0010995386685772506,0.23723747841226653,growth_12_past,0.033740685283952916,anchor_growth_12,0.0069381755569577685,state_loo_vacancy_rate,0.003985160299384234
3021,-0.011732957321847723,9.946270304963838e-05,0.2921922458859444,growth_12_past,0.015100230435555893,state_loo_vacancy_rate,0.006217011983352989,anchor_growth_12,0.004606028557725364
3022,-0.009184562547175331,0.0011188438635011606,0.26786287299107786,growth_12_past,0.025398056063257752,anchor_growth_12,0.005718032393469379,state_loo_vacancy_rate,0.004422059102911415
3026,-0.018912347485190606,0.0007142097299066463,0.32733017646904317,growth_12_past,0.023472677828499457,anchor_growth_12,0.005129504881143489,state_loo_vacancy_rate,0.005020570336484977
3027,-0.007340994109195302,0.0008651684826055905,0.28711011360196587,growth_12_past,0.016436801452561964,state_loo_vacancy_rate,0.0068662722530640945,anchor_growth_12,0.0048886577704707205
3028,-0.009423412530930722,0.0010254269152290855,0.24665870195923648,growth_12_past,0.024465883590568265,anchor_growth_12,0.005475892523982052,state_loo_vacancy_rate,0.004422798168175301
3029,-0.010202193274660931,0.0008331784514828774,0.3059345639691711,growth_12_past,0.01319836065602083,state_loo_vacancy_rate,0.007993725654617262,anchor_growth_12,0.0029278377506539812
4005,0.002145129285687041,0.0009229257247675927,0.263800236136347,growth_12_past,0.03506666175271045,anchor_growth_12,0.00796689605339478,idvr_12,0.003942465504782133
4008,-0.009427015116218308,0.0078954109090789,0.2603735180706207,growth_12_past,0.03340867102643364,filing_shock_z,0.0076726036831598786,anchor_growth_12,0.007329404130185484
4009,0.006097328958745135,0.0006872842169845367,0.4290307373761864,growth_12_past,0.020351570954752353,share_criminal,0.015302510823330022,anchor_growth_12,0.005820117157530148
4015,0.018514006012345128,-0.0005582502576855427,0.4134330348387259,growth_12_past,0.035847759951954404,share_criminal,0.018401277031188826,pretrial_share,0.00967297880974439
5001,-0.008921504616998217,-0.00035529863043128366,0.2569121674468743,growth_12_past,0.03489833593995829,state_loo_growth_12_past,0.009359621983352483,anchor_growth_12,0.006924098572257239
5002,0.0007150997126317152,1.4988189913161097e-05,0.31725303686805717,growth_12_past,0.017107643886011093,anchor_growth_12,0.006257656142517085,log_hearing_gap,0.003984351284395316
5003,0.004723580558698629,3.2582259318680835e-05,0.3198515420616465,pretrial_share,0.005537877709683948,log_hearing_gap,0.0028435687498213173,log_working_judges,0.0011338497421156304
5004,-0.004089822094513673,-0.0001261464929326463,0.2870481424379916,growth_12_past,0.01280249121756752,log_hearing_gap,0.003138034398635186,anchor_growth_12,0.002925299240490436
5005,0.0027003306303811933,-0.0008928224449752255,0.19782941690249495,growth_12_past,0.061596591368958425,idvr_12,0.03012717091056468,anchor_growth_12,0.017558938389720023
5006,-0.0024680000520068716,0.00106232487132382,0.4369553465570604,log_hearing_gap,0.0033041004396397343,pretrial_share,0.0021228729258843627,disposal_momentum,0.0019472877349628879
5007,0.0007752707389261133,0.0003253828590378061,0.2869169128834704,growth_12_past,0.015865124167568682,anchor_growth_12,0.004184785934229362,log_hearing_gap,0.0034899010936138013
5008,0.004194829572902884,-0.00029249466929893384,0.3188795079868267,pretrial_share,0.004973872082254014,log_hearing_gap,0.002544824787567511,log_working_judges,0.0025213991431940483
5009,0.013095183167796778,-0.0001150539143587513,0.3586714170747168,pretrial_share,0.007062794778853526,log_hearing_gap,0.005288898961295872,log_working_judges,0.0024104271229576065
5010,0.0014987195578067738,-6.222962445804459e-05,0.15600103093517437,log_hearing_gap,0.0030862140829716225,pretrial_share,0.00220139188098163,log_working_judges,0.001382281313629319
5011,-0.004095376377238046,1.6055402281386484e-05,0.17895049041247557,log_hearing_gap,0.0026557966551758365,pretrial_share,0.002208039222148563,age_bowley_skew,0.001301605010624276
6002,-0.004485383823625276,0.004161635532308303,0.18079760046243862,growth_12_past,0.08409010191831322,idvr_12,0.019305803990986407,anchor_growth_12,0.014777286863085897
6003,0.07730279683582332,-0.005466827048666793,0.17555536025775623,growth_12_past,0.24285350980313375,idvr_12,0.0828539951831844,anchor_growth_12,0.06602068154501922
6004,0.009234002266078647,-0.0008604029104241507,0.16320777485741877,state_loo_growth_12_past,0.005144485270312271,pretrial_share,0.003753320933771916,state_loo_vacancy_rate,0.0023351317621725727
6005,0.002852271938996486,0.0034692481504996295,0.3443514419042668,state_loo_vacancy_rate,0.007922193501392715,state_loo_growth_12_past,0.007525176191932209,workload_per_judge,0.005574296892274202
6007,0.009360087230406185,0.0022258800460818345,0.1309796480705732,growth_12_past,0.09042833080524676,idvr_12,0.02581086571281235,anchor_growth_12,0.016525167765087313
6008,-0.0026958134118283427,0.0015156335207971053,0.20338543791602565,growth_12_past,0.050909861487362366,state_loo_growth_12_past,0.021802887902326065,anchor_growth_12,0.011904237650574336
6009,0.007741859326152961,-0.0008372308750068501,0.21863802453435865,log_pending,0.013938410648537968,pretrial_share,0.005528533946302601,state_loo_growth_12_past,0.005127406498459321
6010,-0.006529878883591353,0.001370227430969642,0.20196175285432671,growth_12_past,0.020220768652294042,state_loo_growth_12_past,0.01835426285871785,state_loo_vacancy_rate,0.007441032890042812
6011,0.006688940096809433,-0.0007839048044239915,0.17060148377984602,growth_12_past,0.03834260620033017,state_loo_growth_12_past,0.019501591694781665,anchor_growth_12,0.008801267142734392
6012,0.024117915440919284,0.0038805234458929513,0.2596717660975977,growth_12_past,0.0864633101072717,disposal_momentum,0.03573682112884727,idvr_12,0.02459754825603932
6013,-0.015490912745551635,0.0014378104744332226,0.173584475606653,growth_12_past,0.06341222517014695,idvr_12,0.02360568620544033,state_loo_growth_12_past,0.017443280059687344
6015,0.011801877320083951,-0.0006460746752043145,0.1729996518006047,growth_12_past,0.08595947050874339,idvr_12,0.017822580069905825,anchor_growth_12,0.015040344152850356
6017,0.0799925737247277,0.004609424469406728,0.1653082251920249,growth_12_past,0.25205073875922873,anchor_growth_12,0.06515214343856478,idvr_12,0.05468685131071908
6018,-0.0062751724144478865,-0.0012387580889133133,0.16827996037997955,growth_12_past,0.049403362278018496,state_loo_growth_12_past,0.02397156004204948,idvr_12,0.0192317532486703
6019,0.01634409546721324,0.0005061612345309083,0.17451910222917186,growth_12_past,0.12437637570124967,idvr_12,0.036634949248930515,anchor_growth_12,0.026653512286091616
6021,-0.0031669182493182313,-0.0008193869310401655,0.27575702730233115,growth_12_past,0.023144555998144484,state_loo_growth_12_past,0.014116808461805809,anchor_growth_12,0.007031891753238603
6022,0.02153120059694666,-0.00013333285459036395,0.3222537757321864,growth_12_past,0.03771399612097439,state_loo_growth_12_past,0.015591647533142142,log_pending,0.011299633269126926
6023,0.006320797261438342,0.0019902881864599276,0.2761814593660807,growth_12_past,0.021133254100753434,state_loo_growth_12_past,0.014521045114812671,anchor_growth_12,0.004664049734072898
6024,0.06446030191099676,0.0008973063133733774,0.10446469087423559,growth_12_past,0.3709320711386634,idvr_12,0.12049944515207253,anchor_growth_12,0.1153787346458982
6025,0.02024627834493159,-0.002271421472364171,0.15810208402028117,growth_12_past,0.05248735243161858,state_loo_growth_12_past,0.021299642397827147,log_pending,0.014554895116628776
6026,0.008418686946780989,0.00011414464833379022,0.11991273987912822,log_pending,0.00975483196780834,log_working_judges,0.004885695828573467,state_loo_growth_12_past,0.004231399539926994
6028,0.03881215819373807,-0.002110888008092031,0.20284731234928405,log_pending,0.03252386357850089,disposal_momentum,0.012818133550486485,workload_per_judge,0.01123684171047021
7002,0.0008302718294259112,-0.0008009043081648356,0.24186147317988962,growth_12_past,0.030915774656301957,idvr_12,0.016673571965408036,anchor_growth_12,0.008241522423953205
7003,-0.017724531878876522,-0.0007695312498953407,0.19671138495365276,growth_12_past,0.06912598690977377,idvr_12,0.017934337906304776,anchor_growth_12,0.012324787578238398
7006,0.016341890973231472,-0.0008993908680451402,0.38585017705472746,growth_12_past,0.017348652447872474,log_pending,0.007852410250228339,share_age_gt5y,0.005263645934253317
7008,0.01348955003905118,-0.001120089971371822,0.3385442646400365,growth_12_past,0.03800124317576416,pretrial_share,0.01757497613315388,idvr_12,0.016641334404333068
7010,-0.0005592278214737456,-0.0007090993923868927,0.23522267274912884,growth_12_past,0.03265105518599589,idvr_12,0.021254760422375025,disposal_momentum,0.007516929633591816
7013,0.016113059492063958,-0.0010026978322336439,0.550861314591605,pretrial_share,0.00752031132579542,workload_per_judge,0.00479129185955005,log_hearing_gap,0.004657075534922863
7018,0.03366086040362664,-0.0029772868268832546,0.2943497511683371,growth_12_past,0.07252650110236877,workload_per_judge,0.029009800170752706,idvr_12,0.02497020846846034
7019,-0.0021343012330441932,-0.0012563051400411467,0.2744947310951146,growth_12_past,0.027540289985278164,idvr_12,0.015849993641379307,log_pending,0.012116075212161365
7020,-0.003945864004295505,-0.0008490691733017362,0.24707175932142544,growth_12_past,0.032826712007351336,idvr_12,0.019409056772272303,anchor_growth_12,0.004013794620996345
7021,0.00789486732245876,-0.0012031139994096833,0.29240718937099996,growth_12_past,0.05965275116454282,idvr_12,0.0243021081358329,workload_per_judge,0.01777263383057323
8001,-0.0005021307440549183,-0.00013772096110198595,0.2137929513868202,share_age_gt5y,0.0032403041326484502,pretrial_share,0.0026168220598457278,log_hearing_gap,0.001692207705281927
8002,0.003865522139057428,0.0009572691882553243,0.20875388183716637,growth_12_past,0.010262740908440132,anchor_growth_12,0.003349446315817684,log_hearing_gap,0.0032123933832834298
8003,-0.0066671454503946905,-0.00023300479861384783,0.20124448865606903,growth_12_past,0.04512589724996239,anchor_growth_12,0.009866349039932349,log_hearing_gap,0.004141976918758921
8004,-0.0036721513764908014,0.0013487644095961252,0.21741025601940006,growth_12_past,0.029605169089397053,anchor_growth_12,0.0071809041810639825,log_hearing_gap,0.00309543820634275
8005,0.027160201517886333,-0.000301825127583634,0.2526335028804856,growth_12_past,0.06173530601839121,idvr_12,0.02813955501052146,log_working_judges,0.020981554620983348
8006,0.0029224499262956935,0.0009961641551789132,0.3149420558140164,pretrial_share,0.0048743629576762666,log_hearing_gap,0.002718451535214189,age_bowley_skew,0.0020162640613044275
8007,0.002273738207976728,-1.53308522714742e-05,0.2909904814432791,share_age_gt5y,0.0038268431931263265,log_hearing_gap,0.002530338103276315,pretrial_share,0.0017987451605173195
8009,-0.010739607575294133,-0.00048685969929877706,0.13491351666262366,growth_12_past,0.07888866582244186,idvr_12,0.02593893570439787,anchor_growth_12,0.017473834712384635
8010,0.005440131376185829,-0.00015318081048758343,0.26722636593750054,growth_12_past,0.012401632321123754,log_hearing_gap,0.005734974788319381,anchor_growth_12,0.0036615102014967652
8011,0.0027589730646071986,-0.00031764499497803574,0.30342677065371115,log_hearing_gap,0.0029448241053759935,share_age_gt5y,0.002667666490987778,pretrial_share,0.0022069335881539105
8012,0.005548390322797094,-0.00017494198578064978,0.30776666205439795,share_age_gt5y,0.0038210735196570903,pretrial_share,0.0027933808093714902,log_hearing_gap,0.0022893698438040204
8013,0.0008492421321128973,0.0012232568202439301,0.1980729500395207,growth_12_past,0.014104357152067698,anchor_growth_12,0.006485366527439304,log_hearing_gap,0.004002679743631835
8014,0.009812764651928901,0.0008682457349199808,0.24305605294772034,pretrial_share,0.005148154200392116,log_hearing_gap,0.0024736495449756983,share_age_gt5y,0.002109051165853867
8015,0.010576359801786537,5.735510961340922e-05,0.25029108644407333,growth_12_past,0.017472778255264894,anchor_growth_12,0.007182355841950516,log_hearing_gap,0.004184599024593078
8017,-0.0011084404225449364,-0.0001206082493698109,0.19678553105402832,growth_12_past,0.04713404833202523,anchor_growth_12,0.0105615414375281,log_hearing_gap,0.0041987940006330375
8018,0.0010559295732828697,-9.493264829857536e-06,0.21621697143963248,growth_12_past,0.042558417699568224,anchor_growth_12,0.009580466886049611,pretrial_share,0.003120841706303384
8019,0.00946089497272653,0.00037072495844891627,0.2670684390133269,growth_12_past,0.011125475371399698,share_age_gt5y,0.004466714281426317,anchor_growth_12,0.004070722075561962
8020,0.02666483878060582,0.0015928520761706593,0.370205501713705,growth_12_past,0.026647315655956048,log_pending,0.011552914648703214,anchor_growth_12,0.008533619833618663
8021,0.0018218777082753363,0.0014833235015908849,0.2849094565831293,log_hearing_gap,0.002931809833373081,pretrial_share,0.0024813825944590643,share_age_gt5y,0.0018460470463371387
8022,0.009633300840515663,0.0008300562818357254,0.26298396032538035,growth_12_past,0.020236596485696635,anchor_growth_12,0.007332751798932717,log_hearing_gap,0.00407107443996419
8023,-0.0046665128570093275,0.0005639794129422588,0.2147834170938872,growth_12_past,0.03429704282447161,anchor_growth_12,0.007607556186060303,log_hearing_gap,0.00321894361747049
8024,0.005464061819395499,0.00043762360370495733,0.27101566866313775,growth_12_past,0.008071153077114208,pretrial_share,0.004284764672885,log_hearing_gap,0.003177054579215638
8025,0.005857993217151646,9.114337240098179e-05,0.21699207543061305,growth_12_past,0.03352595797055322,anchor_growth_12,0.007823335727886025,log_hearing_gap,0.002566099015906646
8026,0.0048608249829445995,0.0006833316902285017,0.3124026404816696,share_age_gt5y,0.0035077212743216766,log_hearing_gap,0.0029147138896091036,pretrial_share,0.0023960884456013017
8027,-0.0008166392672445504,-0.0009106316950286184,0.3106412839215886,growth_12_past,0.04015264803438861,anchor_growth_12,0.009278337565074376,age_bowley_skew,0.0032681325001337543
8028,0.0007146209245898396,0.0005774934344683468,0.19170142304236798,share_age_gt5y,0.002977254776012044,pretrial_share,0.0023445658136338923,log_hearing_gap,0.0021153776608987523
8029,0.007467424205917018,0.0011944603686476357,0.2949595224767486,growth_12_past,0.009273429475021477,log_hearing_gap,0.00438321633883894,anchor_growth_12,0.0034846533408914152
8030,0.004692368748133439,0.0009075377613494148,0.26171380047543796,share_age_gt5y,0.0031448689358533973,pretrial_share,0.0027784611869990784,log_working_judges,0.00248127779059124
8031,0.003600888259752059,0.0007078885464595488,0.19751899267295292,pretrial_share,0.003910250118370936,age_bowley_skew,0.0026283440843511336,log_hearing_gap,0.0019257256950226528
8033,-0.0005471850282308859,-0.0003590546055951538,0.19011678876121824,pretrial_share,0.0032925622211945928,share_age_gt5y,0.0026179446806819774,log_hearing_gap,0.0013741134519379636
8034,0.009091787930812365,0.0002585633984159808,0.26443955653567636,pretrial_share,0.00484644315147814,share_age_gt5y,0.0031751539888393927,log_working_judges,0.0024342494801328418
8035,-0.0024055742511737343,-0.0002464999060438529,0.20624134721999246,share_age_gt5y,0.0023529708437956837,pretrial_share,0.0022654005640203685,log_hearing_gap,0.0016450894591501907
8036,0.013967770849437261,0.00024868686301985667,0.24124299743906985,disposal_momentum,0.006040151875015114,share_age_gt5y,0.003700173675658623,pretrial_share,0.002641328754063142
8037,0.021609521522801985,4.35800689881e-06,0.26853730751890814,log_pending,0.02698963311449746,pretrial_share,0.014198657515896213,log_hearing_gap,0.005832746639885423
8038,-0.00123332833954174,0.00019887299888945173,0.23682181593461524,pretrial_share,0.004004740898492443,share_age_gt5y,0.0029569413990441634,log_hearing_gap,0.0016328847344283205
8039,0.015122240731384087,0.0002083262492145081,0.35831262673861436,disposal_momentum,0.0053154178267688645,pretrial_share,0.00524096269315079,share_age_gt5y,0.0027895577157729797
9001,-0.00944483247120632,0.0017523639111160475,0.24582001318487884,growth_12_past,0.01514313502032391,state_loo_vacancy_rate,0.008924380978081445,anchor_growth_12,0.004017881833280412
9002,-0.015048891345509862,0.0017284050500483686,0.2619965173940791,growth_12_past,0.03333928493294101,anchor_growth_12,0.006545159231969982,state_loo_vacancy_rate,0.004069614879887484
9005,-0.010761848436471941,0.0008644189867054069,0.30992219852781494,growth_12_past,0.024411093812940633,anchor_growth_12,0.0047206368242040915,state_loo_vacancy_rate,0.004153966753900739
9006,-0.013372208565058614,0.0010910559812128298,0.27309649493264504,growth_12_past,0.020884554323974493,state_loo_vacancy_rate,0.00605025163350729,anchor_growth_12,0.005111124019902772
9007,-0.009759127699505947,0.0010296338646715614,0.28052905179417015,growth_12_past,0.01540677776535409,state_loo_vacancy_rate,0.006806582708372053,anchor_growth_12,0.004870818869119517
9008,-0.016255916082581555,0.0013127650271376498,0.2724009818248278,growth_12_past,0.031317407400486406,anchor_growth_12,0.006640751160379461,state_loo_vacancy_rate,0.003958132151731942
9009,-0.006230424079268598,0.0012645215233341796,0.27862614615595654,growth_12_past,0.012255649201283211,state_loo_vacancy_rate,0.00915777816276096,log_hearing_gap,0.003383316688611412
9010,-0.016767321571485964,0.0010709084472723487,0.3045246570971446,growth_12_past,0.029914503474435233,anchor_growth_12,0.005860909274011115,state_loo_vacancy_rate,0.004800784960531444
9011,-0.016438295203775696,0.0015480341113893578,0.2873213010366474,growth_12_past,0.025240091944206944,anchor_growth_12,0.005134525726799067,state_loo_vacancy_rate,0.0046441567101085926
9012,-0.010708866429721135,-0.0002430391113858155,0.31293840712183074,growth_12_past,0.012558258682160157,state_loo_vacancy_rate,0.008851675830007375,log_hearing_gap,0.0037019272052191193
9014,-0.009026958824601044,0.001284704180850443,0.29021576475342165,growth_12_past,0.014162040426336103,state_loo_vacancy_rate,0.006319191159585489,anchor_growth_12,0.004470968363189422
9019,-0.005849850598360918,-0.000567548427782735,0.3018043771597516,growth_12_past,0.012311028903022377,state_loo_vacancy_rate,0.005580503131857089,log_hearing_gap,0.0037132284134950436
9020,-0.008474832989899246,-0.0002428070735425274,0.25597091783351605,growth_12_past,0.015027482551094085,state_loo_vacancy_rate,0.006584980267358581,anchor_growth_12,0.00463652453159391
9021,-0.011300621652264538,-0.0006723730247900119,0.24805589823280907,growth_12_past,0.034114009210679794,anchor_growth_12,0.005647296610797528,state_loo_vacancy_rate,0.0037654393376504096
9022,-0.006547631308919715,0.0008566481710437027,0.30616614629580086,growth_12_past,0.02526065760351641,anchor_growth_12,0.0047327670102509855,log_hearing_gap,0.004314015853481438
9023,-0.020150599206171113,0.001261043188539729,0.26447797534179324,growth_12_past,0.030665713923249745,idvr_12,0.01850550830123341,anchor_growth_12,0.00400403565245929
9024,-0.003927458599660783,0.001967775831636393,0.2867215154205489,growth_12_past,0.023416447362981062,anchor_growth_12,0.005129386745800579,state_loo_vacancy_rate,0.0047460429293397985
9025,-0.0036919461378098887,0.0005077479251155512,0.27715474353097913,growth_12_past,0.03714811769042801,anchor_growth_12,0.006372298770877687,log_working_judges,0.004378070809799739
9026,-0.012515654965769831,-0.00030902626083121877,0.26363496807522707,growth_12_past,0.026649156752212595,anchor_growth_12,0.005422264823858785,state_loo_vacancy_rate,0.004193002110267587
9027,-0.01381233725315799,-7.847686244409047e-05,0.14323598722925854,growth_12_past,0.07425063248672402,idvr_12,0.021763218793124803,anchor_growth_12,0.013652251466115114
9029,0.014084797934861516,0.0008709278872840199,0.4201368146385259,disposal_momentum,0.021032376507674966,growth_12_past,0.01598824041971999,state_loo_vacancy_rate,0.009173122937921288
9030,-0.007302816997586652,-0.0002694661417002828,0.2410919366859616,growth_12_past,0.015648095458944355,state_loo_vacancy_rate,0.007021194372057027,anchor_growth_12,0.005131891491751453
9031,-0.014166655188580974,0.0015665112637558583,0.28003383759588507,growth_12_past,0.022999794216241418,state_loo_vacancy_rate,0.005315538991393215,anchor_growth_12,0.004977351496419796
9032,-0.003937427110483295,0.0009693345870380441,0.34677839520643294,growth_12_past,0.016295944952388036,log_hearing_gap,0.0036328856250786427,pretrial_share,0.003042376687610534
9033,-0.008172107803483956,0.0008326948208884351,0.2739863395507953,growth_12_past,0.013247144909607404,state_loo_vacancy_rate,0.00602461489902013,log_hearing_gap,0.003103161055999883
9034,0.026198093194043995,0.00374259269737754,0.39414844794456794,growth_12_past,0.01752106750838409,state_loo_vacancy_rate,0.013060521197496535,disposal_momentum,0.011961572581913726
9035,-0.01202122075757224,0.0011279703944301765,0.2737915846038726,growth_12_past,0.017366265900063686,anchor_growth_12,0.004769030201438838,state_loo_vacancy_rate,0.004736352213077194
9036,-0.014271157242085039,-0.00025815124197033415,0.3274915177372831,growth_12_past,0.017204956334220197,state_loo_vacancy_rate,0.005630473942136622,anchor_growth_12,0.004214161712918685
9039,-0.003002286090546924,0.0020812472668347492,0.30243807943784706,growth_12_past,0.010819949115753544,state_loo_vacancy_rate,0.005300566343444252,anchor_growth_12,0.0035122514689806825
10001,-0.0008348203503081601,-0.000791364091282375,0.3578531692971099,growth_12_past,0.017769293122420093,anchor_growth_12,0.005380686275300317,log_hearing_gap,0.0051906351867122115
10004,0.026281278196223435,0.00020633296163738172,0.4021725926007629,growth_12_past,0.048882229448171305,disposal_momentum,0.041472888969051054,anchor_growth_12,0.017879851698657075
10006,-0.0050615947346135575,-0.0007583133680881606,0.28727682253554426,growth_12_past,0.03456476543592385,anchor_growth_12,0.007041420531221668,disposal_momentum,0.00361783192492731
10007,-0.008966171268293851,-0.00011687433774209513,0.20674214151392398,growth_12_past,0.03380071313868128,idvr_12,0.022204451446005948,anchor_growth_12,0.009317544510275616
10010,-0.01136145681167549,-0.000501036602758155,0.24175672128429468,growth_12_past,0.0359216768349824,anchor_growth_12,0.007253277708632455,log_hearing_gap,0.003478541866173733
10016,-0.0016076120626503177,0.000646038547838027,0.32787683406058266,growth_12_past,0.024792805742681185,log_pending,0.010151203160645562,anchor_growth_12,0.004726323193639414
10018,-0.014854314392670665,-0.00028760006024537526,0.298835780988567,growth_12_past,0.030370621132544937,anchor_growth_12,0.006592668874321048,log_hearing_gap,0.0031979537298838135
10019,-0.004711142045052852,-0.0005853637998357011,0.36056377176128845,growth_12_past,0.01790798960258052,anchor_growth_12,0.005253097940903523,log_hearing_gap,0.004346260119269769
10021,0.02965515686435325,-0.0007816264752442593,0.5254485071190743,disposal_momentum,0.026305724934230446,growth_12_past,0.022772044510725117,pretrial_share,0.00846488953421969
10022,-0.01455471044249943,-0.00048514257024456515,0.30488835015554244,growth_12_past,0.026512963905418945,anchor_growth_12,0.004928917581816211,log_hearing_gap,0.002535577182308741
10023,0.011951172030479962,-0.0004799852661938507,0.21771369491841763,growth_12_past,0.04339987570370208,idvr_12,0.01969092388788266,anchor_growth_12,0.00835000298323006
10024,-0.00826160714749652,-0.0007493290649595635,0.2494331499101789,growth_12_past,0.025392430708516434,anchor_growth_12,0.006135947006731512,log_hearing_gap,0.0026733210394245623
10026,-0.008549634071231254,-0.0005226070308396408,0.27518977483219675,growth_12_past,0.0251502310959448,anchor_growth_12,0.006178267161015448,log_hearing_gap,0.0030988133416320215
10029,-0.009000086344543252,-0.0005604175410055401,0.2941013939101698,growth_12_past,0.028256344436828153,anchor_growth_12,0.00509704283486251,log_hearing_gap,0.003657132841194709
10030,0.010291526973632554,-0.00031215788193901046,0.3623532320007416,growth_12_past,0.016429393345061483,pretrial_share,0.007774810541817758,log_pending,0.006847305596624551
10031,-0.01657525531254273,-0.0006304631122233268,0.2586552227499344,growth_12_past,0.03340235890804441,anchor_growth_12,0.006587250476849253,idvr_12,0.0034860191074290135
10033,-0.0148124956314231,-0.000258610067014601,0.3024581805443453,growth_12_past,0.031457316966580634,anchor_growth_12,0.006360727152625928,log_hearing_gap,0.0033626015297868917
11001,0.005052098364850497,-0.00039097774955743314,0.3047102530127873,pretrial_share,0.005926005857500856,log_hearing_gap,0.0024999130955023333,share_age_gt5y,0.002052041461473658
11002,0.008728639455383224,-0.0009671717112614492,0.35423153122558354,disposal_momentum,0.007864926017561202,log_hearing_gap,0.0030324324634034873,share_age_gt5y,0.003010733052075923
11003,0.07394074708297475,-0.0014697613223698788,0.7657591702106299,disposal_momentum,0.04360365971688508,pretrial_share,0.018225961197929998,log_hearing_gap,0.006107567633884523
11004,0.04627107746535788,-0.00106386984262653,0.4563089436132452,disposal_momentum,0.038246034121495825,growth_12_past,0.02728333079866606,anchor_growth_12,0.009660842900195707
11005,0.028253424038001917,-0.0010149298104224155,0.5658249924241814,disposal_momentum,0.024120859722501036,share_age_gt5y,0.005781455759052362,log_hearing_gap,0.0029682065564548034
11006,0.008795074073222825,0.00047626835997262995,0.2742537966498761,disposal_momentum,0.010760281495851393,log_hearing_gap,0.0029064549682165865,pretrial_share,0.002683550607167321
11007,0.030324418603116708,-0.00033246705885784826,0.42570174117186005,disposal_momentum,0.01691781086591411,growth_12_past,0.012620858880412443,pretrial_share,0.006385887120051161
11008,0.003956418892349711,0.000947442721605181,0.27604447885836697,growth_12_past,0.01039141284394674,anchor_growth_12,0.003286536540765078,disposal_momentum,0.0031870418176135557
11009,0.03773181089509882,0.0029486762806447604,0.552738855141901,log_pending,0.022421254254534877,disposal_momentum,0.01909984959304822,log_hearing_gap,0.006427476975642819
11010,0.012002439632922784,-0.00012221038929578442,0.4252372008167317,pretrial_share,0.012782361426541428,log_hearing_gap,0.003209263287578455,log_working_judges,0.0019655586435730257
11011,0.04066748645474279,0.0026303222552068184,0.5634940249978582,disposal_momentum,0.0366542458600577,pretrial_share,0.005928463058274786,share_age_gt5y,0.00381714284564793
11012,0.040668073501814034,-0.0007668503916020016,0.34441604622770067,disposal_momentum,0.030722805736853428,pretrial_share,0.010194359859963777,log_hearing_gap,0.0027860609868628865
11013,0.00577663670843976,-0.0008509337496733722,0.35985809273612773,log_hearing_gap,0.0037951010329274645,disposal_momentum,0.0033179500783773936,pretrial_share,0.002667493590420825
11014,0.011236199418295548,-0.0012270549804459395,0.33222300956490614,growth_12_past,0.011964953449523336,pretrial_share,0.007145864265545654,log_hearing_gap,0.003756933840589589
11015,0.037471575365613435,0.0008977940649260767,0.46182073462785184,disposal_momentum,0.03487294002416182,growth_12_past,0.02565245483417956,anchor_growth_12,0.009274069639152739
11016,0.04572968726678735,0.0009778854984080455,0.5461226454163245,disposal_momentum,0.042683027166067734,growth_12_past,0.015364100962407947,anchor_growth_12,0.005877835257041116
11017,0.01396208109251823,0.0007834434822269201,0.3680800225272387,pretrial_share,0.006244850157494475,disposal_momentum,0.0041756253778914496,share_age_gt5y,0.0035149474494298167
11018,0.001799838946733152,-0.0007696546021935737,0.29997760572376087,log_hearing_gap,0.0033845668946265468,pretrial_share,0.0026687344258866006,log_working_judges,0.0018563489988592209
11019,0.02972637382087447,0.0008439081934685545,0.46252825944284304,disposal_momentum,0.02144820873030299,growth_12_past,0.01812388771868604,pretrial_share,0.006957037687092772
11020,0.0577583222069365,0.0009840226987232628,0.5532636789155186,disposal_momentum,0.030809956135839978,pretrial_share,0.017760383195590906,log_hearing_gap,0.0055273333951399274
11021,0.02867260238866055,0.0019266477103021006,0.35155811632713035,disposal_momentum,0.022568404086349702,pretrial_share,0.005763969374613956,log_hearing_gap,0.003287325346029657
11022,0.036004099172702836,-0.00037112536726213036,0.44986944740161494,growth_12_past,0.02584262549913703,disposal_momentum,0.022263565783410582,anchor_growth_12,0.008376911083269175
11023,0.06109411396580245,-0.0013464565804994257,0.5894552592594843,disposal_momentum,0.04755697109909605,growth_12_past,0.024372372191689435,log_hearing_gap,0.006161610457765684
11024,0.05186722384560637,-0.0007267706279080559,0.456263192628219,disposal_momentum,0.029410351534029055,log_pending,0.02542316235173,pretrial_share,0.012430809788335695
11026,0.013588593808737481,-0.0005745085564404891,0.3792799482575115,disposal_momentum,0.012165688412463177,share_age_gt5y,0.0040849441271268595,log_hearing_gap,0.003075980964379445
11027,0.03972078020756855,0.0001160649105262634,0.5034549844991224,disposal_momentum,0.03242191653270059,growth_12_past,0.018476141939834673,pretrial_share,0.006257349241141964
11029,0.016315423079948918,-0.0005551271153663724,0.2994074586361548,growth_12_past,0.011902273906398963,pretrial_share,0.006637946011457723,share_age_gt5y,0.0038040061360157867
11030,0.07283044575644398,0.005510684951005418,0.5096375896284833,disposal_momentum,0.04484296653227262,inflow_trend_growth,0.03284731611527984,log_pending,0.027323627411651567
11031,0.012884725945808041,-0.000625192814850892,0.1698466094330579,log_pending,0.015438384399092089,disposal_momentum,0.013016000596234124,log_hearing_gap,0.0024905483994435516
11032,0.04913164274504586,-0.00024040079733950309,0.2988402734509699,growth_12_past,0.09544031918582388,disposal_momentum,0.035211829859101644,idvr_12,0.024716067979992967
12001,-0.005081900369250077,-0.00031685894192199824,0.33375790575729436,growth_12_past,0.017084311242038783,log_pending,0.016638404388508898,anchor_growth_12,0.005368119696566286
12002,0.0018443034642962714,-0.0008304418556271024,0.3567421746839801,log_pending,0.021949008835436712,growth_12_past,0.01613399475404895,pretrial_share,0.011232258089542774
12003,0.010366463812461287,-0.0002700265544103249,0.4065505186831496,log_hearing_gap,0.005099194868055742,workload_per_judge,0.004470538765186327,pretrial_share,0.004253464481316629
12004,0.004354666604647024,-0.00025204736670561117,0.2803248729663315,log_pending,0.019575899579860057,growth_12_past,0.01702537128673866,pretrial_share,0.008550972293808579
12005,0.01359092191812749,-0.0008112695716826466,0.19757352970047817,growth_12_past,0.044957435361000726,idvr_12,0.029979184313737868,disposal_momentum,0.013887633678673536
12006,0.009216984368157044,-0.0006383185125902129,0.4251368057640381,log_pending,0.010583236214222884,workload_per_judge,0.009230170604078774,state_loo_vacancy_rate,0.004754415537913538
12007,0.023354070530564715,-0.0010825907818477957,0.28957943310877904,growth_12_past,0.055143174055422337,idvr_12,0.03664151128222214,workload_per_judge,0.02805739893068497
12008,0.00854797882783075,-4.98194755124069e-05,0.4066901482971036,log_pending,0.015266252028691104,log_hearing_gap,0.004297019322729263,workload_per_judge,0.004163578737988899
12009,-0.002210633666753916,-0.0007948605751759724,0.2581729587302809,log_pending,0.03555072238048332,growth_12_past,0.018457653241690516,anchor_growth_12,0.005971850244109251
12010,0.0199592578883437,-0.001007955527503143,0.281453657636005,growth_12_past,0.03668776688959348,idvr_12,0.019602362844263692,log_pending,0.013059139031324173
12011,0.011670839555425942,0.002732493966226896,0.3054894064424706,growth_12_past,0.01922459959432401,log_pending,0.01777864166517171,log_hearing_gap,0.006714027518763857
12013,0.01993527070968072,-0.00033623640741374425,0.4095297455305302,log_pending,0.021056961214337856,pretrial_share,0.013594082210777219,workload_per_judge,0.007418277758670726
12014,0.021083927848070935,-0.0013392823111193777,0.3373061740639301,log_pending,0.04172593708640642,workload_per_judge,0.01521781079579105,pretrial_share,0.0072154675029855045
12015,0.014706222140275274,5.711254362374539e-05,0.41946811037491427,workload_per_judge,0.0132127745674365,log_pending,0.013156436658637164,state_loo_vacancy_rate,0.0038000161145368676
12016,0.061766796852478455,-0.00043950971083173124,0.4479157548479847,workload_per_judge,0.04655504742835335,log_pending,0.045997315155758736,growth_12_past,0.021780780870129534
12017,0.08512106351772128,-0.003521849780523313,0.43832971934575166,workload_per_judge,0.05939565151749609,growth_12_past,0.05392998994455177,idvr_12,0.036763504209215474
12019,-0.006036992456165857,0.00048121606753291515,0.18398657856706319,growth_12_past,0.034996637496354045,anchor_growth_12,0.00761648860227881,disposal_momentum,0.002582235111150793
12020,-0.009533342851139727,-0.00047788873226398457,0.3021914643069847,growth_12_past,0.033174124183234184,idvr_12,0.028106036896386907,log_pending,0.014438837349839301
12021,0.013152128888950556,0.0010074087389799387,0.2754999458696832,log_pending,0.026116659988057192,growth_12_past,0.018540296423087892,pretrial_share,0.0105010960164879
12022,0.032868171420656775,4.432163386941293e-06,0.4118607592961804,growth_12_past,0.03476642317270495,log_pending,0.025038109318017303,disposal_momentum,0.0239456207099183
13001,0.001014698857937534,-0.0003284230028526031,0.3026635501200151,growth_12_past,0.010408825797430656,pretrial_share,0.005670712689498134,log_hearing_gap,0.0035875310475774074
13002,0.009087771053992505,0.0004267550293043467,0.37755172946901894,growth_12_past,0.0293651482742987,share_criminal,0.01172667373334644,anchor_growth_12,0.008520544415806313
13003,-0.0003971666249847442,0.0006084099333311449,0.29129872777976323,growth_12_past,0.015331487193299695,anchor_growth_12,0.005573001186936035,log_hearing_gap,0.0034589048262116695
13004,-0.0028502025386504025,-0.0007618883542689466,0.2529893282139534,growth_12_past,0.016297230402185267,anchor_growth_12,0.005933576886187258,log_hearing_gap,0.003693353834333054
13005,0.020573781597140642,0.0017508454009457994,0.3949493224174868,disposal_momentum,0.010249239533863641,pretrial_share,0.0055601279534835965,state_loo_vacancy_rate,0.003892771785549004
13006,-0.0025650268184650425,-2.1259507478715675e-06,0.3692961058048839,pretrial_share,0.0029995080555294254,log_hearing_gap,0.00242372644094237,share_criminal,0.0015225821228913292
13007,0.007228355048476918,-0.0009621843807157696,0.3131955263216708,growth_12_past,0.010474097575635173,pretrial_share,0.005743558368765616,log_hearing_gap,0.004163826351750659
13008,4.897388022013583e-05,0.0002852218483473358,0.27117336405886,growth_12_past,0.010531736025727316,log_hearing_gap,0.003739815561408417,anchor_growth_12,0.003383734028683886
13009,-0.0010901379697804462,-0.0005074554495058802,0.24619953464938066,state_loo_vacancy_rate,0.0029387182628127072,pretrial_share,0.002694854399486152,log_hearing_gap,0.0017383170209008456
13010,-0.004235271022615108,0.0003324572523430564,0.33434956548997896,log_hearing_gap,0.002827946075732678,pretrial_share,0.002759575565286122,state_loo_vacancy_rate,0.0013580199927000166
13011,0.006249431405079667,0.0004216536784287779,0.31115280916672644,growth_12_past,0.018321398829571293,anchor_growth_12,0.00626427096886386,disposal_momentum,0.005976326280352311
13012,-0.002070723125669089,-0.0008321900132828967,0.26843181026476354,growth_12_past,0.0058663839049832725,log_hearing_gap,0.0028989813621521916,pretrial_share,0.002142834045043416
13013,0.0009067825534246265,0.0003144586962320198,0.25527003508742896,growth_12_past,0.017089331399238756,anchor_growth_12,0.005797188798222562,log_hearing_gap,0.0038350659947890926
13014,-0.00022835607715333047,-0.0010080008213210253,0.30395209611977,log_hearing_gap,0.003109613998603729,pretrial_share,0.0029065938909516587,state_loo_vacancy_rate,0.0008092596111325948
13015,0.0026732824212637625,-0.0007243278340137824,0.279728258002529,growth_12_past,0.012278144887070247,log_hearing_gap,0.005355034220852698,anchor_growth_12,0.0030835820507972953
13016,0.01125398744930624,-0.0010626732158614941,0.46732004642054437,share_criminal,0.012045034270201203,state_loo_vacancy_rate,0.002851227930166848,log_hearing_gap,0.0025992646048614196
13017,0.00032508182147994577,-0.0006769454292414261,0.26407325015516403,growth_12_past,0.011016494424751003,log_hearing_gap,0.004072970587217923,anchor_growth_12,0.0031477628388635165
13018,-0.00034786796359836253,0.0003880030804040212,0.2872513307654752,growth_12_past,0.011532683173472202,log_hearing_gap,0.004311542388487638,anchor_growth_12,0.0032413336132992307
13019,-0.0101662944363593,-0.0006620774396231438,0.26242032791903913,growth_12_past,0.025728143221448414,anchor_growth_12,0.0060879531291116295,log_hearing_gap,0.0031286266512709523
13020,0.009044235038713745,0.0013965351740165566,0.31025422910945805,disposal_momentum,0.01096432623282235,pretrial_share,0.0030291931478740428,log_hearing_gap,0.0022909567792916193
13021,-0.001986294033998715,-0.0009722677619121578,0.2514167028862874,growth_12_past,0.01839056465951126,anchor_growth_12,0.006126675916135633,log_hearing_gap,0.003951927613984981
13022,0.006712778022643921,0.0005498209209767037,0.2538004261638486,growth_12_past,0.009507459416781421,disposal_momentum,0.0037049297598399115,anchor_growth_12,0.0029871929909549163
13023,0.002298162483543189,-0.0007901744405685155,0.23401210623728821,growth_12_past,0.011184323956892147,log_hearing_gap,0.004115102302923676,anchor_growth_12,0.0033796805765450386
13024,-0.001007602991575284,-0.000689810238587875,0.24295432518627738,growth_12_past,0.010591629422951821,log_hearing_gap,0.0035683954270699604,anchor_growth_12,0.0034785465517022775
13025,-0.011820566170734133,0.0006274039876361375,0.3523610053689567,growth_12_past,0.012961441268486319,anchor_growth_12,0.004981063331140999,pretrial_share,0.002730448414310827
13026,-0.005379141271221768,-0.0009472580951185267,0.2465318871884356,growth_12_past,0.03203175108999904,anchor_growth_12,0.0068750619004890766,log_hearing_gap,0.0033407369776735623
13027,-0.00018471160397769918,-0.0008857833159371551,0.31273307734009376,log_hearing_gap,0.0030633807179421173,pretrial_share,0.0028875386058851674,state_loo_vacancy_rate,0.0007727516508521061
13028,0.004299151991874737,0.00015912717185974219,0.3182092203669193,growth_12_past,0.013954663552307631,anchor_growth_12,0.006170505899454135,disposal_momentum,0.005915649274423646
13029,-0.002268169798629836,0.0003511073358822652,0.26722273896718013,growth_12_past,0.024719974062463002,anchor_growth_12,0.006954329976756716,log_hearing_gap,0.0035936075759669945
13030,-0.005380254714045093,-0.0007120589218053307,0.30462428612896497,pretrial_share,0.002493432172179369,state_loo_vacancy_rate,0.00233968523168161,log_hearing_gap,0.0023352950476290286
13031,0.004916962024929822,-0.0009852867488329507,0.3177584904867406,growth_12_past,0.010190207125135138,pretrial_share,0.005806453731713017,log_hearing_gap,0.0038135208031073865
13033,-0.0004929641668874238,-0.0009301222001224268,0.20948339862996976,growth_12_past,0.007863847520589216,anchor_growth_12,0.0032689357419421502,pretrial_share,0.0024825282104400954
13034,-0.012089145899425266,-0.0005311247638558461,0.25279129263590905,growth_12_past,0.03627822741008235,anchor_growth_12,0.008468027211886364,pretrial_share,0.0025903612446115435
13035,-0.014440635323775985,0.0009499161710857341,0.2907983071640238,growth_12_past,0.03659849692854854,anchor_growth_12,0.008229153848985723,log_hearing_gap,0.0029830657085794608
13036,-0.001211246101984777,-0.00044529718813544834,0.28023123475228146,growth_12_past,0.009937871925037232,anchor_growth_12,0.003392594461707515,log_hearing_gap,0.0032320539201593115
13037,-0.0050528012191319305,-0.0003743882179044786,0.2387984321391893,growth_12_past,0.030330788302806576,anchor_growth_12,0.006720175109402753,log_hearing_gap,0.003482687240397868
13038,0.015620124114401729,0.0010697263461808496,0.4274025665638557,inflow_trend_growth,0.005773994288044887,share_age_gt5y,0.005200461673137593,pretrial_share,0.004048808119874146
13039,-0.0002516010433465006,-0.0005160826566239817,0.301711939752375,log_hearing_gap,0.003281082654689972,growth_12_past,0.0026187610211550463,pretrial_share,0.0025023649889128166
13040,-0.007339195941109405,0.0010472222813814453,0.31947686770481337,growth_12_past,0.016521421282959664,anchor_growth_12,0.005238823985916633,log_hearing_gap,0.0033161922044127336
13041,0.046266642856418995,0.0007192000010640295,0.41159106177564303,disposal_momentum,0.04807047802431571,growth_12_past,0.044131444949627084,anchor_growth_12,0.014937724078287508
13042,0.0025932368536555972,-0.0007292007561834306,0.2605131977033102,growth_12_past,0.04192901958858514,anchor_growth_12,0.009103846522908366,pretrial_share,0.008219615401280501
13043,-0.001933665315816764,-0.0007702064289359957,0.3125799618090882,log_hearing_gap,0.0025493089257676623,pretrial_share,0.0023343289667852275,state_loo_vacancy_rate,0.0013471051902939721
13044,-0.0028444760552073104,0.001090252435467802,0.2641851527230201,growth_12_past,0.02220607888981364,anchor_growth_12,0.00690077153764947,log_hearing_gap,0.0035103593035767937
13045,-0.001245750722111421,-0.00085808003575787,0.23800479912013736,growth_12_past,0.03405451452832662,anchor_growth_12,0.00707812065326299,pretrial_share,0.0037477161071905935
13046,0.001511669493919572,0.00025963061292216523,0.25295320669439936,growth_12_past,0.025270119013833307,anchor_growth_12,0.006675923643600079,disposal_momentum,0.004167069901808686
13047,-0.016324551914965884,-0.0007574249976703911,0.21002337846402644,growth_12_past,0.0453269356231001,idvr_12,0.026109117301559216,anchor_growth_12,0.01230583766270925
13048,-0.0022015125451237245,-9.76471034454071e-05,0.3234019893995681,log_hearing_gap,0.0027773909308458147,pretrial_share,0.0027685765700167886,growth_12_past,0.0023977139227727715
13049,-0.0042145756810925685,0.00030515812418173676,0.2674871510975867,growth_12_past,0.01387483258273695,anchor_growth_12,0.005479354218809894,log_hearing_gap,0.0026669437438208675
13050,-0.0018387844650028379,-0.0008551640095617719,0.2564275193491518,growth_12_past,0.011002972638059303,log_hearing_gap,0.003557365219503307,anchor_growth_12,0.0032047887548901275
13051,-0.00653460292924539,-0.0009342264700303774,0.3633829121451104,pretrial_share,0.0024754535753497035,log_hearing_gap,0.0020746330196783386,state_loo_vacancy_rate,0.0012121418729817927
13052,0.025800102741255607,0.0014190807499627732,0.5531630661733566,disposal_momentum,0.025575681015951184,share_age_gt5y,0.0032533511365897662,log_hearing_gap,0.0026345830655092922
13053,0.0069349002230016535,0.0010080156008819626,0.4345646517208288,disposal_momentum,0.012674692942934725,state_loo_vacancy_rate,0.003149901978401046,pretrial_share,0.0027531410048866624
13054,-0.0008543590540172993,0.0005171329653674066,0.23573221289057042,growth_12_past,0.030927647332076997,anchor_growth_12,0.006713016964226639,log_hearing_gap,0.004019160004690213
13055,-0.0044325773919588925,-0.0010265589381672,0.2630148341095274,growth_12_past,0.017395964457488266,anchor_growth_12,0.005900918060848195,log_hearing_gap,0.0030623790058825965
13056,-0.0022796250484923195,0.0005537919488747085,0.35986157444787137,disposal_momentum,0.0028853237697281098,pretrial_share,0.002444247876983273,log_hearing_gap,0.002173788118901292
13057,-0.002115151804285993,0.0005177677937972982,0.32486430437543423,pretrial_share,0.0030223051664403536,log_hearing_gap,0.0024387438699932334,state_loo_vacancy_rate,0.0014041962536413695
13058,-0.004310059338773038,0.0005826375822786419,0.28019705695933295,growth_12_past,0.017484331561645382,anchor_growth_12,0.006059991355824349,log_hearing_gap,0.0038482046696802826
13059,0.015364825041789104,0.0003389009452575582,0.39584173200287903,growth_12_past,0.01865556249206073,share_criminal,0.015214270095765023,anchor_growth_12,0.006649845363261594
13060,-0.004649747163675244,0.00032962275904910467,0.25304739746124577,growth_12_past,0.031824105537726084,anchor_growth_12,0.006508276989424742,log_hearing_gap,0.003288509901878526
13061,-0.0028728052118510913,-0.0004582823177007452,0.3141635854872523,growth_12_past,0.013282730672778449,anchor_growth_12,0.006123291012275261,inflow_trend_growth,0.00455614479140583
13062,-0.016798393690979133,0.000710694276726003,0.17465483628951803,growth_12_past,0.07102552444679908,idvr_12,0.025837487547035225,anchor_growth_12,0.014672578820358646
13063,0.05696231707982017,0.0003733821306289612,0.5279257508326126,disposal_momentum,0.050284780684303323,growth_12_past,0.019346031173374308,anchor_growth_12,0.006419435932339729
13064,-0.00028906514470342266,0.0002491576919512475,0.26091439089612156,growth_12_past,0.013523006913477882,log_hearing_gap,0.004275226966774246,anchor_growth_12,0.002821473848005556
13065,-0.0005131597117862055,-0.0005341169743255022,0.2561415120313928,pretrial_share,0.0028787425680660904,log_hearing_gap,0.002026694734900011,state_loo_vacancy_rate,0.0011001446865235183
13066,-0.004112883698143182,-0.0002714027327956037,0.2866032729023084,growth_12_past,0.011707982958202428,log_hearing_gap,0.003373300769980668,anchor_growth_12,0.003097366348208386
13067,0.0010315767266234669,-0.0005597374754706013,0.27764301309569794,growth_12_past,0.0115243824328474,log_hearing_gap,0.00397611501858663,anchor_growth_12,0.0030728277619256937
13068,0.00018190966712977596,-0.0008948431143525621,0.2586385340219439,growth_12_past,0.014971320488918765,anchor_growth_12,0.005784072842814153,log_hearing_gap,0.004243100921422277
13069,-0.0017729458409610484,0.0006074978213227883,0.26485650315181974,growth_12_past,0.015784428007637574,anchor_growth_12,0.005897537792648937,log_hearing_gap,0.004242329846963341
13070,-0.013389429796957989,-0.0012772527315029077,0.10525063843821697,growth_12_past,0.1146238641324277,anchor_growth_12,0.03182098387205164,idvr_12,0.028092943842529104
13071,0.0030635434893520742,-0.0006535501739890762,0.22646782905407772,growth_12_past,0.031872120607735706,anchor_growth_12,0.006778140742400105,log_working_judges,0.0031937210883534236
13073,0.0007774885000694661,0.0005519027192871549,0.2999747842518066,growth_12_past,0.00926528864113697,log_hearing_gap,0.0038406263254186944,anchor_growth_12,0.0031256855049919645
13074,0.004321017779027208,-0.00031705556886169094,0.09025627925107904,age_bowley_skew,0.0019335854612923763,pretrial_share,0.0019052368049031023,log_hearing_gap,0.0011936404975318193
13075,0.02714351725024562,-0.0009701181680774797,0.385936943214039,pretrial_share,0.009100190628248513,log_pending,0.0062616898642923165,share_age_gt5y,0.006230528659876998
13076,0.007206105959298747,-0.0007001789770952704,0.20217342469178992,share_age_gt5y,0.004543049561067016,workload_per_judge,0.0035644313360561424,state_loo_vacancy_rate,0.002971511870483224
14001,0.009103937459025737,0.0010498306505433406,0.27686003885889376,growth_12_past,0.03459417520763118,share_age_gt5y,0.010928294005067127,anchor_growth_12,0.007841851104998802
14002,0.005538793070663661,0.001502920434091748,0.21721715844215173,growth_12_past,0.04394927663470976,idvr_12,0.024816124541687874,anchor_growth_12,0.011939113029324634
14003,0.0069412454706304,0.0005911171872129869,0.2710106565470487,growth_12_past,0.019788800461423093,anchor_growth_12,0.006410422643434788,share_age_gt5y,0.006233757077384536
14004,0.006849559653251838,-0.0003039957867291466,0.24776235204749683,growth_12_past,0.03346459258050609,share_age_gt5y,0.007617788300733443,anchor_growth_12,0.006232001451531858
14005,0.006707406751363384,-0.00039932630831547697,0.3094506048428839,growth_12_past,0.013393999161481119,share_age_gt5y,0.0073137984048098886,anchor_growth_12,0.003689591306065152
14006,-0.0026563885619214607,-0.0005138675521276699,0.22866538060657926,growth_12_past,0.012573187179235328,anchor_growth_12,0.0036693911703493884,log_hearing_gap,0.002948944171715341
14007,0.007403969409944257,0.0003742740972589575,0.35844589711613684,growth_12_past,0.006720370457360172,share_age_gt5y,0.006553584458805694,pretrial_share,0.0040130792000836095
14009,0.008477670586932086,0.000804894932757037,0.2595910691244584,growth_12_past,0.03854359305712487,idvr_12,0.017848850162964412,share_age_gt5y,0.011680791876961133
14010,0.004180882280351891,-0.00048771514370246464,0.11370343189962695,pretrial_share,0.003165473366940757,share_age_gt5y,0.002907205858588803,log_hearing_gap,0.001365354528387415
14011,0.011214867360746918,-0.000299556592887523,0.2836556978700857,growth_12_past,0.03449363586001429,share_age_gt5y,0.012207940355972145,anchor_growth_12,0.006953334613841408
14012,0.0017410417409669064,0.0014160950684625555,0.22633087768741342,growth_12_past,0.05345238624503899,idvr_12,0.024024468022682526,anchor_growth_12,0.01560598518757591
14013,0.007200710546970228,0.00028298313152952116,0.24048097268800286,growth_12_past,0.042406229079116,share_age_gt5y,0.01066283080500222,anchor_growth_12,0.00945592794929676
14014,0.014431332291655302,0.0013939760437658856,0.3855342424558166,growth_12_past,0.011556298889772417,share_age_gt5y,0.00591664520571163,anchor_growth_12,0.0035226064330900106
14015,0.016046409465443046,0.0023839191718759197,0.30074708978850456,growth_12_past,0.03275394084001039,inflow_trend_growth,0.014478002324907245,share_age_gt5y,0.010993099887307125
14016,0.01534981893953425,-0.00030512332651642097,0.3530159464210862,growth_12_past,0.020771981667111132,share_age_gt5y,0.009500790745504866,anchor_growth_12,0.006890473270880602
14017,0.012487893235270543,-0.0003191135850216472,0.21384109321054823,growth_12_past,0.04319803135157599,share_age_gt5y,0.011641294055406036,anchor_growth_12,0.009816532453286285
14018,0.0023408220998038607,0.0007925230806416551,0.2193989158051809,growth_12_past,0.05622750053771231,idvr_12,0.023108772587848162,anchor_growth_12,0.015524522557955032
14019,0.010580391002372205,-0.0002530990123512622,0.22694239038140035,log_hearing_gap,0.004787509760012174,pretrial_share,0.004052582336279237,share_age_gt5y,0.002818878637643798
14020,0.005662397053438108,0.000501478803089834,0.2291337131393275,growth_12_past,0.04413312469981973,idvr_12,0.02461889023038063,anchor_growth_12,0.011427058336477044
14023,0.008812501456413917,-0.00021792913962135984,0.27170307254808657,growth_12_past,0.013169532200792883,share_age_gt5y,0.007281601468204589,pretrial_share,0.0032301405421955947
15001,0.013421134817211113,0.0020170578484249918,0.3648979479162868,workload_per_judge,0.008494901264739703,share_criminal,0.005060741712360232,pretrial_share,0.003072750692547223
15002,0.024032397699167096,-0.0005113335502491541,0.41234111927474204,log_pending,0.013569162809551581,workload_per_judge,0.008896391727670415,log_hearing_gap,0.005755013866396126
15003,0.03752497791328542,-0.0013826924335106276,0.4460001225944461,log_pending,0.04185839872167419,workload_per_judge,0.01592490419570514,pretrial_share,0.01420812360486464
15004,0.0013957232225032734,-0.0005346608036195363,0.2307821286505381,pretrial_share,0.004189838091208016,share_criminal,0.0037366915197517897,log_hearing_gap,0.002204696501919889
15005,-0.0027816784109112444,0.0014168095897950362,0.22438428060359075,share_criminal,0.0031486985476597727,pretrial_share,0.002959888082036873,log_hearing_gap,0.001741382408901407
15006,0.02775527581048519,-0.002331292169022389,0.3314825149506729,log_pending,0.04883306564142346,workload_per_judge,0.013028117262340181,pretrial_share,0.010770500446784948
15007,0.023656469397981057,-0.0023842593156713377,0.27625274985183845,log_pending,0.04695460031409729,workload_per_judge,0.011697587019568677,pretrial_share,0.010477265109702968
15008,0.029770093372951265,-0.002151370350310216,0.3190109193571199,log_pending,0.05016512094085779,workload_per_judge,0.020810795839276464,growth_12_past,0.0064283314621733185
15009,0.00030375789602323823,-0.0003246941460610235,0.18657340515816878,pretrial_share,0.002720930855653,log_hearing_gap,0.0015903070392985926,age_bowley_skew,0.0015058616091838451
15013,0.058899746419348926,-0.0003372715481871901,0.27912753046304484,growth_12_past,0.06743747462660749,log_pending,0.029193745137118428,idvr_12,0.02765511912347408
15014,0.09394478154994898,-0.000567574517761713,0.3159291866803088,growth_12_past,0.09463376796996963,workload_per_judge,0.07124891109654737,idvr_12,0.04279644084926405
15015,0.025425327526775676,-0.0017189287220888937,0.15093922809291982,growth_12_past,0.16557664985491624,idvr_12,0.04295505513870593,anchor_growth_12,0.03917208366491589
15016,0.04128119110580095,0.0001597724350006349,0.22322155831494886,log_pending,0.04030315683582647,idvr_12,0.02823168935186147,share_criminal,0.02755425241625265
16001,0.0014619684043623653,0.0014896831547675522,0.14619176943284906,state_loo_vacancy_rate,0.007101648499745007,pretrial_share,0.001993031030101122,log_hearing_gap,0.001689625565504786
16002,-0.006828733885906749,0.0008693165282249564,0.29075426181919345,growth_12_past,0.02566477241618987,anchor_growth_12,0.005578846837343144,log_hearing_gap,0.004946484621888528
16004,-0.0014267548326538319,0.0002578865301968568,0.30305142425275045,growth_12_past,0.016964215963773364,anchor_growth_12,0.005002581052963953,state_loo_vacancy_rate,0.004671447865529036
16008,0.0035996661552003444,-7.913370159239814e-05,0.27973492778043096,growth_12_past,0.026380509583638533,anchor_growth_12,0.006233933347955888,log_hearing_gap,0.004826871218294376
16012,-0.01400141193639891,0.0011028793027592397,0.280580838795896,growth_12_past,0.025104609062634925,anchor_growth_12,0.005415625115407411,state_loo_vacancy_rate,0.004790167435320283
16014,-0.00769216589952393,0.0008158276050172199,0.27362440100940333,growth_12_past,0.014191618296452158,state_loo_vacancy_rate,0.005767803090226877,anchor_growth_12,0.004794767501526672
16017,0.010069644738524825,0.0016767713064747434,0.27284823015133264,growth_12_past,0.020944869024262586,log_hearing_gap,0.005440804854305247,anchor_growth_12,0.005433754062138128
16020,-0.008487033449906655,0.0012176774525454188,0.26649249472329767,growth_12_past,0.01805957926916181,anchor_growth_12,0.005177945686545383,state_loo_vacancy_rate,0.004979364732202506
17011,-0.001880338340756215,-0.0004165477584081237,0.2351952317673055,growth_12_past,0.03648920131903867,anchor_growth_12,0.007775504169991815,log_hearing_gap,0.003214022086876994
17014,0.01745083311682734,0.0003891397466447446,0.31362250585900997,disposal_momentum,0.01153226186593318,share_criminal,0.004777573825172859,state_loo_growth_12_past,0.003235173073649559
17017,-0.007638109813189273,-0.0007106717313152018,0.27073130361775094,growth_12_past,0.033398054775413334,anchor_growth_12,0.00783701595696245,idvr_12,0.0031504879683633977
17022,-0.01015403492339871,0.00026210651644580134,0.07147078667698176,growth_12_past,0.238415779346239,idvr_12,0.07510399550059126,anchor_growth_12,0.061466952752497805
17025,0.005028061607415555,9.822902605782191e-05,0.4061818567264996,disposal_momentum,0.006384856789547835,growth_12_past,0.004088166817689368,pretrial_share,0.0028377516101186708
17026,-0.008590247336508067,-0.00043358849257458566,0.22739689018056025,growth_12_past,0.027942422054971928,anchor_growth_12,0.005864197462840551,age_bowley_skew,0.002574359130201619
17027,-0.02029460378544077,-0.0005540861534200969,0.16159650343856619,growth_12_past,0.07157737888570928,idvr_12,0.02302318637528463,anchor_growth_12,0.012521787019911622
17029,0.009574806666949924,-0.0005192448657997916,0.3638099188242752,share_criminal,0.011277888469756123,log_hearing_gap,0.0031843283230140107,inflow_trend_growth,0.003099877905182287
17031,0.0031947680820017654,0.00030248185785928746,0.35170230883787035,growth_12_past,0.023559632081018373,anchor_growth_12,0.006779752815969992,share_criminal,0.0062411759716762116
17032,-0.0005905738080260875,-0.0007117386420121758,0.3836000342418974,growth_12_past,0.010629106744208078,anchor_growth_12,0.003476647740355575,share_criminal,0.003158622413458552
17035,0.00543261200800736,-0.00030686921486979506,0.28033328932870094,log_hearing_gap,0.004052815756397974,age_bowley_skew,0.003925346569338868,state_loo_growth_12_past,0.003295127305210411
17036,0.025199040487534793,-0.0004247342449246593,0.40179586546863777,pretrial_share,0.008987757413342297,state_loo_growth_12_past,0.004860986432052141,age_bowley_skew,0.004837269086557589
17037,-0.020408153239060332,0.004714193347386923,0.12025277664379071,growth_12_past,0.17556031768873048,idvr_12,0.06347748557151545,anchor_growth_12,0.042109916857231845
17039,0.010525749424015188,-0.0006919610478555701,0.272163763742539,log_hearing_gap,0.0047195487741631134,share_criminal,0.0042304055304058005,state_loo_growth_12_past,0.003753027491067378
17040,0.029698404168643746,-0.00045259648904413097,0.5140083500664447,pretrial_share,0.007937496736340902,age_bowley_skew,0.005939131786391202,log_hearing_gap,0.00424484073168112
18001,0.0007132666435993012,-0.0013520252512395803,0.22214013389005557,growth_12_past,0.07869138696352941,idvr_12,0.027861617416708572,anchor_growth_12,0.020029652185645373
18002,-0.009452317835825893,1.390814901462329e-05,0.33081956683253844,growth_12_past,0.014304445280099672,anchor_growth_12,0.004538018081872529,log_hearing_gap,0.003706328337863037
18011,0.004383929762590373,-0.0005796391504807311,0.2535837797204189,growth_12_past,0.02955301328304449,idvr_12,0.012326867714593116,share_criminal,0.00580434848913422
18012,0.016671376939038418,-0.0009136684216312959,0.24541349249165006,growth_12_past,0.035990359855750144,anchor_growth_12,0.007570468983864533,share_criminal,0.006156707843714004
18015,0.03517783243637216,-4.1944902675155736e-05,0.4032154354964142,growth_12_past,0.02531870582630023,log_pending,0.016181406133172357,workload_per_judge,0.011110248069283136
18016,0.037310987073003316,-0.001016519175324515,0.3026282524235298,growth_12_past,0.03264130806734833,idvr_12,0.022662217590385045,workload_per_judge,0.013899304567614096
18017,0.04103082025743474,-0.002301255212175131,0.24667993809128255,growth_12_past,0.07818162764541552,idvr_12,0.02581881139825056,workload_per_judge,0.022053997436006677
18018,0.018576901047752614,-0.00039851592878485014,0.35814402073691354,growth_12_past,0.020743649653210534,share_criminal,0.008247636976468584,log_hearing_gap,0.00512366081832823
18019,0.03526404106714415,0.0002927112463098007,0.203731485332776,growth_12_past,0.07833457058866129,idvr_12,0.02473193506947955,log_pending,0.015346885795268104
18022,0.00617333830268492,-0.0021831860215283058,0.1082213984871969,growth_12_past,0.3384062200057158,anchor_growth_12,0.1105780909521411,idvr_12,0.1059170709254773
18023,0.0143553935876631,0.0011861291419499225,0.26009789171524184,growth_12_past,0.04682569641808783,idvr_12,0.019285566654527093,anchor_growth_12,0.011613194646858355
18024,0.014135123873737615,-0.0006234146681515044,0.24735841606838216,growth_12_past,0.035457293107477125,idvr_12,0.017812751441735237,share_age_gt5y,0.00996269961430146
18025,0.014484551117246714,0.002794627719995629,0.341569400207975,growth_12_past,0.025440179098033467,log_pending,0.024355619341472335,pretrial_share,0.014539015823097103
19001,0.013820766544746805,0.01584592688127842,0.3772062791785856,growth_12_past,0.028013746411128353,workload_per_judge,0.02771104259861113,log_pending,0.021258273478332246
20003,0.011918755083955086,0.001910118178487303,0.40577688814497914,growth_12_past,0.025515888458358397,log_pending,0.023044752618643825,workload_per_judge,0.014448527188235648
21001,0.07150302042578824,0.008730755075135472,0.4163961998785823,growth_12_past,0.05176584719328243,workload_per_judge,0.04219428716305847,disposal_momentum,0.028810931951154688
21002,0.10347049407507958,0.0043595664722683525,0.19586642504347615,growth_12_past,0.24940158380979605,idvr_12,0.06296229251501642,workload_per_judge,0.06161111976430407
21003,0.05422606347603728,0.005215640970315219,0.34461456877527796,log_pending,0.05933249773846859,workload_per_judge,0.04316261936113115,growth_12_past,0.01649760764532571
21007,0.03205209744133971,0.004593500491626543,0.16199684679194842,log_pending,0.144392826245416,idvr_12,0.013532606626087029,inflow_trend_growth,0.012244706372483968
22001,-0.0011553273900363685,-0.0006565764795417076,0.279694459371376,growth_12_past,0.018122183502862415,anchor_growth_12,0.005190609788952111,age_bowley_skew,0.003255926725694719
22002,0.00595068187827601,0.0007978122602319553,0.247970066793188,growth_12_past,0.03281658337235411,share_age_gt5y,0.006378199445959356,anchor_growth_12,0.006198137322715423
22003,-0.007482082460475883,-0.0004764462817577547,0.149326654076654,growth_12_past,0.04040191049217843,idvr_12,0.02306987530377276,anchor_growth_12,0.00971681053449475
22004,-0.0038394783759193372,0.0008831285330793111,0.11867495360021618,growth_12_past,0.07940710625838883,idvr_12,0.023614269929414206,anchor_growth_12,0.02065474919148173
22005,0.005503673326792359,0.00022998265960928242,0.32637065247557717,growth_12_past,0.01854563371019726,share_age_gt5y,0.006437110053867667,anchor_growth_12,0.005216202473645444
22006,0.018807610885784823,0.0006939410351999646,0.32104246557381794,growth_12_past,0.0389866451539281,share_age_gt5y,0.011437261345115341,anchor_growth_12,0.007335708278233123
22008,0.004587173396561993,-0.000585334464468451,0.2919296066082688,growth_12_past,0.012262826890497038,anchor_growth_12,0.003433020613019694,share_age_gt5y,0.0031724866156222493
22009,0.0059846702411117565,5.121126657098951e-05,0.2847233431796702,growth_12_past,0.03612718139375492,idvr_12,0.01481680546069547,age_bowley_skew,0.008801421741145172
22010,0.011934712264839654,0.0006026786727500529,0.2954134520924382,growth_12_past,0.02301741628317618,share_age_gt5y,0.008081041475677661,anchor_growth_12,0.006091232922193156
22011,0.0028013379763346252,0.0006924753980176689,0.1399089206609639,growth_12_past,0.08453164469776105,idvr_12,0.02046450621678061,anchor_growth_12,0.01834689133683923
22012,0.01327960118478062,0.0004169940737780262,0.21575484973079134,growth_12_past,0.04634786679429662,idvr_12,0.02482660802347799,anchor_growth_12,0.01039540126181982
22013,0.021894406934222035,0.0010128966572649418,0.45805119690656576,growth_12_past,0.01612600412987961,share_age_gt5y,0.007163889667380881,pretrial_share,0.005008923658347751
22014,0.017388843083282625,-0.000953727521899155,0.35530259838505096,pretrial_share,0.007435724721282893,log_hearing_gap,0.0046110506490910355,state_loo_growth_12_past,0.0032892510070227326
22015,0.02667593285341831,0.0024641884480757132,0.5699438648600746,log_hearing_gap,0.007973966522719022,disposal_momentum,0.007800745851800767,pretrial_share,0.007075804400215317
22016,0.007049323470544007,0.0007144258494772248,0.14209637930945618,growth_12_past,0.10248838958456263,anchor_growth_12,0.024071807962704302,idvr_12,0.022030251229744165
22017,0.021252333812355584,0.0011987258399384002,0.47094336509329104,disposal_momentum,0.015775522604293882,growth_12_past,0.0073545757488326985,pretrial_share,0.0029549139453321745
22018,-0.006088335051963125,0.0013652142916877818,0.18977532931120542,growth_12_past,0.03478287522187209,idvr_12,0.020358699537221088,anchor_growth_12,0.005661272943235106
22019,0.005759304072259948,-0.0005324491961641762,0.3618460921368263,pretrial_share,0.0038951795800569802,share_age_gt5y,0.0033773342462000817,log_hearing_gap,0.00315081981330637
22021,0.021850560679279533,-0.0011501925878409955,0.2367969779320516,growth_12_past,0.04187679854693591,idvr_12,0.023545964092236863,anchor_growth_12,0.010579361448967067
22023,0.016762137081566226,-8.863303866352639e-07,0.2733487500392643,growth_12_past,0.041768822138190644,share_age_gt5y,0.007662425384128345,anchor_growth_12,0.006479336046080624
22024,0.016053489280961224,-0.0006661809597321548,0.25883993939642747,growth_12_past,0.045532616315210946,share_age_gt5y,0.009730224984558777,anchor_growth_12,0.009047591396561314
23001,-0.011172931546927419,-0.00040313655924983504,0.29215859095102603,growth_12_past,0.02246869365964699,anchor_growth_12,0.005294040390915665,log_hearing_gap,0.0032328421960752182
23004,0.0007675416585024783,0.0005086251240844443,0.2328477782898436,growth_12_past,0.05925628845843199,idvr_12,0.020995804333905597,anchor_growth_12,0.011545454067156865
23006,0.007481842776189573,-0.000543394419534102,0.39638490522830516,log_pending,0.019495319333707673,growth_12_past,0.012343953735137041,log_hearing_gap,0.008314833265456728
23007,0.008486561498797826,0.0005477307039549425,0.22222910170261367,growth_12_past,0.03905702533176962,idvr_12,0.021220701188904907,share_age_gt5y,0.01001136081395635
23008,0.017127403741936734,-0.0005682724007990147,0.3109111318335555,growth_12_past,0.03617419386487357,idvr_12,0.01966094875108678,workload_per_judge,0.008538789224253442
23009,0.009098095503265527,-0.000444935130966191,0.23900474262853033,growth_12_past,0.03621819563283435,idvr_12,0.021487418307263216,anchor_growth_12,0.009460573770707133
23010,0.008181700380080767,-0.000695646238508458,0.26504569486109086,growth_12_past,0.02029145939656737,anchor_growth_12,0.005654249193566596,pretrial_share,0.004771461840104146
23022,-0.011691655024907733,-0.0009828825937365883,0.32105735852602874,growth_12_past,0.02679133030303417,anchor_growth_12,0.005303089066222121,log_hearing_gap,0.0035408312257821013
23028,-0.005358653730251096,-0.0005211910620452559,0.2905814700217439,growth_12_past,0.017013624047498732,anchor_growth_12,0.0049397501496173685,log_hearing_gap,0.003387465207770456
23029,-0.015366627067021615,-0.0004658908870050231,0.3069835350390866,growth_12_past,0.028230940322746003,anchor_growth_12,0.005214196615314392,log_hearing_gap,0.0032346977998394854
23030,-0.005981998757797886,-0.0006920370533785097,0.33627082716876294,growth_12_past,0.014615033249880366,log_hearing_gap,0.005665127305154034,anchor_growth_12,0.004351598591738529
23037,0.0018967612225475857,-0.0005361673403132647,0.19962334363440265,growth_12_past,0.029765653556880635,anchor_growth_12,0.0061870644113726486,log_hearing_gap,0.0024841990832599426
23038,0.0037809937214946,-0.00048253077733157227,0.26197887693496646,growth_12_past,0.01814039759078804,anchor_growth_12,0.005376495069737261,share_age_gt5y,0.004533152346325166
23041,0.00303226994353749,-0.00043446552446397933,0.4656270139291601,growth_12_past,0.009920304391012883,log_hearing_gap,0.005051805997694741,pretrial_share,0.004631764174384066
23046,-0.013995988309010964,-0.0003170660782745417,0.2580754586471531,growth_12_past,0.036724475986527255,anchor_growth_12,0.00682115639208059,log_hearing_gap,0.003261713900492135
23047,-0.01024665972305792,-0.0004125192445515214,0.32455764892753053,growth_12_past,0.010444029333263374,log_hearing_gap,0.003828356804743693,anchor_growth_12,0.0026830202882309755
23049,0.020328680379414838,-0.0007571963483005983,0.32513351689918357,growth_12_past,0.02330619613105879,log_pending,0.018468846093677615,pretrial_share,0.012906782742870148
24001,0.07698973692422943,0.0061617485845753845,0.1396726603047651,growth_12_past,0.3649053679159242,anchor_growth_12,0.11736997535256219,idvr_12,0.07663623184734207
24002,0.11805689851495402,0.0007725009405908796,0.30742147239308587,growth_12_past,0.09490440021722694,log_pending,0.09353921821636398,workload_per_judge,0.07774734908874167
24003,0.12737970845918192,0.012373396153501241,0.23107576112559564,growth_12_past,0.24499801296572468,workload_per_judge,0.08062055702511134,anchor_growth_12,0.06035664221965873
24004,0.07657626709356172,0.003897425970927681,0.23742486033985707,growth_12_past,0.16372222045340995,workload_per_judge,0.060541433134798386,idvr_12,0.043901221022441934
25004,0.060054042275511615,-0.002440719376324083,0.27623011046095525,growth_12_past,0.11232562303289613,idvr_12,0.04147921622824241,workload_per_judge,0.02692729302947318
25005,0.06952434496861985,-0.0020663346520343844,0.31077960573117946,growth_12_past,0.09396462531883278,workload_per_judge,0.04042460277937705,idvr_12,0.0349520560866498
25006,0.10615069372452383,-0.001454805948561534,0.3996080905158447,log_pending,0.047407657884784675,growth_12_past,0.04691261332668301,workload_per_judge,0.035743210548692915
26001,-0.0033473648619451717,-0.000641168327444923,0.34731557639062893,growth_12_past,0.01373159492167023,log_hearing_gap,0.006487981586391705,anchor_growth_12,0.004069354441978218
26002,-0.009264544365740828,-0.0006465591742965488,0.2990040474890328,growth_12_past,0.01573273128243729,anchor_growth_12,0.0050223786388975625,log_hearing_gap,0.0044423982074716485
26003,-0.010398402068154951,-0.0003771117582703648,0.31020300682284335,growth_12_past,0.015647560422863326,anchor_growth_12,0.005010773595248796,log_hearing_gap,0.003988332406655531
26004,-0.00589201998337181,0.0008592860963842635,0.2774236969633182,growth_12_past,0.010419994834252072,log_hearing_gap,0.003524757366030112,anchor_growth_12,0.0033300147651565653
26005,-0.009508242198429058,0.0006878840069903813,0.30851246917710456,growth_12_past,0.025729793077918735,anchor_growth_12,0.005903485354837233,log_hearing_gap,0.0032710593199884214
26006,-0.006426353468582167,0.00019445916584735946,0.3459698844468208,growth_12_past,0.010791442222408592,anchor_growth_12,0.003967164374482826,log_hearing_gap,0.00344202661585435
26007,-0.007278198622036131,0.000410020191898924,0.36163101345094567,log_hearing_gap,0.0039356064725270526,growth_12_past,0.002863798703030782,pretrial_share,0.002790556943980046
26009,-0.014670574306332451,0.00018163414527131222,0.296110752434045,growth_12_past,0.02487515649687415,anchor_growth_12,0.005927938532784638,log_hearing_gap,0.0031936588612594577
26011,-0.019859709760749862,-0.0005898876986624046,0.23792027136583177,growth_12_past,0.030849175674807525,idvr_12,0.02301887241319964,anchor_growth_12,0.009403632367540386
27001,0.015036852561354896,0.000879724931626024,0.2723131092498308,growth_12_past,0.04040782180254381,share_age_gt5y,0.009861980612393134,anchor_growth_12,0.00821607380793288
29007,-0.002823002392299178,0.0009798582914760886,0.28057904895109476,growth_12_past,0.01691410049668837,anchor_growth_12,0.004587847437397214,log_hearing_gap,0.0038794466524617664
29008,-0.010188194064034088,0.0015314352768514914,0.23256748397129198,growth_12_past,0.029748347257116017,idvr_12,0.01930714143335298,anchor_growth_12,0.008688768550341515
29009,-0.008593102173890352,0.0005493509333238004,0.35142457821656187,growth_12_past,0.015837700182072426,log_hearing_gap,0.005316430540313321,anchor_growth_12,0.004609608434007291
29010,-0.012632571087303823,0.0008037977445146811,0.2885204181367676,growth_12_past,0.026160644172194426,anchor_growth_12,0.005491321829063606,log_hearing_gap,0.003499397370283876
30001,-0.003282488135043011,-0.0006091638971352083,0.2645961166693294,growth_12_past,0.010970522384214504,log_hearing_gap,0.0037338734850849687,anchor_growth_12,0.003117156278818718
