,0
eps_judges_ols,0.14707042753722657
eps_judges_ols_se,0.03626858960302202
eps_judges_ols_pooled,0.1856016863166566
eps_gap,-1.0
eps_gap_source,0.0
eps_judges_iv,-0.004268962823133157
eps_judges_iv_se,0.5186366181944605
eps_judges_iv_first_stage_coef,0.3562803153172664
eps_judges_iv_first_stage_f,6.23294403137194
eps_judges_iv_n,25279.0
eps_judges_iv_clusters,29.0
eps_judges_identified,0.0
eps_judges,
judges_recorded_dec_2010,2757.0
judges_recorded_dec_2011,4170.0
judges_recorded_dec_2012,6325.0
judges_recorded_dec_2013,9443.0
judges_recorded_dec_2014,11940.0
judges_recorded_dec_2015,13254.0
judges_recorded_dec_2016,14532.0
judges_recorded_dec_2017,15448.0
judges_recorded_dec_2018,16324.0
