district_id,origin,growth_12_q10,growth_12_q50,growth_12_q90,cr_12_q10,cr_12_q50,cr_12_q90
1001,2018-12,-0.029208825636822658,0.04428715457272456,0.16887366019055966,0.7762127619256906,0.9373195295352191,1.0217139455777855
1002,2018-12,-0.044785964151663374,0.0063099191774071105,0.08900233061647869,0.8530347482815466,0.9898286860375094,1.0592887141529146
1003,2018-12,-0.15363531511264683,-0.05850195929529443,0.07235842115101601,0.8077343203639242,1.0606418427261044,1.262696929221185
1004,2018-12,-0.006203451763218307,0.04863301945998351,0.1474770447760284,0.7145651322903696,0.8350482347706852,0.9690070733969808
1005,2018-12,-0.0381042180254076,0.023118209510298394,0.11470451214524768,0.7970730662601034,0.9358610678085588,1.0492031246391806
1007,2018-12,-0.0649108871787483,-0.004569151465179482,0.06553629418191663,0.8670543845444599,0.9908050324975706,1.1173385975356838
1008,2018-12,0.002251069822726645,0.06492391231508907,0.15458542517189652,0.6893967646554028,0.8394439043719673,0.9613248784322426
1009,2018-12,-0.03938187234306588,0.010244678385983308,0.10135757662275288,0.8142291028324424,0.9597742839900033,1.063808513532564
1010,2018-12,-0.04974743792928413,0.008823268734107291,0.0934314245618148,0.8523864236851155,0.9863378773034235,1.0561754532634944
1011,2018-12,-0.04287900407726407,0.01588159093270551,0.10783046605235372,0.8174732404000937,0.9850603665673594,1.0642560255771691
1012,2018-12,-0.04015873790312641,0.025345983252766102,0.16213609277501084,0.8284268330898504,0.96686359889186,1.0591969023123986
1013,2018-12,-0.03814068150582049,0.02707017172019241,0.10954923189610849,0.797427801890517,0.9454671240250976,1.0758752688654711
1014,2018-12,-0.03859161113247965,0.02515481022335113,0.10561805661896058,0.8148422209923969,0.9383637104665877,1.0458386741449384
1015,2018-12,-0.056601974551592715,0.001995839134524856,0.0791750803961675,0.8563419534898066,0.9763867722895154,1.0781989834102723
1017,2018-12,-0.05061384833191064,0.005872092650636738,0.07895820182949637,0.8383785914531128,0.9807674077709236,1.067824742060977
1018,2018-12,-0.024902636413131854,0.0275159659960114,0.10015983626367767,0.7822015484883037,0.9153910743186628,1.017151798894032
1019,2018-12,-0.062318105239434596,-0.0010984168995522813,0.08118627419985563,0.851439206787702,0.9864222537779951,1.109896037808038
1020,2018-12,-0.0314926645295138,0.022512049129354686,0.09650909485380901,0.7765084682484711,0.8946887136393484,1.025728826789107
1021,2018-12,-0.019795131149776934,0.04159409470642274,0.1166593631097741,0.6649728424263563,0.8166070495434942,0.9501600616419633
1023,2018-12,-0.08937321508953797,-0.025726079871901092,0.11349789419872702,0.7557188245549822,0.9869758107993023,1.1178806635497374
1024,2018-12,-0.008168435703512736,0.0321132955088511,0.1032813673149435,0.7867635954353034,0.907431659335378,1.0245085671328602
1025,2018-12,-0.024872008874898974,0.0031595191187209215,0.09732350144230903,0.7367961285393367,0.9015112207659707,1.0140739835701376
1026,2018-12,-0.03385897129829639,0.01062508009898136,0.08746383287745199,0.8164979948350247,0.9537047430154639,1.064275181773489
1027,2018-12,-0.016269038117684598,0.035588268489850715,0.1014454800436734,0.813905247183422,0.9341976705181154,1.0350354920889595
1028,2018-12,-0.008330171186601412,0.047172370722815854,0.11662740496096252,0.771738606521655,0.8991826149431027,0.9978336095505508
1029,2018-12,-0.05244310638081229,0.005968856796522197,0.0657118830706733,0.8713589505974285,0.9758910134951363,1.0734220362525093
1030,2018-12,0.0025328846631827995,0.04847106493275774,0.12209548805122877,0.7622907504036126,0.8689095419223379,0.9958041652358691
1031,2018-12,-0.030866535269256673,0.019447374706704407,0.09531616438067922,0.8624612232298343,0.9759345873276495,1.0786815928266815
1032,2018-12,-0.02542308542294401,0.01856003593321902,0.10254981054839404,0.8187764007120619,0.9761005064418645,1.0542993624469692
1033,2018-12,-0.08468025308606635,0.048613428607517606,0.17071683449502162,0.7233082446887873,0.9125752028343815,1.1441930179260447
1034,2018-12,-0.0263255013574904,0.03399504377739747,0.0979549030948168,0.7757170079068387,0.8980148115980977,1.0269608604842064
1035,2018-12,-0.12197711602846863,-0.04186133253532305,0.07301243384663618,0.8711854144745829,1.0240073940193364,1.170098311592005
1036,2018-12,-0.08407995492152665,-0.024760250393957343,0.06878537948245002,0.8897800605712629,1.0198649247160332,1.118556118669726
1037,2018-12,-0.024003845852029956,0.03635620728532822,0.10030143150263911,0.8145906946890623,0.9407227515030921,1.0717911947584784
1038,2018-12,-0.07189989655199465,-0.006747126044641831,0.08531479694300875,0.836915524967894,1.0302760999575953,1.1896625382464578
1039,2018-12,-0.1909234046020027,-0.018360367744746087,0.043993439841780946,0.8235181765851318,1.0360341659886028,1.4886337251567956
1040,2018-12,-0.06517839095906049,-0.014199794964331016,0.06854757652793236,0.8846527168098743,0.9878325588661536,1.098396743544774
1041,2018-12,-0.13011831073290236,-0.021261072576715365,0.1328309812087161,0.8109477911657295,1.0155680521845487,1.173007062715083
1042,2018-12,-0.062176085855568455,0.015821483787490494,0.13898459949175596,0.8377597700008823,0.9573799256029326,1.0782486631140573
1043,2018-12,-0.14668812985117358,0.003978990496660496,0.1531482719387324,0.6033718463688144,0.9756642098533883,1.1729619880864086
2002,2018-12,-0.10435952265508139,-0.041633011913605675,0.03685693432675692,0.9633374641852428,1.045583735064589,1.196308913738798
2003,2018-12,-0.07752687619619712,-0.017166969775589316,0.062311723662503385,0.9346775995293224,1.0490227661499363,1.1580587996809037
2004,2018-12,-0.05156726722269214,0.014499120561227,0.07343285828655294,0.8560029925749965,0.9642007133550123,1.0806886837551568
2005,2018-12,-0.05362202980283734,0.013771455658475804,0.07108210143036865,0.8630452908501848,0.9711983209620649,1.089235394038222
2007,2018-12,-0.02907393138185621,0.03132355613575784,0.09633787203895017,0.8320746909674797,0.9609497384143683,1.076049497804887
2010,2018-12,-0.037244970143497716,0.024988183698948112,0.08467186970779075,0.832692863582694,0.951693401219901,1.0742262943712948
2011,2018-12,-0.09151683930978667,-0.02174379084195713,0.05799460616952902,0.9344847330465865,1.0231467368080995,1.1565424364458865
2015,2018-12,-0.13449450653781375,-0.05602978906851174,0.020768405953189767,0.9854117933897799,1.0993315720038566,1.2762043232091993
2017,2018-12,-0.08278646691573546,-0.0200736790548034,0.05695318336018064,0.922961408315473,1.033974291013985,1.1754449077624485
2019,2018-12,-0.1434013702019723,-0.046878287997945495,0.033569496162748624,0.9733626377648714,1.0569604371439318,1.2298197587717592
2020,2018-12,-0.12566140740815024,-0.04825429757733468,0.031322706631705124,0.9857548756750399,1.066115764283143,1.2128752188413716
2021,2018-12,-0.07651955690343047,-0.012360870375351916,0.0785355957862516,0.8921800759468403,1.0093106334701303,1.13153622882148
2023,2018-12,-0.103252425004748,-0.03917115328163282,0.041530763705026466,0.971839798832086,1.040685719654331,1.2004290888962363
3001,2018-12,-0.024270578096190418,0.022923112108621628,0.10237166251712007,0.867678863667271,0.9730637802500758,1.0806917326648287
3002,2018-12,-0.015822360115081396,0.026120521016380703,0.10106246053402534,0.8592403156993257,0.9764341022918543,1.0829508567267356
3003,2018-12,-0.009339401180974802,0.03100088527070017,0.10629609877521565,0.8472236991348965,0.9550642770790639,1.0620725751592648
3004,2018-12,-0.07221428123169181,-0.014092235458682684,0.07025240863480416,0.8992189679841959,1.0217762792000986,1.136187398712063
3005,2018-12,-0.069714472557167,0.003422756651421069,0.08998419964793913,0.8825119510641174,0.9873090955483602,1.1059441859282337
3006,2018-12,-0.1487841693404236,-0.05414615176502782,0.029015013741764017,0.9753126209858367,1.092690269454605,1.2435022744664463
3007,2018-12,0.011510478388117487,0.07003186908589572,0.17153132988863828,0.768812778854648,0.906818499429111,1.054270246359418
3008,2018-12,-0.02320874846525009,0.02829940410690201,0.12064991986277185,0.8574211887912131,0.9753579203016876,1.091793900281361
3009,2018-12,-0.02472972808676946,0.020028088683044593,0.09108156700888632,0.8953833219438956,0.9832997313756264,1.086072581215535
3010,2018-12,-0.06742168219182029,-0.008460627750408976,0.07503935454260176,0.8850884452273552,1.0222938848865288,1.1350408019153462
3011,2018-12,-0.07481269564326477,-0.01586713623258149,0.06506956360612663,0.8989360168419585,1.0229541197752998,1.1398145625455016
3012,2018-12,-0.027687617128865402,0.020162231164590066,0.08843077918698877,0.8958553254182824,0.9842811665417237,1.0900743123103669
3013,2018-12,-0.07766623471743508,-0.0017458520955726774,0.08516570802784168,0.8797396526321692,1.0043943269110742,1.128703886563978
3014,2018-12,-0.020038050864293513,0.01632461538039809,0.09839159540071782,0.8858717912143744,0.9957151167994015,1.0923730899910922
3015,2018-12,-0.05978187852883393,-0.007577546655218752,0.0818962127880245,0.8898927739642528,1.0162834016639404,1.1219296999283843
3016,2018-12,-0.03228835694381925,0.04723446609131274,0.14314226568150581,0.8380145426118388,0.976309213526791,1.0897585571464314
3017,2018-12,-0.03518524214206331,0.016536826477041904,0.0785429417946059,0.878253744928684,0.9810693940654406,1.0870738871933465
3018,2018-12,-0.029210345453747177,0.015336219516748462,0.08910257447654407,0.8716367131299321,0.9887212756040528,1.0819632925657916
3019,2018-12,-0.05458522735377118,0.007057200588278495,0.07410085291126953,0.8890100747185871,0.9906027484966111,1.1027631927341823
3020,2018-12,-0.11577822283756847,-0.05776610146541468,0.047465264144958344,0.9244252215170741,1.0649431690554163,1.2004506831944273
3021,2018-12,-0.01166835515844615,0.04549173735119223,0.13165099491416365,0.7420057797512823,0.8645730153349533,1.0278961274551364
3022,2018-12,-0.0218807221157752,0.015281163908357223,0.10026781598889353,0.8437542363341419,0.9692107483772545,1.0735871164879112
3023,2018-12,-0.0389942631344614,0.0069812684738126615,0.07928183325825076,0.8658301443568989,0.9940639012706303,1.0835455724121026
3024,2018-12,-0.018333189001190284,0.020916492286759056,0.10936838481567338,0.8853106442772891,0.9924730762416697,1.0906457853824456
3025,2018-12,-0.12373810360842841,-0.0512370885040116,0.053721859162694396,0.9212408218655113,1.0478615616905342,1.191318838852967
3026,2018-12,-0.02888823762327912,0.010131802268764652,0.08808776044933284,0.8546278286832689,0.9746808815628524,1.0808392123987933
3027,2018-12,-0.013218265265078674,0.04129262992308282,0.13000995580598232,0.813867611765761,0.940171341053714,1.0747524699888733
3028,2018-12,-0.02187928809887761,0.02741463773591246,0.09854885173155611,0.8055532734887096,0.9185467127254177,1.0631324799800899
3029,2018-12,0.0009779574045947897,0.043285757516582875,0.13391238558690144,0.8096883651638451,0.9305496881651717,1.0452836780890697
3030,2018-12,-0.118082858895574,-0.03425391130708465,0.0779575609623068,0.9063302400618336,1.0323322131550126,1.145919332374696
4001,2018-12,-0.1576404288757839,-0.02572124090150625,0.04392314905993683,0.9640520940306122,1.0483163664206132,1.2079459172363531
4002,2018-12,-0.08627434073679592,-0.017732640813036854,0.09402296634458639,0.8722658122740722,0.9999303863289019,1.1233727453976305
4003,2018-12,-0.0892952983452872,-0.03108566041860163,0.06205312115831342,0.924493152529056,1.006555779753777,1.1255817186869792
4004,2018-12,-0.12123847404108322,-0.04803960674233372,0.04693984276141165,0.9217057366272602,1.0538004550202955,1.2501665723843378
4005,2018-12,-0.0600424347846045,0.012220863732945592,0.09739243407098087,0.8694756058370716,0.9651497534378306,1.0720933804042878
4006,2018-12,-0.09463828861923336,-0.03307832016461523,0.06356728668258806,0.9185428432477926,1.01308418971694,1.118280165606775
4007,2018-12,-0.15425644322345422,-0.04664793202321525,0.09663728293558232,0.9452883331488496,1.0745261461825946,1.2275402955297192
4008,2018-12,-0.04592553037755445,0.0005184362659918507,0.10536790791354815,0.849744756841797,0.9751756320957531,1.0761401104086326
4009,2018-12,-0.03680077801628266,0.03188009737783742,0.13599686725799207,0.7150974786155494,0.8773043899186455,1.0719744363765482
4010,2018-12,-0.1047269353270552,-0.02302127861192503,0.06881938504522389,0.909411825175752,1.005120762862353,1.1336644590893852
4011,2018-12,-0.12812075335328404,-0.032435421653808263,0.10274760224014312,0.8297285934899421,1.051618590094789,1.2133736812923974
4012,2018-12,-0.09375498590210492,-0.01575954625837346,0.11744938542518668,0.7784796296628628,1.0018111784435129,1.1343429870062058
4013,2018-12,-0.08990504260977568,-0.02533457242478069,0.2232287463712856,,,
4015,2018-12,-0.09316554440175771,0.001824229765076596,0.12615888592405844,0.746371383090474,0.9346570957562809,1.1547664503596797
4016,2018-12,-0.1302187245939641,-0.05982358185082672,0.04971406704987935,0.9276930771869586,1.0226261177162557,1.1785114477236505
5001,2018-12,-0.019344336778503418,0.05081280741284626,0.12181206129615985,0.799172948169947,0.9032013225467371,1.0478617760020699
5002,2018-12,0.00043741509267640477,0.055400791039818806,0.1393587169689658,0.8016850592393483,0.9147785989783296,1.0305756362904819
5003,2018-12,0.003120193588378964,0.08797431077485009,0.21329459506375997,0.8248730968684012,0.9504308105327297,1.0306062346879763
5004,2018-12,-0.002125604279439461,0.06246489658025495,0.13398595144136413,0.8305902247845883,0.942060399492698,1.0254238823586204
5005,2018-12,-0.08127883847240647,-0.0015549216890894425,0.12948642371515226,0.8672538866448418,0.9759167261164977,1.107344706758349
5006,2018-12,0.02281207082721297,0.07163306953856154,0.17062671218315884,0.8422249563938982,0.9485097748985317,1.0295080236303198
5007,2018-12,-0.010467983406055481,0.05586289556216843,0.17647330121904858,0.7702724614267727,0.9317816233017812,1.0524999305126395
5008,2018-12,-0.006780454558857271,0.10834474084258147,0.236049046478053,0.8079379629897641,0.9716648962552686,1.0662840045811621
5009,2018-12,-0.013100390356795513,0.10906143551540129,0.23431844743403524,0.703339225030583,0.9118493512774386,1.0248871565553768
5010,2018-12,-0.0813788912198422,0.1418282872408436,0.29186435963446367,0.7990816799593912,0.9462156695167688,1.0359481841382832
5011,2018-12,-0.08629288110555776,0.11930099150221518,0.2925450612234121,0.8558333919446092,0.9710163389696035,1.0776668461915722
6001,2018-12,-0.1826207428501631,-0.039680688496430194,0.0719307333619238,0.7924806436364087,1.0481215860235151,1.2269921200712588
6002,2018-12,-0.0938859590013615,0.01036041745553791,0.13771840812854633,0.849035431635197,0.9590614428179067,1.1279404319607012
6003,2018-12,-0.2844188573253288,-0.05697555333934742,0.29404795695291597,0.49997110020793367,0.9861726101801119,1.4519289752277884
6004,2018-12,-0.11447478766981244,0.12036846361198336,0.2602148035175378,0.6722590473488455,0.8825764981417649,1.1345169628513032
6005,2018-12,-0.042049475364623876,0.06838401720677142,0.21856759634935247,0.6480766531518859,0.8733383177070778,1.0911642318442043
6006,2018-12,-0.22148628230059175,-0.06348334495231908,0.12532886037215796,0.7573609299673364,1.1214934552866533,1.3070078131255305
6007,2018-12,-0.10110419531841718,-0.005000180554169689,0.17214566651450885,0.7450093930898944,0.9708915770311993,1.143482686208241
6008,2018-12,-0.0355300892773415,0.05382581932427749,0.16468163055823348,0.7709339262104984,0.9139580057019465,1.0546677369638875
6009,2018-12,-0.0476580687256669,0.161771805060352,0.34267426851325533,0.610892400863843,0.8431219480695381,1.0170355764099304
6010,2018-12,0.003805823469826747,0.07537272580719649,0.16542809639660538,0.7490266471358799,0.8643999539012535,1.0023776655245218
6011,2018-12,-0.022529085270494395,0.0642286080719614,0.1882697343646617,0.7641986640259293,0.9224478078468061,1.051164864527074
6012,2018-12,-0.08119527252998694,0.03129736807622063,0.19195898039456516,0.6975934421003561,0.9600480896366977,1.1293729176109415
6013,2018-12,-0.062282386153497175,0.022300375471143677,0.13425080169874049,0.7809414429997232,0.9717244942747443,1.136073973938207
6015,2018-12,-0.10438841865117875,0.029703727781224668,0.15644519017961095,0.7736757797512452,0.9655802472369386,1.123223275286787
6016,2018-12,-0.132729623722396,-0.02787724553414654,0.08863393669759398,0.8458589385675276,1.0391620174527367,1.2294038571798187
6017,2018-12,-0.3068873825881742,-0.07473221994394946,0.23506622299134583,0.6435025800636781,1.0158994324505417,1.216264806209531
6018,2018-12,-0.047569820859074574,0.04336356271359718,0.17245257711882517,0.8300589134859196,0.9516168086981568,1.0693682393068404
6019,2018-12,-0.13445596998424314,-0.008819030789703225,0.15206433711821504,0.8333357128903129,0.9934855328573918,1.204679168335168
6020,2018-12,-0.12869274442914208,-0.015022227077927677,0.1210515662330626,0.8113232702193809,1.047672143883871,1.2482471350696733
6021,2018-12,-0.01600942178761848,0.06818184638906578,0.15815394758676513,0.7744599461059496,0.9044232703301351,1.0531097125185633
6022,2018-12,-0.059578177516001085,0.05160144576132335,0.18845566987404874,0.7678851309211897,0.9231913735124925,1.0851845091913281
6023,2018-12,0.005702357588160706,0.08588457106782932,0.1839077421921974,0.5941818175927691,0.8165617954945936,0.993990391106648
6024,2018-12,-0.5988650423440874,-0.26549812027661457,0.2381588390009055,0.37247150211346824,0.9407277503054281,1.3414608825712393
6025,2018-12,-0.11432692811658683,0.04307397777033741,0.20993676931768884,0.6877242878859555,0.9350768459730286,1.139342491554979
6026,2018-12,-0.09491538518521851,0.18342724160244475,0.42993987618924445,0.6710953525086032,0.9742942833702098,1.2497929855337677
6028,2018-12,0.05439088274648958,0.8921681552532332,1.4902786493415694,0.37310472960698926,0.7388000062243062,1.126090279506128
7001,2018-12,-0.09762943587278078,-0.03255600632489026,0.09713829006237955,0.8809980124558872,1.0405537929800537,1.1367493808122529
7002,2018-12,-0.08495829354042478,-0.029459910031442833,0.12349277551157117,0.8375774516490407,1.0290474293415994,1.1352020423597549
7003,2018-12,-0.11824317859914134,-0.06127893670375294,0.06824285999557592,0.8890690249586259,1.0298841943570398,1.178618178660344
7004,2018-12,-0.09465519890824342,-0.05085720043790493,0.09728230197419785,0.912334004355326,1.041184199256691,1.1555525195367267
7005,2018-12,-0.14052442886092603,-0.06672799252267571,0.07266066531837972,0.8904992425334198,1.0341467105855449,1.2080859443346186
7006,2018-12,-0.0684836925271954,0.02780642308929611,0.19961378390922346,0.7718380124300133,1.0028686047813657,1.1231062864039645
7007,2018-12,-0.09847394313437989,-0.025481488168299277,0.06204769982493759,0.8690735929814942,1.0099157989095466,1.1438821983177534
7008,2018-12,-0.07734099367237787,-0.009497099312231087,0.11365330907480338,0.886730399190805,0.9892647722427342,1.0861054139198019
7009,2018-12,-0.08516986087247826,-0.0001292781994838288,0.11295788076288679,0.8362196895040602,1.007761260677841,1.1403011906902805
7010,2018-12,-0.07709440784633603,-0.004731849991405329,0.10950587561573463,0.8184410453483955,1.0096247148259914,1.116197977922384
7011,2018-12,-0.10428512679030402,-0.047951971089036594,0.09176675448411897,0.849081993126221,1.02609216904637,1.1493061754079066
7012,2018-12,-0.10834447401493207,-0.03754813814028827,0.09480723626641499,0.8894015029175204,1.054093732389377,1.1539885599770603
7013,2018-12,-0.07901240741754391,0.0374165179164507,0.19448843197311105,0.8177964905313755,1.009717070123378,1.1259313190880973
7014,2018-12,-0.09183945536725681,-0.052311975709643216,0.09415355814889512,0.8734710221997823,1.0564187546719377,1.1557976591791452
7015,2018-12,-0.08250578826085274,-0.04781664473052833,0.10006833099908183,0.9057293094616009,1.0461979631340723,1.1745263877137213
7016,2018-12,-0.08612268028640993,-0.03738836249270121,0.11216959386899616,0.8849252107461048,1.0283612324584404,1.160484810269844
7017,2018-12,-0.0597773793224288,0.0024290497864325744,0.13938120891088684,0.7995778283848558,1.0178194988396485,1.1175660947862993
7018,2018-12,-0.1430861852831088,-0.046831138634506914,0.11751231449423108,0.898466843841383,1.0167210196202472,1.1099002559184656
7019,2018-12,-0.08508578040961631,-0.02797852554234365,0.11740859359791364,0.8588289908858013,1.0423852603927202,1.1452402865562314
7020,2018-12,-0.07284056039161867,-0.024836080073672297,0.11587918228467148,0.8347154418896663,1.0188065778160178,1.1326725845457344
7021,2018-12,-0.1120046450603455,-0.050204634542628065,0.10727690684278399,0.877321987667487,1.0349276865144148,1.1448982484578156
7022,2018-12,-0.10670161171237928,-0.035375485892996814,0.07831889897695037,0.8985331231317994,1.0411436578295188,1.18475445053607
7023,2018-12,-0.2758658593111944,-0.11013295316599914,0.07830796176952726,0.9338433696222556,1.0680089374802164,1.24595363131303
7024,2018-12,-0.3414651018317207,-0.11526971653481008,0.130718869873928,0.9425392925067491,1.107153464430723,1.3656725439703639
8001,2018-12,0.03901180153224883,0.11138044321759791,0.21121372453388015,0.4623113815804957,0.6743296424673212,0.8107880718168384
8002,2018-12,0.009274986972453908,0.0750454838838206,0.14085535368561589,0.6325580574518462,0.8017819274051837,0.9302094958818944
8003,2018-12,-0.047094862376154664,0.017645678525538097,0.11816152171140354,0.7537846633703338,0.9191477204095077,1.0488983763072985
8004,2018-12,-0.012288949597757864,0.04832896385698607,0.11984179634652953,0.777215642664837,0.9138298043171393,1.0447294918046568
8005,2018-12,-0.1361324807939941,-0.00924116682851644,0.17534055678783605,0.7054019480738913,0.9514350245236467,1.1673357021723718
8006,2018-12,0.017669242551892714,0.09473885852948974,0.1703592187123733,0.6371628057175278,0.7965405412426443,0.999666105135402
8007,2018-12,0.03211453836057089,0.09190024716104164,0.18087787139255662,0.4883728904284018,0.7028319854128439,0.8912923492046892
8009,2018-12,-0.10340568019817321,-0.02736750656971816,0.12503128974856367,0.7627249907432818,1.0110788988597423,1.2641735544554846
8010,2018-12,0.023417687076954824,0.07413450080547035,0.15648301951598248,0.6456475686084874,0.8195927712794151,0.9222214242955004
8011,2018-12,0.006670225194750926,0.0753290965154621,0.16256349719340252,0.5839544519503168,0.7721472589436802,0.9791760023610013
8012,2018-12,0.02449575420985546,0.08194798129021567,0.18596920542279077,0.5757841899906331,0.7782284803291841,0.9622041761629359
8013,2018-12,0.0058562120770928455,0.06882581913394199,0.1497922566126565,0.5738161394422411,0.7788696553844154,0.988936278211192
8014,2018-12,0.029564423572470147,0.1366095029242841,0.23312294030519018,0.5199854615839217,0.7114911851471238,0.9565032210776628
8015,2018-12,-0.019295216477714497,0.06445297350274595,0.15543900519627096,0.544677131308767,0.7683334420928402,0.996721416022699
8016,2018-12,-0.13589053732344897,-0.022094434607788635,0.12628951932419005,0.8412759991316555,1.0380525615421567,1.2272059594401505
8017,2018-12,-0.04062823203677747,0.020533320077471655,0.13154058112760295,0.7312053310007992,0.9086715303060664,1.0373270505918946
8018,2018-12,-0.05193812080252075,0.01876623739948824,0.12829804621078894,0.6876921112327257,0.9098004597376953,1.0711493942886134
8019,2018-12,-0.0012995821116772305,0.061969782998222436,0.1994850154690258,0.5267079445756793,0.7551522520092988,0.9308056294583722
8020,2018-12,-0.03361913780180949,0.053740524072970794,0.18824562300480652,0.6751479063477795,0.8725816878993186,1.0627943692144126
8021,2018-12,0.02093410703702267,0.07135555255965562,0.1624680372855457,0.47066404485358476,0.678520905291239,0.8770766385620546
8022,2018-12,-0.024169340773785852,0.05060703972734329,0.13618197658276493,0.592486621739011,0.8027805101108255,0.9964124495520603
8023,2018-12,-0.02022843545634255,0.03000974393332892,0.13253686834283218,0.7270026435554522,0.8895725246229756,1.0140180301483332
8024,2018-12,0.0015385992200907528,0.06647472228133706,0.1577468462709549,0.5843294601617178,0.7813815968952341,0.9814954094360023
8025,2018-12,-0.033189081189865285,0.0325703598125809,0.17585681429337985,0.6968004407477584,0.9219589240289507,1.0333383399282048
8026,2018-12,0.028036015397125497,0.0801204167137334,0.1777136967637754,0.4970325342445946,0.7249009779745464,0.8475333956106509
8027,2018-12,-0.05125629054069515,0.03218410427373331,0.13946686333922795,0.7866800455564661,0.9536185138414085,1.0856252897040788
8028,2018-12,0.07764937048106578,0.13720076794576322,0.24576335004790772,0.5038198885272482,0.6981737018947267,0.8943989690082322
8029,2018-12,0.026483150629476787,0.06951756535450299,0.15742332551726465,0.5948093582948003,0.7721145848072601,0.9379714460250179
8030,2018-12,0.030990477051978202,0.10678930309229018,0.2096530293268269,0.41220050585496437,0.6415873865687346,0.8310372952516069
8031,2018-12,0.059366062317211934,0.13560426410268173,0.22405200755465868,0.5939787373738402,0.7554458505945171,0.9231273020139751
8033,2018-12,0.03398443802119906,0.1037827681573508,0.2376274185525725,0.32387912674513075,0.5887220962395515,0.870615582503508
8034,2018-12,-0.006463597590404005,0.1141663059371659,0.2135706149398894,0.41582305486036614,0.6235678692888592,0.8820391884842435
8035,2018-12,0.049219414301416645,0.11923927303751974,0.23487984844582072,0.40784448561113973,0.6569592444135853,0.8612037889587232
8036,2018-12,0.03477306329117029,0.12181347999248773,0.2699367114421868,0.43441316765442906,0.6443451523929399,0.8877148228193251
8037,2018-12,0.00462888884221864,0.12251367702174731,0.31460954856648105,0.2459974865019947,0.5593758989647967,0.8575739672616015
8038,2018-12,0.03289535922631774,0.10678984991087016,0.22023988828448687,0.3402609100088504,0.5800406551746098,0.8239332636387015
8039,2018-12,0.03446398502907898,0.0914444543511593,0.1777735805639422,0.3813034430017716,0.572415496104555,0.8445809029976744
9001,2018-12,-0.037472926864357964,0.0362367415109697,0.14077828982751153,0.7718006016463667,0.9445949415999291,1.094155904585668
9002,2018-12,-0.056913531440793405,-0.0035063181820287406,0.08027549678808071,0.8683060582056289,0.9819595193390084,1.090452033198659
9003,2018-12,-0.0703855036522325,-0.007422003765481321,0.09542888238163426,0.8667944061672227,1.01638204819612,1.0992128662290903
9004,2018-12,-0.11231211505331684,-0.05594200581905409,0.07706113203685953,0.8801161865001172,1.0818017688084334,1.1963031135288449
9005,2018-12,-0.050216520041050525,0.007836432253666311,0.09548553578658577,0.8562609394718801,0.9987532847647919,1.0817524051108864
9006,2018-12,-0.025913292055023185,0.01493684755911115,0.10021833969447731,0.8348941066746497,0.9616583143127412,1.067407727502995
9007,2018-12,-0.032826244862761214,0.031773127485156975,0.14549590356424308,0.8121646360219746,0.9546702817917448,1.0726211816831683
9008,2018-12,-0.0493934258167785,0.009382991821656271,0.09902667843598144,0.865987613477303,0.9862172696462926,1.0765858670489306
9009,2018-12,-0.022777897070613826,0.04475266347165255,0.17144611646059327,0.7080516872857499,0.8594142656172122,1.0106423797400477
9010,2018-12,-0.05726905370640695,0.0019093506678073899,0.10089628649312518,0.857201139052669,0.9935198913380197,1.0916767493139896
9011,2018-12,-0.06540038907690572,0.009157329101615281,0.1134805363458636,0.8383952368927295,0.9948544261779794,1.0985287762640836
9012,2018-12,-0.05258308610401681,0.0346262591162463,0.1533314792624551,0.7619716406823954,0.9394237129032623,1.1351222408194719
9013,2018-12,-0.08185557749749647,-0.01813892162491821,0.07162140244595765,0.9068775092514711,1.0271815467924048,1.135877865811017
9014,2018-12,-0.02266812685090211,0.028346645901875668,0.10709048603543561,0.8563122862443682,0.9693969274477915,1.0675891301713296
9018,2018-12,-0.13479907946705966,-0.05208841945003174,0.04061437034049922,0.9329638647673714,1.0445460883683269,1.2238876216826253
9019,2018-12,-0.0363254296914423,0.05399901982115801,0.17393318409491687,0.8100985087181509,0.9450202408238993,1.062910240570556
9020,2018-12,-0.04154332687294769,0.04307914070403185,0.14202209514836828,0.8403942144783112,0.9809575109989314,1.1067223450384662
9021,2018-12,-0.08313177250996476,-0.015623755274859336,0.10729097255348455,0.8669098961863634,1.017786615305583,1.1130525041333872
9022,2018-12,-0.0650491304189759,-0.0019645692909814397,0.11803722127182092,0.8298891426402669,1.0172129012939952,1.1163540356249695
9023,2018-12,-0.08021592639519345,-0.014092386306114,0.10561157124308394,0.8571367919182117,1.0363907875852423,1.1463873116461114
9024,2018-12,-0.048116912838633105,0.029414401482998453,0.14440272775828966,0.834385543112765,0.979667376540726,1.087312765700326
9025,2018-12,-0.06630505257954485,0.007800454421761065,0.12089560707594973,0.8548394759130034,0.9898377829969272,1.1050098635752734
9026,2018-12,-0.056191833907110716,0.009471984168283178,0.12656976793630953,0.8187278880919077,0.9869509531643975,1.0959593261639307
9027,2018-12,-0.10799593564006654,-0.04824891825884052,0.07201603753139954,0.8912257519382007,1.054498242397126,1.2086594652372153
9028,2018-12,-0.08764752885831618,-0.022534064357494856,0.06553490914614472,0.8924156989684683,1.03000218725135,1.1494420745780682
9029,2018-12,-0.047010289394041546,0.040044167342315265,0.18398578610202504,0.7419911924891311,0.9416945456595276,1.1143367563260194
9030,2018-12,-0.045727924780633186,0.03814973909099153,0.14496486748000437,0.7849977667266044,0.9482886269163924,1.0564371800608634
9031,2018-12,-0.04642644299265852,0.01874485939563625,0.11928238689382925,0.8132592820919995,0.9670411586775705,1.0548846705841863
9032,2018-12,-0.07218735285104179,0.03619309218712353,0.1723936435988888,0.7907046895767699,0.9750608578062354,1.1308706112039295
9033,2018-12,-0.03203091921000452,0.049161625128233855,0.1502392914420377,0.7547632945819784,0.9102030159394692,1.042068537172534
9034,2018-12,-0.03878674724127422,0.039553185348643514,0.19475857917657868,0.7182436828320207,0.9477045584668554,1.1484143532466597
9035,2018-12,-0.0276012841039093,0.02729758889635031,0.11180615602036567,0.7995927045083665,0.9223274771952574,1.0587676626660882
9036,2018-12,-0.020332445018643175,0.023356255052047706,0.1228577084914591,0.8318339814853747,0.9853207988139162,1.1021572068779322
9038,2018-12,-0.13239754344329002,-0.04564034735553249,0.024926917012461747,0.9668257011853226,1.0787266655228303,1.2882551845784684
9039,2018-12,-0.0669489002150065,0.0500229614485361,0.16843671725860898,0.7425379827000566,0.9147781305072815,1.1699058263042694
9040,2018-12,-0.5387981882099485,-0.21420720532945584,0.1599208560690567,0.7103906438083325,1.2350072413223878,1.5468288322706982
10001,2018-12,-0.025089220948478902,0.04213663750091542,0.13993473101478698,0.7575833032141795,0.9347385559933726,1.0691989070975585
10002,2018-12,-0.15100240665620823,-0.05650223151503092,0.031082109814987546,0.9214882708252021,1.0626920601871137,1.252727726040225
10003,2018-12,-0.09161242980812827,-0.03631302619473464,0.05226164664890211,0.9346882810196764,1.0184491614194453,1.1263279303993534
10004,2018-12,-0.09282817660038116,-0.020536906747011887,0.11630214794308202,0.8252012146405681,1.0233346226322384,1.1327568992390367
10005,2018-12,-0.0869063872410392,-0.020297355380156805,0.060896429017063505,0.9033006891689448,1.0212940140815947,1.1183516302942005
10006,2018-12,-0.052684153320966765,0.02274330421616453,0.10814259791422763,0.86422227988675,0.9830710202236215,1.0724601773419686
10007,2018-12,-0.07969597110702206,-0.015387957832729022,0.08004128682446553,0.882629779484257,1.019387661644802,1.1169136206752932
10008,2018-12,-0.07766135786902768,-0.008108470019063476,0.07127977504392553,0.8879389036554871,1.0034017532241974,1.1212470282887015
10009,2018-12,-0.0849905063738771,-0.030226581611351895,0.06336448977649685,0.9093889656009296,1.0337306451938173,1.1238728093565364
10010,2018-12,-0.05941551967734815,-0.00043429711140513527,0.06530118392033854,0.8779775956277164,0.982618190440222,1.081624747495224
10011,2018-12,-0.06483224231134867,-0.00729250487226606,0.07368736417219676,0.8848278596682984,1.0097245286848766,1.1053337083565715
10012,2018-12,-0.12942383365009147,-0.04820649821674206,0.02731626443968807,0.985926064740728,1.0433818316378045,1.2211782829477356
10013,2018-12,-0.0745874087244744,-0.012184630563684594,0.061444080931222944,0.8805749040729964,0.9992233057108941,1.1466299276114884
10014,2018-12,-0.1282715070678021,-0.05110444307135022,0.023691621360976425,0.9458120023448291,1.0032679612000135,1.1610309218521562
10015,2018-12,-0.0854397695709732,-0.01625001746633596,0.06523849841511431,0.9054914917399337,1.013642467021703,1.1269176664318574
10016,2018-12,-0.052489903070649616,0.013931674132679372,0.11778634382696443,0.872004191924493,0.9997573360967126,1.095612642058648
10017,2018-12,-0.08848607824370316,-0.014504236087123316,0.06634519111008123,0.9030588719436698,1.01858309395051,1.1290113768771173
10018,2018-12,-0.04792251275049425,0.006505118361410486,0.07818863157802322,0.8586783652068366,0.9838131124568595,1.0822286309847855
10019,2018-12,-0.033160242168579546,0.023344587296867933,0.11425948101652836,0.7986891019992723,0.9637910016406347,1.0833422520171951
10020,2018-12,-0.07717266312371353,-0.016128608990459398,0.05911662983215224,0.9314885773697225,1.024091114988512,1.1600940006482836
10021,2018-12,-0.05034653552349157,0.03976770257396321,0.1734554553862347,0.8074790776056686,0.9666701705159236,1.0663069363558115
10022,2018-12,-0.04679832948411465,0.013711733611555747,0.08693738193597547,0.8482275327421268,0.9846172531394743,1.086427120980595
10023,2018-12,-0.09236477138922966,-0.019758834434235765,0.11266090723680744,0.8626454763977077,1.0200253640428638,1.1536938505252508
10024,2018-12,-0.026948840254373427,0.021575854868258096,0.0932596465213813,0.8549700436018618,0.9897769300848127,1.0748662586936621
10025,2018-12,-0.08009784893812118,-0.01415143071131622,0.08840675026118905,0.8858318121220918,1.0213379693966793,1.1181862510981797
10026,2018-12,-0.026102306689837096,0.022914739787226267,0.09619090946777348,0.8617432538782742,0.9963051382907046,1.0867486496231646
10027,2018-12,-0.08737541199755205,-0.029739882191639103,0.06367821102014377,0.9081768212925394,1.0349474352247712,1.1357276755505468
10028,2018-12,-0.07521673450935214,-0.014739253998928135,0.07287201272746116,0.8802972410653157,1.0201641555207916,1.117829207558843
10029,2018-12,-0.040288280012031136,0.01890203596733761,0.1089563495940021,0.8661490963716881,0.9971233095793748,1.0916967028199749
10030,2018-12,-0.03545823221162761,0.04248398712810068,0.1449983901395696,0.8209053196716445,0.9725698535522737,1.0753622087656636
10031,2018-12,-0.05502902947780154,-0.0054351366605638034,0.05991649145678096,0.885570578089647,0.9861649940460504,1.0903643242990073
10032,2018-12,-0.07664554696748158,-0.02471680424458493,0.061522396500091114,0.899576347086494,1.0188585399309953,1.136154826975813
10033,2018-12,-0.03951132499859768,0.0002725403553754495,0.07415470328438876,0.8753614781500618,0.9918427310422664,1.0731401983034479
11001,2018-12,0.04074369748705947,0.09172311341539376,0.16925902979348742,0.5264947550039436,0.6813755613646358,0.8416698226507745
11002,2018-12,0.040308151167894865,0.10663613631734287,0.20912478716029576,0.42391623842745757,0.6176078563192645,0.8762327514020809
11003,2018-12,-0.00886209721184382,0.09228052097340235,0.21547706668030994,0.5123043185484426,0.7319476868512171,0.9751880714294713
11004,2018-12,0.0008298636348351984,0.06972455455050965,0.1939942623010365,0.5736660465005237,0.7663531858141094,0.9686286738990179
11005,2018-12,0.02428769354289806,0.08542358895131846,0.18395508934393973,0.45682998031107225,0.6575100533174727,0.8522052066707443
11006,2018-12,0.03586390719303496,0.11320689016281774,0.21608280305674038,0.5196647512532317,0.6993092585737327,0.891344898275989
11007,2018-12,0.016529943843370073,0.08532891732887811,0.1786216290404003,0.5605380881432565,0.7380683840596624,0.9341334423169408
11008,2018-12,0.009394367968354023,0.07151587771952206,0.14525852928208788,0.4448320202862816,0.6031805726695605,0.7940197181097234
11009,2018-12,-0.00025704952437217987,0.09682262056629436,0.2223785925720127,0.5877120878385862,0.7632376711928994,1.0051034289760077
11010,2018-12,0.04856737446037272,0.10849667381323672,0.21096706774478113,0.5766651723559537,0.7426741311220112,0.9391518612788077
11011,2018-12,0.034088883514487536,0.09497608794452403,0.2115946489702705,0.4041777004795013,0.657619266099554,0.8249739187483937
11012,2018-12,0.10380724450735916,0.2267338271546695,0.32910942154580786,0.25090950173738813,0.41343999703050915,0.618993523378166
11013,2018-12,0.025493111452030467,0.0874682068615385,0.15901001677709592,0.4975837132315525,0.6668735801619244,0.8973726125353599
11014,2018-12,0.01545285669596122,0.07745068732574846,0.15721364840743504,0.5384705879729705,0.7017761829226746,0.9287015022282888
11015,2018-12,-0.0218719679159618,0.07181441124290015,0.16648326809970537,0.5470579445340013,0.7194571380727574,1.0000109183591448
11016,2018-12,0.007921392620006573,0.09125232176722793,0.21909727589362932,0.4589943696378578,0.6873021164804735,0.907217660375743
11017,2018-12,0.004331537780567732,0.08758252226186791,0.17258949379381502,0.5412348209934872,0.7234389937026439,0.953581582271472
11018,2018-12,0.0408376910875671,0.10023009392393058,0.16544007338987854,0.47364670672899567,0.6271991118084633,0.8760986879609535
11019,2018-12,0.010003383190104742,0.07419069573294974,0.15832176966475695,0.5178789407863584,0.6874166719014526,0.9264938952042192
11020,2018-12,-0.009199802117732012,0.12030232054720263,0.28522942466173434,0.4352654365164962,0.6859183865916061,0.9797993496876821
11021,2018-12,0.041931153362392434,0.13100825311362896,0.2640645587838379,0.5391587613323703,0.7682466128908012,0.9344714455635867
11022,2018-12,-0.016205720764215045,0.07028750927266114,0.21357224757652749,0.5066228422954095,0.7156254520090215,0.9381079887440519
11023,2018-12,-0.008926675907603335,0.09119428008829417,0.23541268996531256,0.6096556896117911,0.7795035352472677,0.963506419271261
11024,2018-12,0.04332342666670071,0.14029625854002703,0.2707384773123948,0.4666525131322656,0.6848957970535813,0.9346217634245594
11026,2018-12,0.049893490494457446,0.11472345089491096,0.19731770029353918,0.42221514814827893,0.5807041245088732,0.9012254813504598
11027,2018-12,0.01913125786772503,0.08898429670534774,0.18156230567061366,0.4733616978841808,0.6606810416490819,0.8983743594219632
11029,2018-12,0.002237505528826303,0.07750435373552624,0.1672207430104533,0.5622488554273269,0.7237877517053599,0.9436345000652265
11030,2018-12,-0.045214592401197254,0.09781038726955071,0.29692517699061016,0.331012462579962,0.7002420907163841,1.13610665376997
11031,2018-12,0.10626604610062347,0.2701156098455916,0.46111155137139365,0.41813590223635083,0.6332519047557021,0.8760257014227767
11032,2018-12,-0.07703351047778771,0.013891774549546182,0.22794637823629282,0.581220523362098,1.0527594038002581,1.3080812605406034
12001,2018-12,-0.020474612845256174,0.047264813449181486,0.1593606816747164,0.7597064219550258,0.9067227324905431,1.0106445175247094
12002,2018-12,-0.006170421710492008,0.05155278769030722,0.17127922918565253,0.8133463776320844,0.9448039482029961,1.0140259545908892
12003,2018-12,-0.0008886649507620498,0.08163390378575432,0.22148857910116512,0.644011853242923,0.8289185713757984,0.9585044776538675
12004,2018-12,-0.004471213518650569,0.05815320195709331,0.17684431071123358,0.8359917504903404,0.964463990224796,1.0474625186822224
12005,2018-12,-0.06344638583330856,0.014840815911420918,0.12130407503801743,0.8627003856414271,0.9572959101111974,1.1004404658112201
12006,2018-12,-0.03392886355458573,0.08657848657615835,0.24718222229573217,0.7254050512997361,0.9201561074068682,1.024109979966334
12007,2018-12,-0.0791041223167419,0.001473930857321476,0.13507521311252912,0.8837095283608443,1.008316719581467,1.1509424182207222
12008,2018-12,-0.0023204723587224724,0.09353673096973202,0.2594470508756318,0.5663208184721809,0.7783552825401333,1.0192538361747467
12009,2018-12,0.005429226015895197,0.05204803575032793,0.22411125545193744,0.656470120988391,0.870142895776915,1.0119924522353063
12010,2018-12,-0.08761105490695796,-0.0068086420186891546,0.1191176784209593,0.8897341391366651,0.9930800088907469,1.1372125537742996
12011,2018-12,0.006080438028978188,0.049710987792256994,0.22640936763976738,0.6509332405311727,0.8627158212998923,0.9733620787347242
12012,2018-12,-0.1670921667868947,-0.04345705927567463,0.07583544479143972,0.8882670394524073,1.0878148145265185,1.3074806153025214
12013,2018-12,0.0022236466843125607,0.07004507612751827,0.2174710493510215,0.643288178310196,0.8268779436568262,0.9743428240406612
12014,2018-12,-0.02115131192669127,0.08598465998329552,0.2824203672760971,0.6920673855485421,0.8390744376389135,0.9911813980185942
12015,2018-12,-0.09147036451244082,0.09380654346438473,0.24578117479415845,0.7700576405758723,0.9429372168199613,1.0440451829994761
12016,2018-12,-0.143337231162054,0.051878875674562175,0.258249970897116,0.6768937665023357,0.9532204140045156,1.1055428067890083
12017,2018-12,-0.2017512950905495,0.00970115357502399,0.24257827822221778,0.6954260920315987,0.9966178961610151,1.1709247900261999
12018,2018-12,-0.07925596668683983,-0.01460849131561013,0.12813482911778412,0.8994175389162298,1.0903634935447442,1.29090289202759
12019,2018-12,-0.04154365771875862,0.020984612353184974,0.07604738634942113,0.8295004392858347,0.9321292979176351,1.0408703495294853
12020,2018-12,-0.07793985854881921,-8.623339787659084e-06,0.11628400964288776,0.864116673238314,1.0159288202216055,1.1446259876252531
12021,2018-12,-0.013889170746855015,0.04410824877434868,0.20631357473335843,0.6585575773019587,0.8758660477922088,1.0212096455722848
12022,2018-12,-0.055537244819564596,0.02380286807628594,0.18055886640532473,0.7925412910742553,0.9494727361787301,1.0607457102587605
13001,2018-12,0.007038817588733079,0.06309607615349787,0.13143643178759784,0.7200858256017602,0.8493876151798866,0.9452864640818122
13002,2018-12,-0.010382278976289419,0.04983947601719091,0.14557319295033233,0.7851017578156325,0.9275882222346779,1.0249112680051264
13003,2018-12,-0.0005935545663035141,0.06514653012361814,0.14739104510742715,0.739169303577644,0.8593364184989822,0.9730629118188941
13004,2018-12,0.0010700281085558594,0.06336464218627944,0.1431215297616071,0.6935662042660956,0.8503993027428715,0.9644011500311048
13005,2018-12,0.01865054698868475,0.08845860820691406,0.20800631589272348,0.7428939207242835,0.8875812493487084,0.988086725892657
13006,2018-12,0.0343739636625212,0.08693513820770621,0.17099597433533786,0.7668876594808365,0.9078537472649472,0.9782339202331573
13007,2018-12,0.002469838540737887,0.06803214634691562,0.1538741822072881,0.7198767834156623,0.8575685342330168,0.9708796038917012
13008,2018-12,0.025725466693818255,0.06926589093964827,0.13304008542410742,0.7212539540611667,0.8421049703040374,0.9305752378652307
13009,2018-12,0.03505650651222984,0.09004714089993499,0.18294889155777747,0.67787681676011,0.805923505107886,0.9278959335040833
13010,2018-12,0.029130950470934183,0.08370653631728434,0.16045513620182436,0.6773361852454931,0.8173956478988949,0.9376199866875227
13011,2018-12,-0.0037908945447382297,0.06316214623648936,0.1365551019226482,0.6376713076544007,0.822884875484557,0.9832672751205077
13012,2018-12,0.02275074151844428,0.07604761566607224,0.1480615587586159,0.643253962949256,0.7859200441431403,0.9200910765131336
13013,2018-12,-0.0023959058390555926,0.057637808263734394,0.14505231960257947,0.7521867583634695,0.886135478985914,1.0022917285039963
13014,2018-12,0.021209367548546812,0.08127644866222648,0.16056868072031,0.6364608002201677,0.7747008141613501,0.932076126936269
13015,2018-12,0.013854982002204613,0.0673802217255972,0.15363551417603907,0.7573161534448507,0.8949014531171344,0.9840027275149621
13016,2018-12,0.019189874996663733,0.08070395835789665,0.1656732596681171,0.7058942090709414,0.8495977029504228,0.9434882348115783
13017,2018-12,0.009382964464325946,0.07237010140882902,0.15678856083644885,0.6555115207898845,0.8255612833717717,0.9433560795093954
13018,2018-12,0.009782563721393842,0.06956855725831038,0.1337291147525146,0.8037454027289632,0.9061672101459316,0.9988409702122213
13019,2018-12,-0.018433576006350427,0.05245811196542528,0.10137338254197073,0.6762371599969987,0.806046405660444,0.955383872686484
13020,2018-12,0.0013667327218595954,0.10184805813847118,0.213758850152704,0.6939912859948553,0.8412756816191426,1.0216972952823316
13021,2018-12,-0.0005236094776039368,0.04920581097528175,0.10577728091248531,0.696226908335264,0.833979174033041,0.9588616427951001
13022,2018-12,0.008714066646467955,0.06910226144944648,0.14218327214817847,0.7119874220889627,0.8649249375083775,0.9706026404578766
13023,2018-12,0.010112034457794475,0.06107758666319786,0.1377269381729368,0.6527382424931062,0.8287521637717102,0.9696982936123252
13024,2018-12,0.01481144662965668,0.06246081723218341,0.13669953244850735,0.6556095901630796,0.8314929308882519,0.9169082992281853
13025,2018-12,0.011642731883282506,0.06764487172439049,0.13548920312618623,0.8257088197653055,0.9192588498420436,1.0068606464364145
13026,2018-12,-0.015886687952495135,0.046447618047133044,0.13372906000187146,0.765526184481898,0.9148174676978656,1.0227235482950858
13027,2018-12,0.034351888596016955,0.08733814861011009,0.16579357484069615,0.6714797427684833,0.8232627545174009,0.9220834953439855
13028,2018-12,0.011719367506743086,0.06369799933917197,0.11834086296604956,0.647240948009757,0.8091120648880186,0.9206937320965977
13029,2018-12,-0.009309135893495774,0.038166446757290584,0.1437776476375403,0.7403011597374539,0.8889089041644346,1.012340487951036
13030,2018-12,0.020867296519513023,0.08378025313449583,0.15394513790699338,0.6482876456420178,0.7981771161138709,0.9060663785938672
13031,2018-12,0.017793600879060997,0.07296868649858211,0.1346094260082175,0.7379087713183081,0.8666301192699921,0.9781987983025365
13033,2018-12,0.014977570588159572,0.07395805650059423,0.15224669722305514,0.6820172551244053,0.8286996770276521,0.9476735935559856
13034,2018-12,-0.030424691576038984,0.031499021147887274,0.12050006300525962,0.7620926228365533,0.9078806864952834,1.0430899552851738
13035,2018-12,-0.033742590630879456,0.037678350935989494,0.11828179739906444,0.7721219314883792,0.9233546009284594,1.0930541115551131
13036,2018-12,0.014039519925421975,0.0713279340290108,0.15212680612838855,0.7386264943046075,0.8673923644481666,0.9612994193526672
13037,2018-12,-0.02516290341462804,0.04204785058527664,0.1339334984238584,0.6813459866537608,0.855696264460595,1.0444689061240124
13038,2018-12,0.0030560994004832504,0.08370875687868795,0.1957263615972841,0.7579375973508903,0.8938010394554522,1.0074506562716925
13039,2018-12,0.010533423197583394,0.07938955381545068,0.16405621477227902,0.7260053122938129,0.865244477638712,0.9687464999112964
13040,2018-12,0.0034059366982734096,0.0568157993118525,0.1224616467264838,0.7818211141432445,0.8793704779634316,1.037354165311621
13041,2018-12,-0.03749382931335851,0.045273075502247934,0.18788508873761056,0.5015371107822839,0.7701967296053297,1.0379192535519541
13042,2018-12,-0.026872337936043593,0.035150635576686615,0.09943526378800359,0.8045234789116863,0.9300185299076076,1.0520215152136227
13043,2018-12,0.03189777412703877,0.08440698619941486,0.17554314573251856,0.7540220614073105,0.8659645950265582,0.951087284601767
13044,2018-12,-0.005086536611777631,0.044681402087788286,0.10910847355876832,0.7741989701886168,0.8785224791480508,0.9951754676637184
13045,2018-12,-0.020951014139056437,0.039851456503727636,0.13492703792363783,0.769728697348498,0.9142549043988631,1.02634943356016
13046,2018-12,-0.008561683870937094,0.05158048889908863,0.11696927690793218,0.7560147898951335,0.8821038450628051,0.9961689995586273
13047,2018-12,-0.06619017989565812,0.01679743448069903,0.11874364961155809,0.8435447963758101,0.9614844473120634,1.1133806217813147
13048,2018-12,0.023682907794600014,0.08591743591814269,0.15879202831306627,0.7151520309418625,0.8516481778631466,0.9446855341338983
13049,2018-12,0.010487212404712398,0.0745870164642024,0.13677596508162018,0.7947179346989793,0.8998957593909204,0.9923245428678527
13050,2018-12,0.020631232814122616,0.0737526101875885,0.14255445746101209,0.6533697157420877,0.7979572430483758,0.9023913696482521
13051,2018-12,0.01827218674353069,0.07934974268170995,0.15391180349568104,0.7616647168295729,0.8805770712028551,0.9663949700654925
13052,2018-12,-0.004555776230041622,0.0801742612032175,0.18903933010642718,0.5728920877237584,0.7827077154682303,1.0535441554161213
13053,2018-12,0.025659454783601668,0.09472955090782338,0.18636164896112362,0.7518730094706181,0.8754048861516911,0.9636899123242165
13054,2018-12,-0.019261816625743708,0.05341094378439945,0.1358071388630322,0.8401935162801035,0.9295527498228803,1.046877050629404
13055,2018-12,0.005385521386228095,0.06066595836762148,0.10875926467650032,0.8097464291082652,0.9085735036901766,1.0349183662993853
13056,2018-12,0.01315683005037678,0.0751958269160656,0.16827861135689978,0.760919932342329,0.9054496751821632,1.0506098059568973
13057,2018-12,0.024304311772435985,0.07894895709156868,0.1752161754265553,0.7137516349761563,0.8506391754445749,0.9515237912646196
13058,2018-12,-0.00659126262616011,0.05124703917585653,0.13177228379566513,0.789737033844265,0.9065283876792385,1.0068114374311379
13059,2018-12,0.010479843401784636,0.06520134368364221,0.14239687039097015,0.722429771052937,0.8807480488286301,1.0117226624925229
13060,2018-12,-0.017317116036666087,0.03981308037613246,0.13474753237064285,0.7982276704983022,0.9291858486793313,1.0570274011198313
13061,2018-12,-0.006663518207815619,0.06423483453363835,0.12916746855905437,0.6719738900959863,0.8044247087274846,0.9934125142590181
13062,2018-12,-0.08238724446682023,0.00380967610134008,0.1159367673342789,0.787935108628192,0.9732165925819418,1.1333017552818032
13063,2018-12,0.0021304487728331933,0.07561931086434565,0.2004389850279559,0.5774593567205013,0.7936535712470453,0.9122961144748956
13064,2018-12,0.01931666501374185,0.07944912778584796,0.15357255461907202,0.7429597514229698,0.8916033827347222,0.9795500513744674
13065,2018-12,0.029268972721602463,0.08723035328404884,0.19564111110602267,0.6736243214444242,0.8114999992806473,0.9905010626682914
13066,2018-12,0.02684471983524285,0.07374016366162428,0.16429920271120085,0.8129868820066155,0.9239215285272235,1.000284260911088
13067,2018-12,0.007658328425607902,0.06629477208715137,0.14651874274502372,0.6974074252530787,0.8426704673616782,0.9640303491806033
13068,2018-12,0.007460350915708958,0.0711736260713723,0.13724848748858082,0.706801871803654,0.8379026139967504,0.9670621637329446
13069,2018-12,0.00614471397070393,0.06853292382750528,0.14346006313839274,0.6836565954925354,0.8210905231766564,0.9519596077585267
13070,2018-12,-0.16310310354345864,-0.031031418247961143,0.11117828834933938,0.8362700003649867,1.0006655323348164,1.1939671984164844
13071,2018-12,-0.022520718418391372,0.03885919006913923,0.1325247035084795,0.7521647856502327,0.9233537611626081,1.0410954760877789
13073,2018-12,-0.010741953756171332,0.06595864809342014,0.14256443761553586,0.697455918468872,0.8490931857419791,1.0386184828751088
13074,2018-12,-0.07331337729340297,0.1684303646150426,0.3796109138357524,0.6864967806423277,0.8893433095895618,1.0270671938922304
13075,2018-12,-0.03131693663170175,0.11540458373720089,0.2903203233897272,0.40931031253569433,0.6326732180893323,0.9673554284049296
13076,2018-12,0.005289024484810348,0.11635835296226651,0.21540993484668572,0.6145978462377503,0.8170991192376276,0.9336324153991699
14001,2018-12,-0.021283666744588592,0.04893874582056257,0.1278704002491014,0.8632171973746857,0.9427495649313188,1.0464090089450742
14002,2018-12,-0.08310745715448224,0.023437533494115655,0.10717934024210848,0.8426757563715179,0.9810194367968229,1.0997599396939046
14003,2018-12,-0.025143944483516284,0.04207639719851798,0.1269427110655773,0.8533407611952633,0.9490653470071435,1.039757381444192
14004,2018-12,-0.025524316260635893,0.0432849545406256,0.11165266013692862,0.8585446976254564,0.9367336974722764,1.0424608749450015
14005,2018-12,0.0007665671406443947,0.07025970196012457,0.15665435274904438,0.8287411373756479,0.9450779489565199,1.024939369660887
14006,2018-12,0.009963028188500825,0.07509703612110796,0.1437660219574322,0.8125358268723596,0.9217648292901113,1.0111391058481618
14007,2018-12,-0.02084646773826808,0.06802088937264725,0.15597630833987253,0.8394306065844039,0.9444195652716262,1.0300711418404749
14008,2018-12,-0.1250740197148082,0.0009609491502204498,0.1048657029132396,0.8810854497721711,1.0354278999218889,1.1382646289305192
14009,2018-12,-0.043691498814565105,0.03772250239059981,0.1175676511650679,0.8591174345413791,0.9528098953233947,1.0612992611838097
14010,2018-12,0.06755460908201529,0.19488634540176147,0.3315848536760744,0.7186819493126697,0.8553053291967369,0.9952703063961809
14011,2018-12,-0.03498276161071302,0.035153194435522575,0.13260865167981242,0.8332084921324342,0.9435768487899883,1.0337061474191924
14012,2018-12,-0.0859713973080595,0.015624794546146785,0.1122197914408688,0.8668565044293763,0.984465430215913,1.0956552616568178
14013,2018-12,-0.03777490941899475,0.037042726926129074,0.1116192321360275,0.8511265071966816,0.9395826492890683,1.0472997817995613
14014,2018-12,-0.02357325815533627,0.0616695912141656,0.17189498097895894,0.8261567783208879,0.9614187193263705,1.0338915092108811
14015,2018-12,-0.04626474711765427,0.04659797223937573,0.1530378261884633,0.7744596070650849,0.9389203429736662,1.0782233119674989
14016,2018-12,-0.03137639486966276,0.05111541977572227,0.15326157698926576,0.8190982322529223,0.9432340577646545,1.0420415371647649
14017,2018-12,-0.03562078105294765,0.042170928044462555,0.12909941030255787,0.8495273752972405,0.9468988225555783,1.0524347827092644
14018,2018-12,-0.08006737392169255,0.014795928338185549,0.10139410817127992,0.8904723193272047,0.9921074376754067,1.0937915178419013
14019,2018-12,0.0030716193591237145,0.1185831553584013,0.2605451337361756,0.7465225873307035,0.8895146953966339,1.0367753546298508
14020,2018-12,-0.07131248580917011,0.024300949539229705,0.10705582616848551,0.871199715686797,0.9752576101185588,1.0944468819206628
14023,2018-12,-0.009289580920193927,0.06341156998098388,0.16105909736741802,0.7949327944289838,0.9084575067474376,1.0079933863110933
15001,2018-12,-0.013575107993526694,0.08596469282236952,0.206462544280467,0.7749945634868156,0.9213634235067726,1.010638765440223
15002,2018-12,-0.05757948350899027,0.07273486097918405,0.23420107847809882,0.7429609565142437,0.9359441418598698,1.0978717759399825
15003,2018-12,-0.07116561166710265,0.08770922237171566,0.2651701454227856,0.8267259672883428,0.9735775824234982,1.0711012979139234
15004,2018-12,0.0033628018877195215,0.10340179594246202,0.20777345610132036,0.6831150352166309,0.8194497873733972,0.9603689072028272
15005,2018-12,0.07314032537457342,0.1259348166563181,0.22743510513647527,0.5414683457513103,0.7121593824294455,0.840193530585126
15006,2018-12,-0.024845200948867593,0.08979118130807526,0.27337972130406607,0.7864530737221873,0.9462418519295542,1.0609406728149238
15007,2018-12,-0.00019443373475423742,0.11865828044118562,0.3156889238787234,0.8220942370488158,0.9683773464609569,1.0355517296809524
15008,2018-12,-0.06372390068578386,0.08547525651270961,0.2614518793407138,0.7493741794704244,0.9416152542157308,1.0628789067426516
15009,2018-12,-0.03625771769474599,0.09797729921436288,0.2232990416446309,0.7018240755895708,0.8441143613964157,1.0222865307773548
15013,2018-12,-0.15151029649589703,0.025435059497221517,0.33836337022066765,0.7490396959036562,0.9502063961584553,1.0967911441681224
15014,2018-12,-0.18190540989724135,-0.008297758713722,0.28420464961318864,0.778258991199015,0.9490309193456357,1.085535935431038
15015,2018-12,-0.24680005969017516,-0.056368093241363104,0.185515920351645,0.739154341056875,0.9549723437561396,1.131737759181084
15016,2018-12,0.17111944441582766,0.4170707378304981,0.7161386683471338,-0.002061907148777706,0.009997681877249387,0.3680084577356001
16001,2018-12,-0.001264254163147946,0.1392477850255646,0.27071987544530224,0.5956434355281409,0.7838974664423312,1.0055826294949177
16002,2018-12,-0.03174707713409783,-0.000500253120413234,0.0966141817782947,0.8213945172792656,0.9754517653529899,1.0796278203848
16003,2018-12,-0.12874628511720132,-0.046290537423911815,0.05264930623745395,0.9718486202813779,1.1708930643213322,1.4222498820199605
16004,2018-12,-0.05609228533820097,0.013628623773195167,0.12108509281011143,0.7488114412349999,0.9199160096476519,1.0885533893329185
16006,2018-12,-0.1218671925945495,-0.053163630552514066,0.07155726315117805,0.8798491965591496,1.0592248043132622,1.2184397777478666
16007,2018-12,-0.04612517716767012,-0.0083332054405778,0.0990433093098102,0.8741071871176419,1.01604356706531,1.1173116032334027
16008,2018-12,-0.04590661835093168,-0.0006114868760134645,0.12685899925329938,0.7738643434824014,0.9784262475810888,1.0695455063759765
16009,2018-12,-0.06312078391867101,-0.024067511549695067,0.06592551812698902,0.8834570968310264,1.0122570322900164,1.11218871091704
16010,2018-12,-0.06912980951426419,-0.007674357581024603,0.10619243219418116,0.8688793403921163,1.021103644136502,1.1178927154541651
16011,2018-12,-0.04477647805567829,-0.0015455641871345988,0.11023516089910229,0.8507471680418894,1.0094668207703696,1.094473124831583
16012,2018-12,-0.021972691826510377,0.007599951875020598,0.09839998081824257,0.7466929169641371,0.9163674427094651,1.0726021820250375
16013,2018-12,-0.0669296509017535,-0.00367081333075946,0.1201131422912215,0.845298720460739,1.0304866836285584,1.1323434968507287
16014,2018-12,-0.010747890032870494,0.028717891356470744,0.1365354288209102,0.6921032166564296,0.8745181527531827,1.029989416712061
16017,2018-12,-0.03628397134827417,0.01143356384549686,0.15405672196537534,0.6660442232463512,0.9130518567296536,1.0894824373552208
16018,2018-12,-0.02822116258633761,0.0006285366528634498,0.10123979431347019,0.8312137831150851,1.0013281394011242,1.0895645198929214
16019,2018-12,-0.08945613641316107,-0.023070956425160195,0.06894214060704337,0.8899043523808371,1.0321659948639499,1.1196579664970931
16020,2018-12,-0.02592154034194298,0.008026300311417753,0.10428864223954334,0.7512406010220152,0.9015292364198095,1.0603027431474752
16021,2018-12,-0.14381065649679747,-0.06354526653553932,0.03682710174997095,0.9343911038855826,1.0703405944789948,1.2722105325605146
16022,2018-12,-0.08114691760074899,-0.02398298897162611,0.08346222250998797,0.8405069524449466,1.0149340172985126,1.1174843125223202
16023,2018-12,-0.5711795060150272,-0.219049079402575,0.20175161616013015,0.9077974804934125,1.1207879616439969,1.2959067652901868
16024,2018-12,-0.4458373159183397,-0.1520474056269206,0.2626200119685045,0.9937832051328259,1.1491359539124928,1.352475574863877
16025,2018-12,-0.44819804295012516,-0.1162920398926588,0.28894206676441236,0.9534687653846312,1.5193953774165494,1.8587430944020178
17011,2018-12,-0.06190779414021104,0.0034585907009523423,0.08360796009126206,0.8547762260838381,0.9838292611291126,1.0915246719098666
17013,2018-12,-0.2358214558184739,-0.07049351346593029,0.0943623993465112,0.8913063242954082,1.1446705084825441,1.4884890066226024
17014,2018-12,-0.06759991669278713,0.10112396914680322,0.2079082016478536,0.6857680838469044,0.8081202512235771,1.0054481738349565
17015,2018-12,-0.12532358335776322,-0.040070027839047034,0.07294684937578556,0.8757082215538947,1.0346827633453421,1.2363779795932532
17016,2018-12,-0.22227610987357166,-0.08354885408781491,-0.01690483146728644,0.9844948957408539,1.0991523505144416,1.3628117830484787
17017,2018-12,-0.07125694271227617,0.0014283525889876095,0.0938668039359888,0.820930545158052,0.9977524858428714,1.1041413373567566
17018,2018-12,-0.11081363128433334,-0.02703133225800967,0.06956101008853847,0.8738422449619321,1.0227552573612475,1.1542371358574504
17019,2018-12,-0.07299583643425737,0.01350434681853481,0.09590923565816498,0.8784988062354945,0.9948883206844992,1.1010661416937286
17020,2018-12,-0.11597617463895117,-0.034871370859852285,0.06925833612313158,0.8895393185656261,1.028414583353149,1.171050662450178
17021,2018-12,-0.06470474996018873,-0.005728899647115336,0.09057756911931708,0.8686515923773455,0.9992408877569942,1.1074533660446861
17022,2018-12,-0.2650229543667177,-0.039747670184950595,0.16777624062799967,0.6993580402035399,0.9413663817917929,1.3627768020453277
17023,2018-12,-0.11101366680360296,-0.02453126172584267,0.055306583504246165,0.9085112508406372,1.0196909838250199,1.1619989034155864
17024,2018-12,-0.24520245024564175,-0.08870953024986851,0.0612152868803677,0.9792273114484309,1.1144179304616957,1.3257830022636936
17025,2018-12,-0.07610024818721815,0.04392933907847346,0.16375508435662536,0.8339987249426911,0.9508525419427973,1.1270175085354524
17026,2018-12,-0.052769791136006106,0.007711288080643013,0.0901415849467023,0.8707768881766318,0.9856671941072643,1.1003339288399432
17027,2018-12,-0.12640260135156872,-0.03137013431506252,0.05390863095048168,0.8907835537783565,1.017606901274008,1.1988713644110396
17028,2018-12,-0.22468381568993506,-0.08375888872153799,0.07850563099338087,0.8929357411255463,1.0849636817127863,1.2410518146249951
17029,2018-12,-0.10191808736220269,0.07997535271088795,0.1955168536845755,0.7290658129456883,0.8914721053764388,1.1413032874714042
17030,2018-12,-0.08792633783445472,-0.005765612636651958,0.11779803552564211,0.8589430314987958,1.0273372465140795,1.123444541644786
17031,2018-12,-0.06556504116728235,0.028908516680879716,0.13344813633953237,0.8240606020791881,0.967962285012529,1.1159607256938755
17032,2018-12,-0.1202226647484075,0.04369126091942056,0.1688141865655168,0.8099486938860904,0.991656400362913,1.198767222394038
17033,2018-12,-0.11756145883632468,-0.018596307059452494,0.14607318462770402,0.8143265182314232,1.029234905756513,1.1742541920242187
17034,2018-12,-0.19992592486257632,-0.056943326648791495,0.06959895623771195,0.908830572211536,1.0435747003443305,1.2162897720790764
17035,2018-12,-0.12454553205350781,0.08029273409968642,0.21015680972861134,0.7610122649417986,0.8999535411894788,1.1383962510762853
17036,2018-12,-0.09883655088283232,0.08484579515746372,0.24794175715041328,0.7614048148386712,0.9512883240470299,1.1609734909531273
17037,2018-12,-0.23534544318678807,-0.06276064349957489,0.08975245924419406,0.8082956540725657,0.9778054219951805,1.3971038908242575
17038,2018-12,-0.2962837058120917,-0.09861356084895798,0.10201018283731306,1.000053417961771,1.1387755495059708,1.3439448237823437
17039,2018-12,-0.12283529253929946,0.0890607836108449,0.2531154370713991,0.7257561851454614,0.8959795345225897,1.1145190251008068
17040,2018-12,-0.1778348865629667,0.05790399471439417,0.20422942340376565,0.7376221265264294,0.9653025458153773,1.2339879372451992
17041,2018-12,-0.2257166531793396,-0.09096117537851067,0.027110131638509782,0.8860475765773945,1.051711151714957,1.2216291002069082
17042,2018-12,-0.3315477443785106,-0.10218252980120654,0.12354290566996334,0.9435194002429608,1.138151744805627,1.3563911823020112
17043,2018-12,-0.0415414272604893,0.24116631547188858,0.45314584575066763,0.8192722704001463,1.0061251104369289,1.1914645104211479
18001,2018-12,-0.13873728022162013,-0.06619441402283563,0.07671178746294899,0.8778431614512758,1.009377993464867,1.1543251377978354
18002,2018-12,-0.030797985348969895,0.04072353028016329,0.11891354522753264,0.8558278049873148,0.9822653049065727,1.0684155968570757
18003,2018-12,-0.08120203184567738,-0.020672839401518824,0.09608525281490117,0.8757388314040426,1.037491184627502,1.1270858630664242
18004,2018-12,-0.11918527126646372,-0.04732563631129557,0.046904818175493274,0.9217524059414246,1.0910531788641173,1.2279465050828873
18005,2018-12,-0.07647993589909813,-0.007835568565349066,0.09656187308739356,0.8491026092933898,0.9914706602248016,1.1034637430274654
18006,2018-12,-0.10248281874231509,-0.041545905615993625,0.05750862402502589,0.9088730335606632,1.025245585801779,1.1605417593311116
18007,2018-12,-0.11125564852487972,-0.04599837709193996,0.04848246351552525,0.9375400602008739,1.046976229950562,1.2025112957843045
18009,2018-12,-0.1221848640684381,-0.01671906916299984,0.1303428322684095,0.8663534137127645,1.0286341280764653,1.163627693021299
18010,2018-12,-0.10866653692960994,-0.03892260586779297,0.08351284233513584,0.8847369500055566,1.0337717734818508,1.137219193215051
18011,2018-12,-0.07833743856505168,0.014959251623600942,0.10926160925302734,0.811706474742912,0.9672783694505485,1.0819610545114138
18012,2018-12,-0.08704598684199473,0.017979396564110225,0.1230743258987897,0.7855541397240867,0.9721276654599303,1.071641807484232
18013,2018-12,-0.24144011884890038,-0.06407442761001081,0.16813766647629702,0.908991745039861,1.0726396072913862,1.209201928156114
18015,2018-12,-0.0343525905084566,0.040766613923592224,0.17223987913685163,0.7804210095961187,0.9658177984720254,1.0495321281313221
18016,2018-12,-0.06944162245520402,0.014213421170981178,0.17181839687670986,0.8162838182386843,0.9748429855201253,1.1001381384794038
18017,2018-12,-0.1515968344614831,-0.025562922951223567,0.13898782437633894,0.8906473138639478,1.017399157578617,1.138812594996382
18018,2018-12,-0.046887710753923964,0.04746467524407744,0.1758607217851618,0.7683343579706488,0.9499980399771175,1.074722419405075
18019,2018-12,-0.14101519270276724,-0.01067238113909056,0.17039579572589328,0.8678313563596034,0.9930683333293182,1.1288854395542054
18020,2018-12,-0.2331923739309975,-0.055522825705653284,0.04419039845468464,0.9463879894805864,1.0877315746838985,1.2434293951561122
18021,2018-12,-0.16460427054627197,-0.07230260335916988,0.03260865605072952,0.940750166284829,1.1196513462658402,1.3275632651916598
18022,2018-12,-0.4878426017347219,-0.10631542926775231,0.2538107530954279,0.7114790318063251,0.9849925189002465,1.356627852937915
18023,2018-12,-0.1001378236254968,-0.016955838329716227,0.11393809878637809,0.8642673554045037,1.0083009723937617,1.1252895115651356
18024,2018-12,-0.11130804888772965,-0.0006552318968397301,0.13739961194281813,0.8399742365123152,0.9921768651141972,1.1153803338001032
18025,2018-12,-0.16964674421348197,-0.0033496711834739568,0.15034571934243918,0.7981109258259196,1.0038508098614294,1.1070383254558438
19001,2018-12,-0.07589843778147787,0.0038420371158114155,0.14964472641871002,0.7660547187533635,0.9734841918151613,1.1105686948001727
19002,2018-12,-0.12889785968576434,-0.03575937744191647,0.21649459813821034,,,
20001,2018-12,-0.09020534759821018,-0.024775741420933722,0.06431065349402051,0.9235611906079212,1.040104069946317,1.1721676484451975
20002,2018-12,-0.11026206703199486,-0.03227239371763271,0.10042834242188972,0.9231874911698776,1.0515588009577055,1.199534649731285
20003,2018-12,-0.06282861481190516,-0.0002975834469192591,0.14195732146012047,0.8326439802658693,0.986528460935449,1.091404013629834
20005,2018-12,-0.23599726102428148,-0.0970794370148607,0.14121267410108118,0.8150580204979094,1.058178987239391,1.261356326189369
20006,2018-12,-0.23877350653113028,-0.11173627008634505,0.14042071945167994,0.8042096475555001,1.09497319913985,1.2980243870355719
20009,2018-12,-0.09451091768474922,-0.03638267159175817,0.09273503370175354,0.8952414990325612,1.0630840414701939,1.2514035921970987
20010,2018-12,-0.12063385527907952,-0.016727069699672314,0.18663488049825397,0.8735612603632152,1.0058088338473523,1.142379302787882
20011,2018-12,-0.6707586325590135,-0.32915877731600296,0.08480867113202095,0.581734838573472,1.2032272877915386,1.5377134474690264
21001,2018-12,-0.0843133186737983,0.000709465674534962,0.16055229988657066,0.8207807540026266,0.9614349847979217,1.1459835294204894
21002,2018-12,-0.28033844897727045,-0.08709655081566733,0.3055778719343155,0.6441632851098468,1.0543182115289031,1.285331446414209
21003,2018-12,-0.19967780042112238,0.05124967435813589,0.31736799890508216,0.3589456208109526,0.6462236202668298,1.23788080622837
21004,2018-12,-0.6817877013018164,-0.32881007608653934,0.14056712077151912,0.21121424620146967,1.2278196981754492,1.5398234703674976
21005,2018-12,-0.23131021023871834,-0.04782148336180458,0.12413284226397048,0.7372570883118503,1.022283736249812,1.2581974345053468
21007,2018-12,-0.02649013433940496,0.1137640259954242,0.4182335955686934,-0.05796306895317869,0.015526211340126408,0.14654644445036122
22001,2018-12,-0.022568974934728495,0.058411572189249944,0.1320876596126026,0.8335272175561774,0.9418930366252883,1.0414354847513176
22002,2018-12,-0.027053060498053935,0.050558196505650674,0.13254192031461187,0.861461867661131,0.9427168037038557,1.0571457369537423
22003,2018-12,-0.06938900030185059,0.006130143428612896,0.09183582948077812,0.8681446062121695,0.9819219444556415,1.0865817018972392
22004,2018-12,-0.11101731788070444,-0.02105455226681438,0.059033471022614886,0.9099959650640874,0.9940452976431448,1.0988551136289213
22005,2018-12,-0.02215678220933244,0.04057695105002269,0.14694775250074033,0.854094631219752,0.9558717277237493,1.0559873076777455
22006,2018-12,-0.025121244508187937,0.040825196894198425,0.14163724988702986,0.8373055493307302,0.9514326407438181,1.0485907171370208
22008,2018-12,-0.017974078412777858,0.06040717959115045,0.1628398294377108,0.819671111252582,0.9388353479521381,1.013974165618952
22009,2018-12,-0.049962545490991606,0.03285504818258123,0.13096843355346943,0.8376523880807147,0.9583795791357461,1.063852786091266
22010,2018-12,-0.011724325787953266,0.04303773698041545,0.13788740485459183,0.8251814660175458,0.944627251354204,1.0439700758691597
22011,2018-12,-0.10242893656532533,-0.013090687329449527,0.08028986136414953,0.8763433281480391,1.0004768743374024,1.1141351305593412
22012,2018-12,-0.06960350908974884,0.0251364117569908,0.12360657098453237,0.850490188991157,0.9720157727030284,1.0867233793241478
22013,2018-12,-0.017178577299459527,0.06645825493414652,0.20236208576916215,0.779430475885821,0.9401635998371634,1.0277226338049603
22014,2018-12,-0.02118983924370056,0.0970732722681034,0.22170009965894424,0.7567531548549212,0.9020230948936855,1.0316127173636724
22015,2018-12,-0.044155153066579564,0.07745495199249448,0.21607232315434288,0.7616396680163553,0.9259242847783868,1.0400366379315527
22016,2018-12,-0.12583750319619694,-0.025711908084688095,0.08820855061519259,0.8963192847459378,0.9794305845652779,1.1200168303044022
22017,2018-12,-0.02010966424990225,0.06739340637237137,0.1904460783951012,0.8488372727273122,0.9474426061480938,1.0286640264231073
22018,2018-12,-0.05501730976304407,0.02492716788445254,0.08956498981998785,0.8571194539521765,0.9678775055010682,1.0685448448601074
22019,2018-12,-0.0416400696521879,0.057489759040360425,0.16450079862113806,0.8206925991796018,0.9332881637329915,1.0480571081009336
22021,2018-12,-0.060698917187377285,0.016871672012223858,0.12979022174106564,0.84656340860251,0.9652521188634188,1.0851254279232907
22023,2018-12,-0.030163086870180683,0.03690644577220187,0.14520742695068084,0.8371656786850377,0.9520850749338403,1.0447102557771402
22024,2018-12,-0.03676127105461592,0.03633635544421445,0.13387085170624552,0.8406698010958852,0.9501195683113209,1.0557032203416576
22026,2018-12,-0.21618376050261834,-0.06874313709994127,0.03529742691202831,0.9622202887746429,1.1065156783291235,1.198442895036699
23001,2018-12,-0.03366797464043511,0.015411992382629247,0.09534539415743581,0.8129284160386735,0.9431015839789963,1.0645995680106717
23002,2018-12,-0.19891724359362878,-0.08110544423073549,-0.0005809634085737758,0.9371229728645134,1.0669948037685626,1.3027379343603394
23003,2018-12,-0.14063206334616862,-0.04666041716372029,0.04530845818243262,0.9128270668002362,1.0168013496689867,1.2031705065872385
23004,2018-12,-0.1153298309486289,-0.033582618153762,0.08300934350248645,0.8359643118829857,1.0364119705541186,1.1738074751754093
23005,2018-12,-0.09487928610825284,-0.012794010131842223,0.11598904940933266,0.8167563297957317,1.0163966399460032,1.1386674139055013
23006,2018-12,-0.06992334810140831,0.04125112237345176,0.1868482819250929,0.6947612846010083,0.93442126076414,1.1649268654614922
23007,2018-12,-0.07218971607313518,0.011141567892922526,0.1278370908696208,0.8050808783629062,0.9784132362244903,1.0971998285113207
23008,2018-12,-0.04034404731665232,0.024067151794946194,0.18628272147340574,0.8014692791874743,0.9696065979638485,1.0941909845604778
23009,2018-12,-0.09021837712151137,0.005359933932201633,0.136026503973187,0.8078458915022475,0.983224358318917,1.0955258388914428
23010,2018-12,-0.03971273656372007,0.0526501694984568,0.16072714361581392,0.7807627486611087,0.9561707318501261,1.0531225417084071
23011,2018-12,-0.10567569680608077,-0.04545643555783732,0.07034397243153087,0.8786953232165832,1.0477593301712824,1.1685525202674176
23012,2018-12,-0.20166389405523732,-0.06742809550680394,0.025145159445853105,0.9008587131443243,1.0979282721582173,1.2405663655564627
23013,2018-12,-0.12170180297233467,-0.03396543494529744,0.0746335861110684,0.8825722306609843,1.0350393911610225,1.162093012540827
23014,2018-12,-0.17701118670115434,-0.030079965011156132,0.08882515879515138,0.8726778424052928,1.1014696035422862,1.258857676109049
23015,2018-12,-0.11538693174640123,-0.05145512464266134,0.052984370834469316,0.9284669088030258,1.0486334331341736,1.205644956208257
23016,2018-12,-0.1987214676208745,-0.07471556304043667,0.019081130604398727,0.9635904856839698,1.0774799085384963,1.2440123743175713
23017,2018-12,-0.1763079907061727,-0.07093677274487938,0.017036314624745835,0.9155285585485847,1.0590347943263607,1.2474914190846134
23018,2018-12,-0.20702099975075605,-0.06384815483023171,0.09075226314098184,0.9517063129040592,1.0982808347364719,1.2175400115665869
23019,2018-12,-0.18727184349215997,-0.06527700946473051,0.016615157870830566,0.9273718104892905,1.0948407371951916,1.2853491094204652
23020,2018-12,-0.10388075126543497,-0.029195872408374065,0.06368010102754632,0.9018366758512671,1.0275661589431864,1.1809576858514008
23021,2018-12,-0.12443445224172246,-0.04460444029876103,0.049361781804249355,0.9352700442278661,1.06043823875277,1.2355959706411626
23022,2018-12,-0.0767581838988172,0.00274602581275106,0.1218670713229178,0.7877878863954965,0.9893866919482118,1.1002267692424916
23023,2018-12,-0.19309091294798814,-0.04732167291506477,0.008929080820526403,0.9136219991986574,1.1409794301903102,1.2463049775149395
23024,2018-12,-0.1898906414103554,-0.06690793470811106,0.021736362877328136,0.9376195784718269,1.0960918254935628,1.3170466002179428
23025,2018-12,-0.20635352165323256,-0.046506858877800705,0.027367226041891346,0.8976884415613395,1.1354770233955644,1.2642157534223806
23026,2018-12,-0.0966833851064002,-0.02573384631381579,0.07402419919777073,0.8764624954311994,1.020513444097471,1.154223117054407
23027,2018-12,-0.18136169509786354,-0.06841117908205548,0.030595402171798153,0.9044706520684038,1.0691219827331842,1.2829367289418347
23028,2018-12,-0.0712997096519362,0.02947575420102247,0.12322626928093691,0.7621260188104635,0.9648629179011892,1.12872537082565
23029,2018-12,-0.07295810863251569,5.1232871078811526e-05,0.09129361942423328,0.8158200873076861,0.999722813853442,1.1406800101700054
23030,2018-12,-0.04826347405855251,0.02316625075551837,0.11032074570581368,0.7971389017360639,0.9610712719800569,1.1350958292110453
23031,2018-12,-0.09624269255515766,-0.035828678042095025,0.06408822378031967,0.9064140913489662,1.0485527876327474,1.2015771195127827
23032,2018-12,-0.14596453238266766,-0.04615993069105866,0.031043320898928473,0.9639332641996434,1.042943082522242,1.2855797207510595
23033,2018-12,-0.0691709283030933,-0.006038464585278479,0.08349610993085257,0.8359609860730507,1.0029876546275067,1.0932808599541026
23034,2018-12,-0.09726848298345088,-0.01785219620603103,0.07295775218729492,0.8701432454970102,1.0231951753978756,1.1463284160385672
23035,2018-12,-0.11580459833294239,-0.045470000404094615,0.039972778944544415,0.9472531311877054,1.0444718454192694,1.2044795300790763
23036,2018-12,-0.15058422782083175,-0.05823779128483361,0.03720852543879158,0.9333796853930886,1.0450625446812118,1.2356479141638337
23037,2018-12,-0.04083462761532991,0.030000982777461563,0.11032466839633578,0.8391113862088888,0.9529033567770283,1.0517765800791108
23038,2018-12,-0.02010886057312858,0.05342799954219411,0.13644448142386412,0.8016749053320313,0.9415057846227427,1.050176087539663
23039,2018-12,-0.09917171256501946,-0.014767822204303189,0.08246409509687191,0.8425869123194863,1.0188169042559032,1.1431625485588546
23040,2018-12,-0.17795068807029857,-0.034256151366949164,0.06009015564070966,0.883751375951394,1.1173487597424017,1.2581855797962418
23041,2018-12,-0.04363382755769939,0.03636773350960129,0.17375166097642397,0.8087421129234827,0.9787074865673647,1.0807735698259502
23042,2018-12,-0.09683318398968338,-0.03716870693325316,0.06369113933569004,0.9133732760991081,1.0353395578375344,1.1462680618120502
23043,2018-12,-0.10391928298494531,-0.03708288905921277,0.06428765773078648,0.8890327339715516,1.0480346581316535,1.1758493991389067
23044,2018-12,-0.09810336316319927,-0.03292910202172825,0.06958725106301418,0.8948420555120487,1.0408506765391352,1.1518049567430895
23045,2018-12,-0.10891968694443203,-0.038916698685420935,0.053877796292292654,0.9318840191850501,1.0320083806974458,1.2210320287924388
23046,2018-12,-0.06608319844460886,-0.017827953593685643,0.06029903251342,0.8648512587066105,0.984593567499565,1.0833164282874717
23047,2018-12,-0.04213682627924177,0.02955424585000857,0.13003224152624543,0.7509974732170522,0.8935716294391068,1.085349294856666
23048,2018-12,-0.11601594116406497,-0.033347719863387096,0.07723538614427643,0.8998518805048528,1.0562920716998647,1.2168134923604845
23049,2018-12,-0.04580112894575582,0.0357195628876002,0.14556037173277692,0.8076755640008582,0.965806688170646,1.0501261019235675
23050,2018-12,-0.12661200195252764,-0.052727793504316826,0.040546196863735104,0.9209586532710489,1.0347565661768674,1.2373725692036879
24001,2018-12,-0.41853865905659904,-0.10257339542127633,0.37302595940420746,0.7393671518988387,0.9967716402451978,1.1331754413065482
24002,2018-12,-0.2956995963237726,-0.037538468511417664,0.371717739237835,0.6569075413589114,0.9837743154117021,1.0817717330264665
24003,2018-12,-0.29209404914074116,-0.06708794043472255,0.3715314704188837,0.7326464751934532,0.9892008224397875,1.082682881596758
24004,2018-12,-0.24380689212373519,-0.059441130440832296,0.22823224377818568,0.8505640484203016,0.9896572598868475,1.1226863299331482
25001,2018-12,-0.09767698467748058,0.027906638723895753,0.21207850810648254,0.8572575024383065,1.0350863928718157,1.131272232513251
25002,2018-12,-0.1377145655365144,-0.06030948232588578,0.041172343785274235,0.9646654424713919,1.0250741940768155,1.1615695316012995
25003,2018-12,-0.12980842097264256,-0.0028001049085821846,0.2916125631863351,0.7972703397645438,1.0125885280891667,1.1051769084858303
25004,2018-12,-0.20158537875829796,-0.041073326063289284,0.2002850425712015,0.8660888986744735,0.9782851094857113,1.088324704705267
25005,2018-12,-0.1668979820581576,-0.027670538718054007,0.24589940464751997,0.847278990660247,0.9879261716210105,1.1048572363745932
25006,2018-12,-0.1461695265180581,0.028639807527542284,0.3740487449130842,0.7475016796430984,0.9846552589063582,1.0740286407773163
25008,2018-12,-0.29910396746236273,-0.046526776961766575,0.1545797512167752,0.8681947765507159,1.004641196019552,1.0667212074159158
25009,2018-12,-0.21621247737853982,-0.0728747452167613,0.1331340638308101,0.8322785541560225,1.037409259638499,1.2012565410576332
26001,2018-12,-0.04541638639229574,0.03805269399154209,0.15255322555474862,0.7708695674488516,0.9420379898682592,1.0608297279917855
26002,2018-12,-0.02623903052743627,0.033895305170190904,0.11167440374547485,0.8014902608332719,0.9249369933579435,1.0390635164648963
26003,2018-12,-0.016990669824041876,0.032758762762551,0.11006599710564707,0.8317627848186303,0.9537742341873073,1.0405269370535035
26004,2018-12,-0.0015066652421744653,0.041215235943137335,0.14495737861832478,0.7803888353657189,0.9179321735536436,1.0106032943990577
26005,2018-12,-0.046635881395298964,0.014402233213357998,0.10366310070489282,0.8167021606988223,0.9411815486529409,1.063211673291717
26006,2018-12,-0.00352819527051286,0.0415083178298279,0.13465840103651489,0.8440960918873508,0.9567132384723528,1.0324823868938768
26007,2018-12,-0.002241102976155415,0.05922558887082463,0.14942299699631528,0.7566619638422694,0.8914811639449989,0.9989915416337365
26008,2018-12,-0.10105974228993282,-0.025865208888806022,0.03439848303803475,0.9366573236009085,0.9979544601787574,1.1576338139597335
26009,2018-12,-0.021680752670909617,0.025659537039038775,0.09541256096408693,0.8355359765318336,0.9517682286708514,1.0383109018401235
26010,2018-12,-0.08516356261835863,-0.013064447479907836,0.05558276111451184,0.8912714932273897,0.9884152127750667,1.1128713470692215
26011,2018-12,-0.06133501193246205,0.014717614604201817,0.07528927281524622,0.8882724367511738,0.9741946656682995,1.0805486396586432
27001,2018-12,-0.05433340842952891,0.036434036685468366,0.12409342851187805,0.8680047080342599,0.9401445529860608,1.1020814511083175
29001,2018-12,-0.161257311635555,-0.06261210071053998,0.022264430670417307,0.9707038445955146,1.0749684359550464,1.2544767375563879
29002,2018-12,-0.10626593270277047,-0.04549412914973419,0.03790304372810438,0.9645345563711534,1.066643765799193,1.2172791080032797
29003,2018-12,-0.07222893753442476,-0.031317795300090955,0.07246685421754184,0.8876836319141543,1.0234802924559916,1.1039879984159864
29004,2018-12,-0.08760352172489086,-0.03173442072050839,0.05523404580699197,0.9253867474068354,1.0366100991030804,1.1646885013019257
29005,2018-12,-0.09810115191167952,-0.03233288367992038,0.04990485158749658,0.9596685585973247,1.0327694827393947,1.2055733520772547
29006,2018-12,-0.09134357427066767,-0.03911611611343055,0.06856709376236678,0.9046786951013054,1.0362882976498327,1.1594053430773412
29007,2018-12,-0.03606005466943357,0.04146781541316712,0.12152811205094896,0.699114877884518,0.8359758130550837,1.0287023850590074
29008,2018-12,-0.05834160607907832,0.0006150486430652469,0.08494283389859332,0.8601305516687086,0.9815328842819193,1.078918912702235
29009,2018-12,-0.008052668802545945,0.04079668839825297,0.12136873212550076,0.761136212477945,0.8919459803430274,1.0423690414351219
29010,2018-12,-0.03390623995528841,0.010476228044615538,0.08065290443260054,0.8223729769888835,0.9371319301613658,1.0337025095988919
30001,2018-12,-0.028529547651054407,0.03773179445356852,0.12942940936736114,0.8345087086069799,0.9432525357742594,1.0320002028486344
30002,2018-12,-0.020343855817340897,0.03622996220506236,0.18261519660114336,0.8436172338395501,1.0179496955507767,1.0794486250077169
31001,2018-12,-0.3277904645707281,-0.10586754024991435,0.07496826491500302,0.880439788105356,1.0410551542221498,1.2591691306562263
31002,2018-12,-0.3710127645886006,-0.14577632149795663,0.1182207224966928,0.97080220255026,1.0915634381391497,1.279950643935222
32001,2018-12,-0.37288460512691574,-0.1436850554894465,0.13681776884435848,0.876015060656711,1.1804723499048109,1.4780920009161882
33001,2018-12,-0.444251407435918,-0.1312556902840195,0.29703885695761545,0.9602718437976561,1.1873803237873455,1.4636758854405416
33002,2018-12,-0.29084222908330487,-0.12985238370090824,0.12454849979559973,0.9700105572762154,1.083684977823832,1.2347027831081716
