district_id,scrape_month,hearing_gap_at_scrape_days,share_service,share_charge,share_interlocutory,share_evidence,share_arguments,share_judgment
1001,2019-02,34.77021386115687,0.35044455628250293,0.08320751551753061,0.2047475255829559,0.24140244925348095,0.07456802549907733,0.045629927864452274
1002,2019-02,44.37151236182446,0.475076227345918,0.07567919421699955,0.2110041453972387,0.1341258693343383,0.06793655144061118,0.03617801226489431
1003,2019-02,37.894544977767005,0.41915152482198775,0.06428386221752398,0.10676745716736143,0.2560583999840437,0.08327183517162974,0.07046692063745338
1004,2019-02,50.40293470503162,0.43064677724590894,0.09002189320568481,0.14347471149207763,0.2497866340123938,0.020390366989498684,0.06567961705443616
1005,2019-02,50.8848849916612,0.5442938053795907,0.04988850077950782,0.14919187733112307,0.140607424071991,0.02247745347621021,0.09354093896157717
1007,2019-02,44.11138183031595,0.5287238730798287,0.04055968269957189,0.09411986905061698,0.20438806346008562,0.01910727776378746,0.1131012339461093
1008,2019-02,65.74890741790315,0.6048975512243878,0.02336831584207896,0.06162918540729635,0.24411794102948525,0.013293353323338331,0.05269365317341329
1009,2019-02,59.84763506116118,0.6191941275264956,0.043478890368911796,0.1126715700469103,0.16108038454856083,0.01806191000173742,0.04551311750738403
1010,2019-02,38.47711113518297,0.3408473115427965,0.08022276735397467,0.11443346814294239,0.35576476828217196,0.04574686733408473,0.0629848173440297
1011,2019-02,44.71607968207732,0.448813010156396,0.07776185432114151,0.131534675057636,0.2569007414792199,0.019253536045859554,0.06573618293974702
1012,2019-02,24.59304770771128,0.29809153859145415,0.06789393683499409,0.11552102685357203,0.4156392501266678,0.0684006080054045,0.034453639587907446
1013,2019-02,54.2932034988781,0.54833910816511,0.05815004519433564,0.08848674299487798,0.2422039771015366,0.018209551069599275,0.044610575474540524
1014,2019-02,41.85076968021504,0.5299994727684927,0.04548689829704223,0.12401803131755154,0.19933305214319608,0.02068065587599515,0.08048188959772236
1015,2019-02,45.364318702660306,0.5569306040220168,0.039374752671151564,0.10351836529121848,0.23957621326042378,0.026531640105047306,0.0340684246501421
1017,2019-02,41.311941044797464,0.475417496241518,0.055605217179310065,0.09522164885620252,0.2659176790865873,0.06430051602941773,0.04353744260696436
1018,2019-02,47.21344026716053,0.5799846157926846,0.04026418397389989,0.0692289329195512,0.2271292538659452,0.05331423569666587,0.030078777751253283
1019,2019-02,49.0630898715868,0.646151047509323,0.03174362550404754,0.06227450504805506,0.1829225156393698,0.04508383106448777,0.031824475234716876
1020,2019-02,50.56306978891034,0.5706156622881781,0.041102643804940005,0.18910224272201612,0.11184364450683512,0.051313546575754536,0.036022260102276146
1021,2019-02,67.57204947567891,0.5951852040556377,0.05548479135884241,0.160656238854639,0.08411881591684923,0.04577367911550415,0.05878127069852754
1023,2019-02,106.55056402561387,0.13100147650323304,0.033111009283301934,0.7425623271048657,0.028783327393377797,0.04256402423501859,0.021977835480202976
1024,2019-02,47.788298584602124,0.4636939079950006,0.08619925009071483,0.2227754707091884,0.09295246542756924,0.09470628552997622,0.0396726202475507
1025,2019-02,49.496792765408536,0.4514059280393089,0.09495641147566967,0.19606910762402915,0.10952607386273577,0.11239182120779838,0.035650657790458076
1026,2019-02,48.199487906261496,0.5075864486196814,0.08307737716409788,0.17537840006641026,0.10140476124593006,0.0696569726149958,0.06289604028888458
1027,2019-02,44.33989217835146,0.537569524609088,0.04103263721271907,0.07456186378423758,0.22387798649735893,0.07611851540910204,0.046839472487494316
1028,2019-02,45.16619819315905,0.5479315792553295,0.04466462522673636,0.1944569054631273,0.11179809248893137,0.06604123188547131,0.03510756568040413
1029,2019-02,44.98301497643743,0.5011641809829464,0.0541396597654857,0.19619071591886392,0.11629224089107042,0.08851970717177438,0.04369349526985925
1030,2019-02,50.98853139912714,0.49974725064872333,0.06306377146965322,0.17507105065097,0.11938756023859538,0.06642252951550758,0.07630783747655048
1031,2019-02,40.17188189921055,0.4487646465089744,0.07190503357177339,0.2679598016412867,0.10163689823144775,0.07787334883925046,0.0318602712072673
1032,2019-02,37.20270965953853,0.385,0.07288461538461538,0.24301282051282053,0.1889102564102564,0.07833333333333334,0.03185897435897436
1033,2019-02,40.77918288439481,0.31502564744151135,0.06393093957212562,0.30213937195045665,0.15063180282747404,0.13236582009258102,0.03590641811585137
1034,2019-02,41.0504057619131,0.42660859483933633,0.06956085791724764,0.24587569913362264,0.12755957323473657,0.0717072177223519,0.058688057152704885
1035,2019-01,48.29433437234911,0.4508141922544291,0.06026455279117521,0.24845995893223818,0.12680865288190632,0.06699775559906404,0.04665488754118714
1036,2019-02,37.907293304007126,0.5006993006993007,0.05633741258741259,0.15104895104895105,0.21153846153846154,0.031206293706293707,0.049169580419580416
1037,2019-02,49.80217053883212,0.4622810372523522,0.08824294347127667,0.24946072056911192,0.11204773196664881,0.038109079782758355,0.04985848695785206
1038,2019-02,33.72878024611867,0.36807128832502645,0.1045159341489201,0.1896994411720284,0.11916628908019937,0.009439661682525299,0.2091073855913004
1039,2019-01,54.690397473891785,0.29077299553764213,0.1200518209298978,0.30876637397437745,0.2352094429250036,0.00950050381459623,0.0356988628184828
1040,2019-02,29.723378375636273,0.17052409607570848,0.07303399681119169,0.20467520444375867,0.38450856349328805,0.13012395206501054,0.037134187111042535
1041,2019-02,34.14397562790022,0.3955427531837477,0.04487568223165555,0.19708914493632504,0.2114918132201334,0.10324439053972104,0.04775621588841722
1042,2019-02,46.674250887261046,0.5189403634502175,0.03404146403890453,0.1877826124050849,0.1411995563518471,0.03442539032505759,0.08361061342888831
1043,2019-02,29.522906730666982,0.2535575679172057,0.0,0.2522639068564036,0.0,0.46959896507115134,0.02457956015523933
2002,2019-02,36.09048272390744,0.3325656379548595,0.14636998192963185,0.11869751621018318,0.3723913120504553,0.021400985012224073,0.008574566842646068
2003,2019-02,32.804132830813145,0.30756410631268094,0.17689541241484166,0.14636998918160288,0.3410718984825005,0.022221572468641267,0.005877021139732756
2004,2019-02,32.319077053819505,0.3056772014984435,0.10671133857436818,0.1553052287236849,0.39787896375244025,0.021975412863398935,0.012451854587664223
2005,2019-02,35.0285716565838,0.3590363109208891,0.1407335818491417,0.1180910304201758,0.3555156703023609,0.017649224538635003,0.00897418196879746
2007,2019-02,31.83392562972717,0.3463165639657868,0.15051043870137037,0.163616297250069,0.3094822036236549,0.020969373677917777,0.00910512278120114
2010,2019-02,44.44309328816793,0.3747758869000382,0.16327190430003233,0.12021279722540634,0.3085265849572348,0.02348411368779943,0.009728712929488875
2011,2019-02,30.96243676167679,0.35284614413732174,0.12664394799949513,0.15049854852959738,0.34062854979174556,0.02059825823551685,0.008784551306323362
2015,2019-02,32.31327728827618,0.41069718861519716,0.13351901819131343,0.11854817651666812,0.3147358342762642,0.01344764557402733,0.009052136826529724
2017,2019-02,39.20525756707312,0.30761680408323516,0.1485734851459233,0.13983771757623348,0.38191990577149587,0.01455961261614972,0.007492474806962439
2019,2019-02,24.797842573242846,0.37326357568103913,0.1289013169763666,0.14739310842504058,0.31661555114558904,0.022099945877683564,0.011726501894281075
2020,2019-02,37.10434014995288,0.403580146460537,0.16510096900658333,0.12572428927188894,0.2773873807234263,0.01920753507409325,0.008999679463471164
2021,2019-02,29.961152309334288,0.29853315371950306,0.13074390061368057,0.15304595120490944,0.3844484358628948,0.019158808561592577,0.014069750037419547
2023,2019-02,29.710302661806217,0.34317281214319295,0.1323460272684532,0.17875612868560684,0.2986768755457049,0.03482436698233595,0.012223789374706159
3001,2019-02,42.31167881787603,0.4484060152172095,0.10489602369775802,0.10618602262275892,0.2682361653587511,0.04517385124401285,0.027101921859509562
3002,2019-02,43.31651470773019,0.38799495188515537,0.09145764316138193,0.15254772046064047,0.27180943366461585,0.0563180312352106,0.03987221959299574
3003,2019-02,42.62091723839454,0.385765636232926,0.08421998562185479,0.1419841840402588,0.3017972681524083,0.05790797987059669,0.02832494608195543
3004,2019-02,37.343083018285085,0.48566308243727596,0.10734767025089606,0.07881720430107526,0.24888888888888888,0.057562724014336916,0.021720430107526882
3005,2019-02,44.270148296212746,0.497831068914716,0.10517269602226223,0.0816827631363562,0.2484449173350794,0.03854968079882141,0.028318873792764772
3006,2019-02,40.541200619669056,0.465376055095956,0.08365178683912149,0.09192457901146432,0.2976105488598665,0.03926426741695713,0.022172762776634613
3007,2019-02,43.58617912974055,0.38636110802091445,0.14740238068750694,0.11953498720658583,0.27316720436088554,0.04177327845144065,0.031761041272666594
3008,2019-02,30.530169114563353,0.4247307041751981,0.10032938662868335,0.11163536009970622,0.26804949701771563,0.06498709160509214,0.03026796047360456
3009,2019-02,34.5296961423877,0.4158290164328107,0.07218086383752444,0.1686850320765721,0.25239287797180004,0.04281450478575594,0.048097704895536726
3010,2019-02,33.09666301170957,0.40448520937379945,0.08874375720322704,0.1444967345370726,0.24649442950441797,0.07289665770265079,0.04288321167883212
3011,2019-02,35.79032294121461,0.3091416608513608,0.10560595487322633,0.15668760176785299,0.3117469178878809,0.07001628285647825,0.04680158176320075
3012,2019-02,39.34561002037044,0.46906575234396336,0.065236520314349,0.10977940953363474,0.2751767454562005,0.045392481111751676,0.03534909124010074
3013,2019-02,30.676449171401387,0.3491648433747799,0.07785901061956348,0.10128608783819841,0.3713111692192753,0.0678264581888041,0.03255243075937884
3014,2019-02,41.97938738556794,0.41364686122191896,0.07339911820281335,0.13071593533487297,0.30069284064665125,0.04203233256351039,0.03951291203023305
3015,2019-02,39.63572904454314,0.3890234504018496,0.07172740284047122,0.13580314873940327,0.32494770450291754,0.051139491357481005,0.02735880215787735
3016,2019-02,42.501637214584306,0.3456883920334292,0.13371682856677702,0.12763879090465077,0.2742171813100342,0.09003093287024475,0.02870787431486406
3017,2019-02,36.29641661164257,0.317043813192104,0.08415984593163216,0.10303322099181512,0.40804044294655756,0.05055368319691863,0.03716899374097256
3018,2019-02,42.35788114670971,0.4089891975308642,0.10569058641975308,0.13775077160493826,0.2685378086419753,0.05217978395061729,0.026851851851851852
3019,2019-02,39.17464099589713,0.3856998992950655,0.11659393532505315,0.08597217559956734,0.3302375890492708,0.06064674946850174,0.020849651262541496
3020,2019-02,48.72933740754777,0.556153815773884,0.03872381880175353,0.11006305867484631,0.22460868077039534,0.04327220547386159,0.027178420505259277
3021,2019-02,68.02117200731716,0.5,0.14127230826946782,0.12488611393965379,0.1810922343105204,0.02880647408757168,0.023942869392786323
3022,2019-02,47.820361155354355,0.4552491244826488,0.13660060490289716,0.09049665711556829,0.26816698503661257,0.03127984718242598,0.018206781279847182
3023,2019-02,36.60016956015672,0.42349052176219726,0.1262268655498194,0.106046075050503,0.27053278103128126,0.05637970085906095,0.017324055747138165
3024,2019-02,51.81647431066592,0.5121280065226254,0.08222075010191603,0.04262637586628618,0.3008051365674684,0.053939054219323275,0.008280676722380758
3025,2019-02,40.53299062050773,0.24630776560266793,0.19691916785771002,0.1515007146260124,0.3333333333333333,0.046847705256471334,0.025091313323804987
3026,2019-02,63.570591258874984,0.36073859699180694,0.22456826859060586,0.09739262761722306,0.26291118085843557,0.03517710838462479,0.01921221755730377
3027,2019-02,56.04595003247536,0.4058867924528302,0.05154716981132076,0.17139622641509433,0.29471698113207545,0.04694339622641509,0.029509433962264152
3028,2019-02,51.16327796431028,0.4177636185408206,0.07551463380478925,0.14339728329365636,0.30517434532978577,0.03728469402044532,0.02086542501050273
3029,2019-02,43.37346580120409,0.39415278711872453,0.07702654587174111,0.18886734976460814,0.2578233176405428,0.05067848241484353,0.031451517189539896
3030,2019-02,36.936516403962386,0.4116022099447514,0.10124309392265193,0.07679558011049724,0.31726519337016573,0.05897790055248619,0.034116022099447516
4001,2019-02,55.19800504845268,0.42462079171291156,0.232519422863485,0.10377358490566038,0.22586015538290788,0.0006474287828338882,0.012578616352201259
4002,2019-02,87.65976926905233,0.3861242558388032,0.437780491528011,0.12271408945199207,0.04336742482063807,3.052969012364525e-05,0.009983208670431995
4003,2019-02,57.40254097774508,0.3878075155447418,0.2717851671622961,0.17518248175182483,0.13125168964585024,0.0007659727854375056,0.03320717310984951
4004,2019-01,104.82188446199842,0.3032471545039568,0.5384814718839077,0.10471026770586242,0.04528873562301912,0.00011960053421571949,0.008152769749038212
4005,2019-02,50.21510407023035,0.39174283012921524,0.24798523254243393,0.13236684525685471,0.2039980189995948,0.0,0.02390707307190131
4006,2019-02,66.0082545625911,0.5459744830620326,0.1750063676569338,0.15652858499085373,0.11369162016347512,0.0,0.008798944126704795
4007,2019-02,62.00095693476327,0.35851318944844124,0.38602451372235547,0.15487609912070344,0.09392486011191047,0.0,0.006661337596589395
4008,2019-02,73.08392840766558,0.39626840123245466,0.306801323747575,0.15593974666210203,0.12447221271254137,5.705808513066301e-05,0.016461257560196278
4009,2019-02,111.53232643639087,0.4565723092828903,0.35939728702577994,0.1196810292836561,0.05962990972707518,9.572950670585194e-06,0.004709891729927916
4010,2019-02,67.55623314287404,0.2931895804659224,0.5014018453382271,0.13108528317275833,0.06698271907019422,0.0001019523882346944,0.007238619564663302
4011,2019-02,62.251595198478974,0.35986511080184136,0.39149983941762123,0.11834921314634407,0.12407665132212825,0.0,0.00620918531206509
4012,2019-02,94.9700071724768,0.2987093843073247,0.5875414359992597,0.06596106278079725,0.02951421023406081,6.730720691918087e-05,0.018206599471638427
4013,2017-08,41.30497649826395,0.3148148148148148,0.037037037037037035,0.5925925925925926,0.05555555555555555,0.0,0.0
4015,2019-02,118.8503914450804,0.6581372655318226,0.23558692202300574,0.07463554552354291,0.02808196899056706,0.0,0.0035582979310616737
4016,2019-02,52.25771989887686,0.43468917881811203,0.2847275518035303,0.09884881043745203,0.13599386032233307,0.0006139677666922486,0.045126630851880276
5001,2019-02,67.94142010195516,0.26769523252412986,0.06273764258555133,0.11172857560690261,0.29767475870137466,0.09315589353612168,0.16700789704591987
5002,2019-02,78.46769332319224,0.3518049584830104,0.06848831046463695,0.10393969730875685,0.31838525410753193,0.06654496201637124,0.0908368176196926
5003,2019-02,81.39792909187439,0.27404003938299965,0.1668854611092878,0.09476534296028881,0.22259599606170002,0.06949458483754513,0.17221857564817852
5004,2019-02,70.91713939903364,0.3800081646935324,0.05703621624774013,0.11430570945354873,0.3276374876071616,0.05785268560097976,0.06315973639703738
5005,2019-02,77.71660763145259,0.40846126919037856,0.034805220783117465,0.09546431964794719,0.30564584687703156,0.05990898634795219,0.09571435715357303
5006,2019-01,76.05057160153896,0.32459595273665626,0.03372719453121463,0.08013038163791933,0.26977228484766175,0.05160939834306669,0.24016478790348136
5007,2019-01,89.47276981227301,0.4226931567328918,0.07143487858719647,0.08706401766004415,0.3252980132450331,0.03576158940397351,0.057748344370860925
5008,2019-01,76.81322070959406,0.2493476369962308,0.14656422151348217,0.0895911858509713,0.35271093070455206,0.03493766309075094,0.12684836184401277
5009,2019-01,73.73524771085046,0.4415768576290414,0.047078842881452074,0.04197390811117414,0.316505955757232,0.05076574021554169,0.1020986954055587
5010,2019-01,100.43302616056835,0.5325485858745458,0.04740085321535788,0.08524253436561859,0.21899194185495338,0.03152156738821299,0.08429451730131142
5011,2019-01,72.48003411128325,0.5531733808867634,0.02245278430736808,0.06285969036232471,0.2006160330712491,0.03586771500364756,0.12503039636864716
6001,2019-02,65.68113982179834,0.5518031480374577,0.013324367403865311,0.08355748157003387,0.23468320382546323,0.012851165570830842,0.10378063359234907
6002,2019-02,43.55725981871141,0.47406866325785246,0.01227173119065011,0.1295836376917458,0.3177501826150475,0.008473338203067933,0.05785244704163623
6003,2019-02,28.94010601579889,0.30622119815668203,0.01935483870967742,0.11221198156682027,0.4414746543778802,0.03571428571428571,0.08502304147465438
6004,2019-02,47.34307626134627,0.5096371882086168,0.018480725623582765,0.1554421768707483,0.2417233560090703,0.013038548752834467,0.06167800453514739
6005,2019-02,48.16335782664982,0.5782322654462243,0.012585812356979404,0.038901601830663615,0.3169336384439359,0.01730549199084668,0.036041189931350116
6006,2019-02,48.78297692461141,0.5107542868470611,0.016354445435622957,0.04727921498661909,0.360194270988205,0.014471206264248191,0.05094657547824363
6007,2019-02,45.420610096110835,0.4997987927565392,0.024849094567404428,0.0766599597585513,0.3237424547283702,0.01448692152917505,0.060462776659959756
6008,2019-02,54.80773800412862,0.32100737100737103,0.02371007371007371,0.23746928746928747,0.34164619164619164,0.010687960687960688,0.06547911547911547
6009,2019-02,38.629473726775736,0.410800830833141,0.019847680590814678,0.10916224324948073,0.2730210016155089,0.02377105931225479,0.1633971843987999
6010,2019-02,64.82793710308073,0.5117938321182113,0.016959725525361614,0.044797068111817225,0.34500370384810325,0.012242192678077118,0.06920347771842957
6011,2019-02,41.84157864085533,0.29617694448513254,0.026512377325325912,0.3245935257067526,0.2761095649626483,0.020799765636443535,0.05580782188369709
6012,2019-02,44.16655894666093,0.4320858804234382,0.015804383479946324,0.08707320709706277,0.3244371552109736,0.010585954972416878,0.1300134188161622
6013,2019-02,67.85943804582936,0.4487750556792873,0.017886971046770603,0.07398385300668152,0.3103424276169265,0.014894209354120268,0.1341174832962138
6015,2019-02,36.996782612294766,0.477427087495006,0.021773871354374752,0.08509788254095085,0.3302037554934079,0.025769077107471033,0.059728326008789454
6016,2019-02,52.30061260709629,0.4456259747625124,0.021054870267971076,0.12250106337728627,0.35608960725932226,0.010279313767191265,0.04444917056571672
6017,2019-02,35.497946475503674,0.30858310626702995,0.023841961852861037,0.18119891008174388,0.3467302452316076,0.05926430517711172,0.08038147138964577
6018,2019-02,45.481399886393696,0.3290676416819013,0.031200487507617305,0.13942717854966483,0.429981718464351,0.013528336380255941,0.05679463741620963
6019,2019-02,39.77838415319052,0.3496256239600666,0.02558236272878536,0.16430948419301164,0.32945091514143093,0.021838602329450917,0.10919301164725458
6020,2019-02,64.2833998467871,0.35682627965586167,0.015381941426957504,0.1327018336664639,0.3708177631007213,0.012427218214999565,0.11184496393499609
6021,2019-02,39.8154985615955,0.4126813541106932,0.024359663263478416,0.1108722908830378,0.36682787032061615,0.0231058570660935,0.06215296435608096
6022,2019-02,38.08524948448477,0.36002785515320335,0.033426183844011144,0.11838440111420613,0.4091225626740947,0.013231197771587743,0.06580779944289694
6023,2019-02,48.96867365603814,0.42750424448217317,0.021392190152801357,0.06610073571024334,0.4015846066779853,0.0178834182229768,0.06553480475382004
6024,2019-02,22.309041316573445,0.24444444444444444,0.016374269005847954,0.11695906432748537,0.4865497076023392,0.044444444444444446,0.0912280701754386
6025,2019-02,29.121121255332497,0.31116389548693585,0.021971496437054632,0.04275534441805225,0.5166270783847982,0.029097387173396674,0.07838479809976247
6026,2019-02,50.146019165994886,0.6563444108761329,0.02920443101711984,0.012588116817724069,0.2799597180261833,0.005035246727089627,0.016868076535750252
6027,2019-02,51.94439197526666,0.34081261370527594,0.02425712553062462,0.0351728320194057,0.5154639175257731,0.019405700424499697,0.06488781079442087
6028,2019-02,39.85241419804801,0.42528735632183906,0.02681992337164751,0.23754789272030652,0.24329501915708812,0.0210727969348659,0.04597701149425287
7001,2019-02,40.01301198770627,0.4112395451555305,0.03232778874165962,0.10891833474297528,0.3678225730664411,0.013250634338877925,0.06644112395451555
7002,2019-01,46.93054851094912,0.32522222222222225,0.04922222222222222,0.09544444444444444,0.34355555555555556,0.02666666666666667,0.15988888888888889
7003,2019-02,45.359817905040344,0.4404774942503559,0.024531814697185413,0.0837805278720841,0.3395027926842624,0.02069871865075019,0.09100865184536196
7004,2019-02,34.19260695339778,0.3974054054054054,0.043243243243243246,0.07675675675675675,0.36367567567567566,0.011027027027027026,0.1078918918918919
7005,2019-02,33.454877212170054,0.26710046024440565,0.06951277574988098,0.0623710522139343,0.4191398190763371,0.02190128551023647,0.1599746072052055
7006,2019-02,49.91661474012677,0.3694791666666667,0.045625,0.17729166666666665,0.3042708333333333,0.006875,0.09645833333333333
7007,2019-02,54.97345968465955,0.503225076383388,0.036494285390969786,0.1775489419486251,0.2577797895213308,0.013296367545547132,0.011655539210139187
7008,2019-02,27.616194380424847,0.38694074969770254,0.02599758162031439,0.16384522370012092,0.28688029020556227,0.021160822249093107,0.11517533252720677
7009,2019-02,43.05003518796997,0.46759776536312847,0.033109869646182497,0.142756052141527,0.30700186219739295,0.014934823091247672,0.034599627560521415
7010,2019-02,49.52266465331083,0.5136886440952535,0.03569307198012852,0.13159457854095793,0.2814406825422539,0.02494735136886441,0.012635671472541713
7011,2019-02,50.42792299654641,0.44282285537318056,0.029769278414369774,0.11210901207804273,0.24016723443790647,0.015562093527407866,0.1595695261690926
7012,2019-02,45.67839676548043,0.3382994186046512,0.05704941860465116,0.10701308139534883,0.34901889534883723,0.030886627906976744,0.11773255813953488
7013,2019-02,38.868009092417,0.46140459912989434,0.035052827843380985,0.13312616532007457,0.291858297078931,0.010938471100062151,0.06761963952765693
7014,2019-02,42.120656263240036,0.36764705882352944,0.044698142414860684,0.06907894736842106,0.33900928792569657,0.03541021671826625,0.144156346749226
7015,2019-02,72.93636179278779,0.030332681017612523,0.06718851924331376,0.22896281800391388,0.5244618395303327,0.044683626875407695,0.10437051532941943
7016,2019-02,48.89362888880621,0.34325461015852476,0.03178582982853446,0.10700420575865416,0.23673568424458105,0.020543513426075705,0.2606761565836299
7017,2019-02,69.4076155580155,0.27469316189362947,0.043717124488603154,0.16312098188194038,0.2827001753360608,0.010169491525423728,0.2255990648743425
7018,2019-02,24.550610454055004,0.35316265060240964,0.04216867469879518,0.16566265060240964,0.3539156626506024,0.04593373493975904,0.0391566265060241
7019,2019-02,39.39765703100913,0.333696046427276,0.11461733768589046,0.1267682263329706,0.34965542256075444,0.025389916575988394,0.049873050417120056
7020,2019-02,60.40632547990029,0.37972439358530097,0.04762672254009187,0.1560963816584737,0.3072769763881054,0.00854218712224998,0.10073333870577807
7021,2019-02,38.16643693211212,0.3265183403487673,0.08689116055321708,0.14912808177991582,0.36590499098015633,0.05321707757065544,0.018340348767288035
7022,2019-02,48.36694825493295,0.3549484614027571,0.028100506565185614,0.13538647647370144,0.20527231029007786,0.009879281231885884,0.26641296403639203
7023,2020-09,,,,,,,
7024,2020-09,,,,,,,
8001,2019-02,77.99986280114486,0.35867974290623433,0.021643674828710217,0.19927595155097683,0.14684607606751185,0.008286960764210512,0.26526759388235627
8002,2019-02,52.52647606378504,0.3103120712099356,0.029834992787531225,0.14864722231995214,0.3188263026422264,0.013932378707384865,0.17844703233296977
8003,2019-02,73.70330533784893,0.3564742195010879,0.02546846801261617,0.12793266879185008,0.2574339253487156,0.009225994703907977,0.22346472364182227
8004,2019-02,57.01655763365999,0.38547103168327274,0.027834888502293216,0.21635299699509727,0.2696504823659655,0.022615846908113236,0.07807475354525806
8005,2019-02,80.0751513174332,0.2844934027357463,0.039849897106887786,0.12884638663600048,0.2737440987773877,0.008425130129524271,0.26464108461445346
8006,2019-02,53.48154700322862,0.33716697841362925,0.043501339669379704,0.1530003538749305,0.2588342348718467,0.009984328395935493,0.19751276477427834
8007,2019-02,80.22727686513551,0.29782063645130186,0.013346190935390549,0.1525168756027001,0.3150241080038573,0.009643201542912247,0.211648987463838
8009,2019-02,59.158101311958326,0.3493689634955411,0.03332613324281791,0.14185206899743882,0.29814546240009876,0.010368130342210017,0.1669392415218934
8010,2019-01,100.8482814136168,0.3418317061831706,0.029456066945606693,0.180139470013947,0.13245932124593213,0.007791724779172478,0.3083217108321711
8011,2019-02,69.83175925258008,0.3285903633244971,0.05769530640885701,0.14341961640417902,0.22197099641353502,0.008186496179635116,0.24013722126929674
8012,2019-02,57.699368695381345,0.3118158268571906,0.02235313779560458,0.19031503300743713,0.20828110637586697,0.005306258878582769,0.26192863708531794
8013,2019-02,62.875760331871106,0.325670427901524,0.1855216881594373,0.09244944314185229,0.270112837045721,0.0106792203985932,0.11556638335287221
8014,2019-01,62.766739513968844,0.34955869140108875,0.029808149674964327,0.11907404471222452,0.34157814069023834,0.010411711854553142,0.14956926166693094
8015,2019-02,60.993485178383494,0.32807092584671615,0.02679161644048684,0.1044445308550764,0.255123070342575,0.012132052727767625,0.273437803787378
8016,2019-01,43.97590369007691,0.3038268737009414,0.039858173370827726,0.1964787871377919,0.3609243183763296,0.016016627949627094,0.08289521946448221
8017,2020-08,103.94570468286723,0.4972811787405718,0.019119452727591652,0.07489914050166638,0.30477109279073844,0.00815646377828451,0.09577267146114717
8018,2019-02,73.03805464699936,0.3286326149359821,0.04613386795461794,0.1702738415273158,0.2729758053492505,0.005331024741422518,0.17665284549141114
8019,2019-02,66.21949731226248,0.5128220278893878,0.01825809501299929,0.09950366343653982,0.19268494445757503,0.0034270857953202553,0.17330418340817774
8020,2019-02,59.15963718877589,0.4239005736137667,0.058030592734225624,0.06787762906309751,0.278585086042065,0.013288718929254302,0.1583173996175908
8021,2020-08,82.22301501276264,0.4614261884904087,0.019808173477898247,0.15617180984153461,0.170767306088407,0.0022935779816513763,0.18953294412010008
8022,2019-02,52.22350618684791,0.3811317911235024,0.022341948609750584,0.16449400949438625,0.23287619621731595,0.006329590837163741,0.1928264637178811
8023,2019-02,60.32359232339871,0.4215221870552499,0.027253223442445355,0.18127748157274254,0.22890158676211314,0.010047369203645093,0.130998151963804
8024,2019-02,57.12976474548046,0.3710801877621309,0.04269088687053857,0.1066022275921451,0.33508318751215177,0.008415965336221982,0.13612754492681164
8025,2019-02,50.203048333141815,0.3602015113350126,0.042821158690176324,0.10993743398066141,0.33127488421223694,0.009506784756642562,0.14625822702527017
8026,2019-02,67.67786635433993,0.46564273575528264,0.0219001507038189,0.13710841055568024,0.23634847853272198,0.013274761920030782,0.12572546253246544
8027,2019-02,65.74612121482001,0.4737299594359668,0.02694610778443114,0.10971605176743288,0.19277573884489085,0.00878887386517288,0.18804326830210547
8028,2019-02,84.3068600534844,0.37705180558891827,0.02318840579710145,0.2483305308671631,0.23106733925854753,0.00933621586996557,0.1110257026183041
8029,2019-02,76.05398524404951,0.43282402971778194,0.05328357958079102,0.1392768897181181,0.24278486544635502,0.009127124199485654,0.12270351133746828
8030,2019-02,74.56905874476737,0.436859770716185,0.017632186914258316,0.11263676387254261,0.2624340700056667,0.011616756026328407,0.15882045246501897
8031,2019-02,67.33583417825061,0.3813340967649585,0.04156364677406762,0.16237670145485777,0.2605470681622986,0.008016032064128256,0.14616245477968925
8033,2019-02,65.24805824552779,0.47594339622641507,0.03612652608213097,0.17497225305216427,0.19664261931187568,0.012708102108768035,0.10360710321864595
8034,2020-09,64.457629258873,0.38702431289640593,0.04756871035940803,0.09176797040169134,0.42329545454545453,0.023123678646934463,0.027219873150105708
8035,2019-02,63.32588458155493,0.3815792218629394,0.020486074893084384,0.18431208928757692,0.20627933660164807,0.011160947115886095,0.19618233023886514
8036,2019-02,55.99594577273181,0.3949834491118467,0.03216933190358525,0.11110075061774442,0.3185230080656441,0.014359643806238054,0.1288638164949415
8037,2019-02,33.83866511175309,0.28513435144017013,0.04194857916102842,0.08544364971969844,0.40344094335975256,0.012178619756427604,0.17185385656292287
8038,2019-02,71.6872026535634,0.3895239694143862,0.037850460157812,0.12710428717510416,0.2488362509729705,0.007417469208345416,0.1892675630713817
8039,2019-02,55.4910057536329,0.45508616745462865,0.03745615372883941,0.17288394082659753,0.31029434192466065,0.010675613847796249,0.013603782217477505
9001,2019-02,60.254821820832106,0.4568207440811725,0.020856820744081173,0.06042841037204059,0.3189966178128523,0.13021420518602028,0.012683201803833146
9002,2019-02,64.43117891812518,0.48328267477203646,0.03350736609415221,0.05251523392620817,0.3247480403135498,0.09578103867017641,0.010165646223876907
9003,2019-02,54.61141834003188,0.4293727689954105,0.027366989631140575,0.04300526942036376,0.39220352427899596,0.09711598390843675,0.010935463765652445
9004,2019-02,69.9166962083188,0.6557841358139851,0.019588555534826926,0.048504994657666674,0.15935417125994267,0.08932155193369853,0.02744659079988015
9005,2019-02,64.71565756183476,0.38316873292708553,0.02353435595713385,0.06487707501575961,0.3922567766337466,0.12586677873502836,0.01029628073124606
9006,2020-08,78.16954230730236,0.35246179966044144,0.01595925297113752,0.07843803056027164,0.40135823429541595,0.1466893039049236,0.0050933786078098476
9007,2019-02,66.74466273375391,0.5291759350266412,0.014329315607056024,0.04228958667425379,0.2850085355129067,0.12081630541617092,0.008380321762971392
9008,2019-02,53.91440065675424,0.4204219681108069,0.02944113383797713,0.062489933966822356,0.3334836527621195,0.1471412465775487,0.007022064744725398
9009,2019-02,68.68773241615975,0.500121262516024,0.03771264248345633,0.03106052731871254,0.3248796036448048,0.09065239233620899,0.015573571700793404
9010,2019-02,81.12608927241011,0.2798277163536255,0.022423515829670084,0.05554815505528174,0.4444296434438968,0.1850717108476533,0.012699258469872564
9011,2019-02,68.64709759632396,0.4210159246774381,0.02479755124181487,0.06664341896237747,0.35700724553450347,0.12104304699910884,0.009492812584757255
9012,2020-08,99.55121800166822,0.32448733413751507,0.015078407720144753,0.0243264977885002,0.5428226779252111,0.08845999195818255,0.0048250904704463205
9013,2019-02,53.70934030492767,0.3861375986875833,0.0288458252161728,0.049386513551385895,0.368091869168461,0.15441402645339897,0.013124166922998053
9014,2020-07,98.51978104667339,0.5072981366459627,0.01956521739130435,0.055590062111801244,0.3127329192546584,0.09968944099378882,0.005124223602484472
9018,2019-02,54.898031150624774,0.35389517739941023,0.01964234756967564,0.06301721677922573,0.42870731475316276,0.1257015124132027,0.009036431085322934
9019,2019-02,63.60557244504935,0.4560151889994822,0.03584373741441804,0.06996145216040504,0.3191128243484264,0.1101202462459007,0.008946550831367585
9020,2019-02,67.08825581222166,0.4336878624870775,0.02934940687915053,0.04949974593050761,0.3598850554572375,0.11871178006342976,0.008866149182597116
9021,2019-02,58.273279129268424,0.35805626598465473,0.07763385859252538,0.04149822621895883,0.3963369358963782,0.11459450540384457,0.011880207903638314
9022,2019-02,64.80364736161195,0.3117678510669324,0.07577893355368687,0.04865600544402858,0.44257035920867155,0.09269430807368882,0.028532542652991787
9023,2019-02,47.435286132797664,0.34521955777016505,0.059638741824976645,0.03659296169417627,0.43288695110557457,0.10448458424166926,0.02117720336343818
9024,2019-02,44.220191090456126,0.3065948464114136,0.10161595574319406,0.03071771728053574,0.4467899257533848,0.09608385500072791,0.01819769981074392
9025,2019-02,48.73579896718104,0.3274888812863496,0.03583646938077318,0.0642319534724598,0.4232808758125214,0.10665412247690728,0.04250769757098871
9026,2019-02,62.28426666405414,0.4802439024390244,0.024878048780487806,0.04859756097560976,0.35823170731707316,0.08323170731707318,0.004817073170731707
9027,2019-02,69.28626355047017,0.4209768315591734,0.07050720100187852,0.05159674389480275,0.3770194113963682,0.06850344395742017,0.01139636819035692
9028,2019-02,49.06309329321157,0.5100706057227796,0.02073578595317726,0.08272017837235228,0.2618357487922705,0.11041744085222346,0.014220240307196829
9029,2019-02,69.26567147976421,0.3253398503131205,0.04271676594878061,0.07199226108650272,0.41382821648592233,0.1338017412555369,0.012321164910136958
9030,2019-02,58.449493166862226,0.5399802270888883,0.024716138889721084,0.03643009077563738,0.30216603253542645,0.08771982384133736,0.008987686868989484
9031,2019-02,64.3346451112223,0.42946833776189247,0.05027394361229336,0.07700989959319962,0.33609236485056554,0.10007759776142215,0.007077856420626896
9032,2019-02,72.19430083582769,0.45532705937028,0.0709887301034042,0.03229929127454398,0.34890205646566747,0.08376902521203672,0.00871383757406762
9033,2019-02,68.79576041125306,0.4369218571051009,0.04092150471324112,0.08470619328693507,0.29992952162805037,0.13069333098405428,0.006827592282618271
9034,2019-02,65.65394284036101,0.34494837758112096,0.030789085545722714,0.04959439528023599,0.4179572271386431,0.13292772861356933,0.023783185840707963
9035,2019-02,71.37703294294089,0.4263097062064887,0.026745154960621454,0.09466978469478268,0.30209929306776334,0.13369889525038303,0.016477165819960757
9036,2019-02,56.805789697706686,0.29990403071017274,0.037770770496298324,0.05963805867836578,0.3620784206196874,0.1620510008225939,0.07855771867288182
9038,2019-02,53.72571984911267,0.4198755097660442,0.02764541747156042,0.040309079201545396,0.3718823781927452,0.12543464262717322,0.01485297274093153
9039,2019-02,82.06498410528586,0.34157739970594414,0.07083595883217811,0.0449485402226423,0.38579080025204787,0.14545263600084016,0.011394664986347405
9040,2020-09,83.4964721721856,0.7236842105263158,0.0,0.013157894736842105,0.18421052631578946,0.07894736842105263,0.0
10001,2019-02,32.80620782981277,0.18556521739130435,0.1728695652173913,0.2353913043478261,0.34904347826086957,0.0408695652173913,0.01626086956521739
10002,2019-02,35.23846634360253,0.36448160012500974,0.07539651535276193,0.17423236190327368,0.332760371904055,0.03898742089225721,0.014141729822642394
10003,2019-02,43.386379100799005,0.2618280764104842,0.17209018214127056,0.19619058196357175,0.2829020435362061,0.06988560639715682,0.017103509551310528
10004,2019-02,34.7738002112856,0.2621817038667086,0.16205595724614902,0.17038667085822068,0.34430996541967934,0.038981452373467465,0.022084250235774913
10005,2019-02,31.332675589427804,0.30760342038363764,0.10896695169863647,0.24924890224173793,0.28778599491564594,0.03345273861798013,0.012941992142361913
10006,2019-02,32.3668610818685,0.3184534588917059,0.10394784498370156,0.20825787758058675,0.2829590727997103,0.07116986599058313,0.015211879753712423
10007,2019-02,39.07105249115873,0.3096095264469676,0.1388811963445029,0.1945444475214622,0.2927166989753531,0.05349395366011262,0.010754177051601588
10008,2019-02,36.49064396998326,0.3057220879500298,0.16820992498195173,0.166138296870586,0.32279732571643804,0.02379233497598795,0.013340029505006434
10009,2019-02,39.54537689554304,0.16554054054054054,0.23241255961844198,0.14800278219395865,0.3870727344992051,0.05291136724960254,0.014060015898251193
10010,2019-02,33.90739828670261,0.2369099960030522,0.22869808509865194,0.2770611533011155,0.20744159005850077,0.034337415064859565,0.015551760473819991
10011,2019-02,29.47228185183389,0.24716091303527638,0.20090548953027731,0.2370496132805131,0.24512356159215243,0.04961328051311074,0.02014714204867006
10012,2019-02,34.34847963155836,0.30493139193480734,0.14171010845467075,0.2343160165378393,0.2734435855953023,0.030678890287015398,0.01492000719036491
10013,2019-02,50.7351379436524,0.5751691584619748,0.0818645921964264,0.14810988209553907,0.1428426725011142,0.0367590454195535,0.015254649325392002
10014,2019-02,30.76384240562272,0.265372647799674,0.1639255198300983,0.17958216032004742,0.31258951943497804,0.06534301377981923,0.013187138835383019
10015,2019-02,40.006174457392234,0.24715893187034652,0.3013211666573364,0.1649219056149583,0.2444998040642669,0.026955158707943794,0.015143033085148071
10016,2019-02,32.663142663415854,0.08237459733087897,0.16520938794293602,0.16382880809940176,0.45605154164749195,0.11780947998159227,0.014726184997699034
10017,2019-02,33.706661195263,0.19794147669275264,0.29202109561075196,0.1537512759441987,0.31235113984348417,0.033642395372575705,0.010292616536236815
10018,2019-02,42.22627935986261,0.4761068452867179,0.10502777323966672,0.17893318085280183,0.19653651364156183,0.0293661166476066,0.014029570331645156
10019,2019-02,38.20566680108109,0.19866822269513285,0.17409212603830576,0.24637880140042562,0.3396032127411272,0.029106885425962792,0.012150751699045788
10020,2019-02,36.25345298941566,0.30311015869338587,0.2535039962932932,0.18872350283794742,0.21406231900845593,0.028755936522645662,0.01184408664427198
10021,2019-02,27.644130343475172,0.3753967385356244,0.1466564517894276,0.18441501586954143,0.25041041917478385,0.032505198642880595,0.010616175987742147
10022,2019-02,40.71767219239371,0.22514645837031777,0.2648677436534706,0.2530623113793716,0.2242144505592047,0.021347417006923487,0.011361619030711876
10023,2019-02,29.551893140979704,0.2591038513412258,0.15525251011539037,0.2820320695339428,0.24906338977970927,0.044058144762475646,0.010490034467256106
10024,2019-02,36.94618093717863,0.3379402772542614,0.06763831302089877,0.23939355865477238,0.2953888679482347,0.04225824014742221,0.017380742974410522
10025,2019-02,25.122248259450398,0.31072124756335284,0.2046783625730994,0.15217673814165042,0.26796621182586094,0.047953216374269005,0.01650422352176738
10026,2019-02,38.772673613376874,0.39580950087302064,0.1530495514480101,0.1904389186585586,0.21464266361611176,0.02835811909205852,0.017701246312240352
10027,2019-02,43.210223576326996,0.30636002271436685,0.2217895676158027,0.15709418349963494,0.24989859657662042,0.03399042751683297,0.030867202076742112
10028,2019-02,37.993893466713544,0.32728014690879415,0.29402162823913486,0.14410324423587023,0.1939400122423995,0.02509691899612324,0.015558049377678025
10029,2019-02,43.25384443640992,0.22033139274518584,0.26140362100953235,0.14931866163393256,0.322884012539185,0.04049644936344444,0.0055658627087198514
10030,2019-02,32.31750218556584,0.23912490460442634,0.11396591198168406,0.2961078605952684,0.30386670058509285,0.034596794708725516,0.01233782752480285
10031,2019-02,44.50156752661475,0.19915446172429413,0.3255825658060295,0.20232523025819116,0.23871357390910464,0.02591977452312648,0.008304393779254115
10032,2019-02,35.59839654110026,0.3084538451142046,0.21736045411542101,0.18688336261656982,0.24712799026895527,0.027774023516691445,0.012400324368157859
10033,2019-02,46.77338686729744,0.1427583095202286,0.39226951421266354,0.20526394946608512,0.22117611670927959,0.024605203790043616,0.013926906301699503
11001,2019-02,69.20323742306718,0.5442366084880513,0.039635630345594884,0.22652573998099343,0.043205154949818046,0.005609252949493545,0.14078761328604872
11002,2019-02,140.48845493333164,0.5141593463971988,0.1200933718287364,0.22126666257141103,0.07488174949321211,0.004177160759260397,0.06542170895018122
11003,2019-02,48.95055122963726,0.528295871194006,0.12019767256496094,0.239757691694564,0.004144747329826239,0.005420054200542005,0.10218396301610075
11004,2019-02,74.64094582669783,0.5831153149527067,0.020460186489568658,0.14714563627825852,0.18296773327966728,0.005131817267055746,0.061179311732743005
11005,2019-02,93.32486991110756,0.4155072919945441,0.06278459762879027,0.14827405308991712,0.187682299863603,0.006463120344140174,0.17928863707900536
11006,2019-02,101.82320400466546,0.5007248127567046,0.030381734718531048,0.319521623580575,0.05599178545542401,0.005013288233872916,0.08836675525489249
11007,2019-02,86.96774352832335,0.5966847765827697,0.014968400044350814,0.3378423328528662,0.01602173189932365,0.010034371881583324,0.02444838673910633
11008,2019-02,85.84187071201865,0.5673807068529109,0.06288084747351645,0.20720446236055123,0.11699634386425424,0.005976375738258179,0.03956126371050905
11009,2019-02,58.321426464884475,0.6405928365582544,0.016055990119390694,0.06587072869493618,0.23507616303005352,0.004116920543433511,0.03828736105393166
11010,2019-02,68.12984699695973,0.5912668189895912,0.0467969873910468,0.3187780316493188,0.016755521706016754,0.006092916984006093,0.02030972328002031
11011,2020-08,109.4918305150386,0.7959474434066803,0.035934779167326264,0.10859585246161152,0.00918157353173975,0.0014247269273389266,0.04891562450530315
11012,2019-02,192.44774962343033,0.6804041689871907,0.027289362717797756,0.1833081390723208,0.0040576020367571,0.004296284509507519,0.10064444267642612
11013,2019-02,93.3012929218657,0.4596166271807021,0.08692655610596597,0.35231531337497307,0.005642903295283222,0.0019384018953262977,0.0935601981477493
11014,2019-02,97.47665469703382,0.5751292393342043,0.029483610748167927,0.30682270067602113,0.035334886098960405,0.012213827188547407,0.041015735954098735
11015,2019-02,145.8652368995589,0.5059235698151477,0.035357027612593926,0.20499700364172774,0.14165859954824137,0.007467846770847739,0.10459595261144147
11016,2019-02,178.57147464424,0.5959573018396548,0.07404042698160346,0.2815937185685085,0.005969955549787483,0.0033743227020537944,0.03906427435839201
11017,2020-06,196.6860947275621,0.6141849238767174,0.05978462681024879,0.25696249535833643,0.004827330115113257,0.0011139992573338284,0.06312662458225028
11018,2019-02,189.62796833192158,0.4833666444592494,0.042105263157894736,0.32773706417943593,0.004796802131912059,0.004752387297357317,0.13724183877415055
11019,2019-02,102.23290479088233,0.5278638508843019,0.05434523525766315,0.2734900128712399,0.014873432807360443,0.014492062735376841,0.11493540544405778
11020,2019-02,73.82713257747173,0.6213863848305875,0.04072116879079888,0.313179981349083,0.00419645632576935,0.00419645632576935,0.016319552377991917
11021,2019-02,80.84416284448756,0.5482365708084644,0.011502984264785675,0.10667390124796527,0.25610417797069995,0.002061855670103093,0.07542051003798156
11022,2019-01,86.71573086062091,0.5973446390717394,0.038045297333482095,0.08390047975008368,0.16445386589311614,0.007809885083119491,0.10844583286845923
11023,2019-02,54.87177080396444,0.5001170686022008,0.023764926246780612,0.05560758604542262,0.3084757667993444,0.01217513462889253,0.09985951767735893
11024,2019-01,74.95370942562941,0.6376012407375495,0.07220403239703602,0.09650180940892641,0.1643977253144925,0.0025848698948819577,0.02671032224711356
11026,2019-02,103.75937569266894,0.5005883121976729,0.15274327798840806,0.25720137708632934,0.011591929228221554,0.011112563733821414,0.06676253976554669
11027,2019-02,125.40154587041725,0.628842562212912,0.020443188127807783,0.2685376810862652,0.01458785523194185,0.007218212104386452,0.06037050123668669
11029,2019-01,102.56090015548023,0.6358426966292134,0.08634831460674157,0.2304494382022472,0.0053370786516853935,0.009550561797752809,0.03247191011235955
11030,2019-02,82.70630100935432,0.5186666666666667,0.04,0.2704,0.0064,0.0008,0.16373333333333334
11031,2020-08,130.5943657166586,0.9111111111111111,0.00202020202020202,0.020202020202020204,0.06363636363636363,0.0,0.0030303030303030303
11032,2020-08,134.4917686498532,0.5716498838109992,0.004647560030983733,0.3520526723470178,0.054221533694810226,0.0038729666924864447,0.013555383423702556
12001,2019-02,34.649930463139704,0.3333333333333333,0.012987012987012988,0.10687229437229437,0.39475108225108224,0.1314935064935065,0.020562770562770564
12002,2019-02,28.825220640735573,0.43065868263473056,0.015568862275449102,0.08287425149700599,0.3231137724550898,0.1348502994011976,0.012934131736526947
12003,2019-02,54.560686090173576,0.4122746185852982,0.016527970411465556,0.06541840036985667,0.3324086916319926,0.11384650947757743,0.05952380952380952
12004,2019-02,44.86304087204051,0.4656,0.024,0.05136,0.36208,0.08912,0.00784
12005,2019-02,58.89353066650743,0.5395162617232491,0.020347721164920746,0.14018537816047824,0.2181758350244063,0.0722316678549882,0.009543136071957439
12006,2020-09,43.53572571182453,0.5195876288659794,0.016494845360824743,0.049484536082474224,0.30927835051546393,0.09690721649484536,0.008247422680412371
12007,2019-02,56.27654685359107,0.30175625332623734,0.022352315061202766,0.10697179350718468,0.41830761043108033,0.1447578499201703,0.005854177754124534
12008,2019-02,49.595314042740156,0.3720253833950291,0.03886832363828662,0.040983606557377046,0.43548387096774194,0.10100475938656796,0.011634056054997356
12009,2019-02,27.610172932991606,0.35253227408143,0.02631578947368421,0.044190665342601784,0.45531281032770604,0.09831181727904667,0.02333664349553128
12010,2019-02,55.38835046502802,0.6297481007596961,0.02039184326269492,0.029188324670131948,0.21591363454618154,0.09436225509796081,0.010395841663334666
12011,2019-02,68.65751659319474,0.24446284413164976,0.20264955495756573,0.032498447526392055,0.4380045539225833,0.07969364520803146,0.0026909542537776857
12012,2019-02,32.261435686017265,0.32278217409412746,0.059558517284464804,0.07788421491045398,0.42565597667638483,0.0807996668054977,0.03331945022907122
12013,2019-02,36.791411967646454,0.49516548902937896,0.020453700260319823,0.05894384529564894,0.32335440684269245,0.0823726292301971,0.019709929341762737
12014,2019-02,31.245913040813253,0.345578231292517,0.030612244897959183,0.07414965986394557,0.40272108843537413,0.1306122448979592,0.0163265306122449
12015,2019-02,31.095925433812166,0.3699621081639683,0.013089906992766104,0.08163968308646229,0.44161212538753014,0.07888391319324836,0.014812263176024801
12016,2019-02,51.68627327113174,0.4236111111111111,0.006944444444444444,0.034722222222222224,0.4166666666666667,0.11805555555555555,0.0
12017,2019-01,51.00215998443378,0.6506024096385542,0.018072289156626505,0.05421686746987952,0.1927710843373494,0.06626506024096386,0.018072289156626505
12018,2019-02,74.15781259974246,0.38004246284501064,0.03043170559094126,0.040339702760084924,0.46850672328379334,0.07289455060155697,0.00778485491861288
12019,2019-02,45.12064659276308,0.5662860395807521,0.011050463784616415,0.05846699929678867,0.23403542845661857,0.06134681713156749,0.06881425174965676
12020,2019-02,48.55433102610248,0.23059096176129779,0.13441483198146004,0.03765932792584009,0.5249130938586327,0.06315179606025492,0.009269988412514484
12021,2019-02,37.78110762085899,0.505442366731789,0.016466648060284677,0.039352497906782025,0.34245046050795425,0.07926318727323473,0.017024839519955346
12022,2019-02,40.89327202833347,0.36256089074460685,0.016005567153792623,0.05636743215031315,0.4641614474599861,0.08420320111343076,0.016701461377870562
13001,2019-02,67.34877674709298,0.3445577005460319,0.03926941881260158,0.44123866966768893,0.06727820428257662,0.012668212510454845,0.09498779418064612
13002,2019-02,49.40784556228414,0.18214537203661685,0.024346034478262002,0.23109824479044414,0.23813994731763294,0.014500691130062854,0.3097697102469812
13003,2019-02,71.3427329420103,0.3507105613837389,0.05659449259030703,0.26386913865114076,0.1460295314498314,0.009122373963671488,0.1736739019613104
13004,2019-02,58.08850182447904,0.26947220408778183,0.05370026280988969,0.195617603240764,0.3685866854148881,0.013977468655317297,0.09864577579135908
13005,2019-02,48.17377094033105,0.33265757464061924,0.04524511610762993,0.13094360486546258,0.3382786583118319,0.021286398820493917,0.1315886472539624
13006,2019-02,48.54634328876312,0.47178067913270855,0.04283442209023353,0.24900933605297917,0.15985407362812137,0.015410328064768306,0.06111116103118907
13007,2020-08,73.05349594473937,0.3279334500875657,0.042359894921190896,0.48117338003502624,0.027583187390542906,0.008318739054290718,0.11263134851138354
13008,2019-02,61.3333741340985,0.6497790091694703,0.044981529124612445,0.111443696813774,0.11843624249620688,0.016467115245068935,0.05889240715086747
13009,2019-02,62.40793383251443,0.2758012757022305,0.03981617210094687,0.42270512261796284,0.157343211441702,0.012955112713442416,0.09137910542371538
13010,2019-02,47.23096522183645,0.41195695397156773,0.028643503330350928,0.325193856248136,0.17362560890744608,0.019149517844716173,0.04143055969778308
13011,2019-02,79.70215868444073,0.3575624082232012,0.0319627998042095,0.10019579050416055,0.34963289280469895,0.008272148800783162,0.15237395986294663
13012,2019-02,65.41732798585288,0.3407537949228041,0.059637590278078106,0.2965878130000432,0.20574752411019331,0.024888639017428535,0.07238463867145267
13013,2019-02,48.81563790972361,0.35278595043829053,0.09254147835845794,0.25505778155236736,0.1926658376050229,0.014680457399375171,0.0922684946464861
13014,2019-02,55.575888518891325,0.3786675715416808,0.10790634543603665,0.2948987671077932,0.16215360253365005,0.041850469403913584,0.014523243976925688
13015,2019-02,57.96180578284486,0.4570458920068889,0.022490122581298753,0.2726420828690102,0.14575524262992604,0.030189443825346975,0.07187721608752913
13016,2019-02,50.25255313314375,0.3633508885571859,0.027318556904272397,0.3776860900667474,0.12884783282169712,0.0817021995662827,0.02109443208381446
13017,2019-02,65.20796051345691,0.42134851577326604,0.10659934830092742,0.3118129408815841,0.12887170122104058,0.012747520320836467,0.0186199735023454
13018,2019-02,45.74576484573621,0.4934393274853801,0.06028874269005848,0.11560672514619882,0.2316703216374269,0.015734649122807018,0.08326023391812866
13019,2019-02,50.47716831591968,0.2243055924573563,0.04197948850308583,0.5216919328024535,0.12035891323986002,0.018484639150997108,0.07317943384624728
13020,2019-02,71.00720797652139,0.6166393205289065,0.05543222983624489,0.21586290469602892,0.06850475608317516,0.008182393376872675,0.03537839547877189
13021,2019-02,59.36367073696634,0.2508293551258192,0.057690751678938425,0.28982927421312404,0.24546888906869488,0.012723521320495186,0.14345820859292824
13022,2019-02,48.2221112158079,0.21052631578947367,0.03331963692054835,0.37208173023047325,0.20525942250943185,0.011654402151581936,0.1671584923984909
13023,2019-02,68.67367955161808,0.28427945991685366,0.09267503035208417,0.32239431956145836,0.19046392700783635,0.010816379088333763,0.09937088407343365
13024,2019-02,66.92173977839164,0.3263928072026102,0.06186369992395064,0.1780536270637588,0.1560790422687241,0.06886760052007948,0.20874322302087678
13025,2019-02,41.171476459978216,0.2716406400616927,0.047276310434205174,0.2926547137073453,0.2952466636677163,0.01771522824154403,0.07546644388749651
13026,2019-02,54.760067832275084,0.3235597331716192,0.07407519708914494,0.279426925409339,0.27835051546391754,0.012734990903577926,0.03185263796240145
13027,2019-02,61.72230033000883,0.5304711741257274,0.028720972604101103,0.18480361303430837,0.09419065602190789,0.019776725080332593,0.14203685913362263
13028,2019-02,69.43542017719105,0.3934614581157301,0.0715897221641947,0.13290160852308336,0.18834343012325047,0.016377689575934825,0.19732609149780655
13029,2019-02,77.65347088587066,0.24386111442548622,0.05530366304736905,0.5647536093544923,0.10511872091635843,0.007063596229566878,0.02389929602672712
13030,2019-02,51.9935325705227,0.492000473506406,0.06901355867381782,0.1947112976807292,0.18507726349720904,0.02452216829510376,0.03467523834673417
13031,2020-08,50.86637472449944,0.22956645344705046,0.04371002132196162,0.5014214641080312,0.07338308457711443,0.008528784648187633,0.1433901918976546
13033,2019-02,45.34462189448646,0.3727673881067451,0.03432969111157806,0.24127968060516916,0.2579060727043497,0.01620613574280311,0.0775110317293549
13034,2019-02,57.28131000984103,0.5388433361789989,0.056463300839802257,0.21012924616331474,0.15378506621136015,0.01234886537354325,0.028430185232980604
13035,2019-02,51.829272183767294,0.48198944526264115,0.03629725085910653,0.15381075110456555,0.25883652430044185,0.014942317133038783,0.05412371134020619
13036,2019-02,58.94087637196689,0.3360943775100402,0.10561476675934507,0.16340361445783133,0.18663113994439295,0.01318736484399135,0.19506873648439912
13037,2019-02,71.381339115756,0.6218739778167653,0.05988878646406375,0.1564126200600672,0.10514734306699575,0.02254006958280056,0.03413720300930744
13038,2019-02,44.9361108670604,0.3924876761785739,0.05623828369089773,0.26619454280358257,0.18961327501215025,0.05290564465736305,0.04256057765743248
13039,2019-02,55.504098862212956,0.25928752158721236,0.06470139363026628,0.3018595124302181,0.19490742600104422,0.02614562833848749,0.1530985180127716
13040,2019-02,57.15139039032513,0.4449864786043799,0.02964102020255581,0.12906304682114642,0.28956996659419904,0.01383954610530781,0.09289994167241106
13041,2019-01,56.494162331669266,0.22715398609880114,0.05450855996641321,0.37325651910248636,0.15606194896673975,0.012175211083640435,0.17684377478191912
13042,2019-02,55.691198123823646,0.44160843549939327,0.026235407339219214,0.2931084982635257,0.06816184777605758,0.01029331771203816,0.1605924934097661
13043,2019-02,43.13006207098132,0.36819324950363996,0.03978821972203839,0.2744804765056254,0.23260092653871609,0.012111184645929848,0.0728259430840503
13044,2019-02,65.51564937819624,0.2092234574830135,0.17086801284883513,0.26689991999331286,0.2627801726711486,0.026127556930131475,0.06410088007355838
13045,2019-02,49.315298124257644,0.5778222022765289,0.059238709150993434,0.2149239117131084,0.09632409938395006,0.019542246338378685,0.032148831137040514
13046,2019-02,63.95102707933512,0.2847410347879731,0.07890995896252984,0.18271061878067751,0.2734490250248102,0.01740739747337929,0.16278196497063005
13047,2019-02,55.50225612004958,0.30385888448017107,0.05879813326206287,0.41851524434119364,0.12053617318722888,0.00960095392775642,0.08869061080158713
13048,2019-02,56.57339812228579,0.42478016662575624,0.10957737124045223,0.1687627243455535,0.18926606696795992,0.028776874539757715,0.07883679628052039
13049,2019-02,52.25512014199581,0.2790855147098131,0.057556264366791995,0.3913825976941856,0.14244729948858675,0.012224023949108145,0.11730429979151447
13050,2019-02,61.383261219679675,0.35617231771077923,0.09479978710747941,0.3150026611565073,0.12039385116308193,0.01775147928994083,0.09587990357221127
13051,2019-02,45.154307761568866,0.3691071540666653,0.05444539766901718,0.330292314452512,0.1598208867778452,0.010755163106024148,0.07557908392793622
13052,2019-02,65.36640787916609,0.420872074382815,0.03780057710804745,0.08717537672330876,0.2681949342738057,0.024751522924014106,0.16120551458800897
13053,2019-02,70.6021214243267,0.36703726813772763,0.06300697713993987,0.4005899370355664,0.12523398944920303,0.011571841851494697,0.03255998638606841
13054,2019-02,41.881265513645694,0.4372905618635521,0.05672316751797508,0.16458990792855516,0.25041480951296485,0.015860363731008232,0.07512118944594463
13055,2020-08,34.06189745005926,0.2092214006089604,0.08438451500652458,0.5197912135711179,0.06872553284036538,0.009134406263592866,0.10874293170943888
13056,2019-02,38.20319388049841,0.32702318977756745,0.08346092814788007,0.288716906544918,0.1896940508337741,0.010105509312101557,0.1009994153837588
13057,2019-02,60.85456800239549,0.37206419405635405,0.028997889235099005,0.48189097731765335,0.06141320735752337,0.008962374778034644,0.04667135725533555
13058,2019-02,73.39246986687088,0.19792597518651675,0.031983208296099255,0.6212930443276045,0.07714208524699183,0.005943598162887841,0.06571208877989983
13059,2019-01,68.69477236308948,0.3978622327790974,0.04018210609659541,0.329819873317498,0.1954176563737134,0.016429136975455266,0.020288994457640538
13060,2019-02,60.03798297705172,0.3949849326808769,0.06422271985845014,0.1895994028365265,0.23560310746177876,0.016339056149954383,0.09925078101241326
13061,2019-02,82.70844244342815,0.30460728177623153,0.04752240825300186,0.4348771472059143,0.11297141890749196,0.00843178468749245,0.09158995916986784
13062,2019-02,50.803249935569866,0.32471298238996676,0.020014616091845634,0.3304651217614748,0.19300313538744432,0.013979584620099484,0.117824559749169
13063,2019-02,50.585305024040835,0.2763379237590169,0.02554671684771762,0.28186924414792003,0.2859749664984461,0.01206055940467026,0.11821058934222907
13064,2019-02,45.69615118588228,0.42735918901987585,0.054615866507204285,0.18457770943675608,0.22666438863261007,0.016857452018907683,0.08992539438464606
13065,2019-02,49.193040612431325,0.5116022519780888,0.03857273280584297,0.21336731588557517,0.1767726719415703,0.020275410833840535,0.03940961655508217
13066,2020-08,61.13300253300548,0.28009781790820165,0.023325808878856283,0.38487584650112866,0.2590293453724605,0.018434913468773514,0.03423626787057938
13067,2019-02,59.65844858540866,0.5184950795810525,0.11843812296300985,0.11524222383950891,0.07252476030756574,0.02800367053760719,0.14729614277125588
13068,2019-02,67.21214334904629,0.2835549206202908,0.040208299730408535,0.428512177699947,0.16634023825433766,0.014055623401460863,0.06732874029355515
13069,2019-02,53.991381198656185,0.4815159335053712,0.02838624497389426,0.2814919282242093,0.129508491868211,0.07042549360859389,0.008671907819720338
13070,2019-02,53.314469855308694,0.19696969696969696,0.12586258625862587,0.2838283828382838,0.20372037203720372,0.04275427542754275,0.14686468646864687
13071,2020-08,55.63941478742503,0.5416345412490362,0.0558982266769468,0.07247494217424827,0.2737085582112567,0.017347725520431765,0.038936006168080184
13073,2019-02,48.53824768665114,0.24655499015711474,0.046688704824870926,0.4390669687627679,0.13364038182966237,0.022508635738959254,0.11154031868662483
13074,2019-02,55.59456360616243,0.5992458736482641,0.03229937393284007,0.1676152532726238,0.17053215708594194,0.014513375071143995,0.01579396698918611
13075,2019-02,71.60316156632535,0.09355416293643688,0.08437779767233662,0.17323187108325871,0.19203222918531782,0.013652641002685765,0.4431512981199642
13076,2020-09,47.860319183242055,0.806941431670282,0.0021691973969631237,0.16702819956616052,0.021691973969631236,0.0,0.0021691973969631237
14001,2019-02,55.20121180248097,0.49143782302758576,0.02612242356311103,0.04010212341988916,0.2962513232455321,0.14126035245033938,0.004825954293542562
14002,2019-02,54.98129505866669,0.3944875568637945,0.04120952635804121,0.050628846668450626,0.3493711533315494,0.1586834359111587,0.00561948086700562
14003,2019-02,69.43056703236523,0.4346457770328054,0.04789108199637396,0.07997810693394451,0.32552252591249614,0.10833646905894023,0.0036260390654397428
14004,2019-02,69.95822186381126,0.38408062799361364,0.028539116551357106,0.06479510377860564,0.3678485896753592,0.1523416711016498,0.002394890899414582
14005,2019-02,65.81815241114958,0.5142474375877174,0.05503338578658614,0.03899970229234891,0.32018457874367373,0.07038659464976821,0.0011483009399055842
14006,2019-02,55.94689419865084,0.3792581377744133,0.06993365097742352,0.07376319187781093,0.3576390435053658,0.0970298793249321,0.022376096540054326
14007,2019-02,62.36799486838698,0.43755018145614544,0.0339146353213219,0.045412210553360956,0.33037864919549087,0.14201753540803547,0.010726788065645374
14008,2019-02,63.31226690084779,0.5261123680241327,0.10444947209653092,0.13848039215686275,0.1603506787330317,0.060991704374057314,0.009615384615384616
14009,2019-02,53.98948280082409,0.36042937055888724,0.09459255152950663,0.04994204505367132,0.40009071208990576,0.09308068336441062,0.0018646374036184045
14010,2019-02,62.61278425764433,0.36056811995843024,0.0492403622507052,0.06913445835601524,0.3584896323056367,0.15266986687781461,0.00989756025139803
14011,2019-02,59.52263827939608,0.3566882416396979,0.09368932038834951,0.06445523193096009,0.35566343042071197,0.12713052858683926,0.0023732470334412083
14012,2019-02,63.22744500420512,0.5361413765612543,0.07126406236159093,0.02046239702365134,0.3312959518114979,0.03999468509168217,0.0008415271503233236
14013,2019-02,74.87495375133221,0.45960276804170036,0.030496390162068242,0.05326383271921153,0.36176267936850304,0.09313681435547168,0.0017375153530451454
14014,2019-02,53.54456373894201,0.5064907121853259,0.04991752133687155,0.08749910349279208,0.24521265150971813,0.09883095460087499,0.01204905687441727
14015,2019-02,57.34550098465078,0.3963508651704643,0.07718005824910057,0.04445776940209011,0.4215350351207812,0.056450231283193424,0.004026040774370396
14016,2019-02,60.82284572040545,0.41101290773828447,0.035989063394162905,0.05830736949195651,0.32746232593628793,0.15622814268455523,0.011000190754752972
14017,2019-02,67.63332707594128,0.40363710250939755,0.05958549222797927,0.04216194249720614,0.37590165599918723,0.11150055877273189,0.0072132479934979175
14018,2019-02,60.52491878463873,0.46302266047217217,0.04645870863752726,0.041623210391580547,0.35465061154830757,0.08869820802123826,0.005546600929174173
14019,2019-01,67.98941561669726,0.3883596308425126,0.057829711223578446,0.06006251860672819,0.41217624292944327,0.07576659720154807,0.005805299196189342
14020,2019-02,72.1656515510914,0.4382473253618628,0.012704531151667716,0.03595028319697923,0.3376730648206419,0.1682662051604783,0.007158590308370044
14023,2019-02,58.96343840947153,0.4124509705320326,0.06592577692849241,0.033138891682590765,0.36422608870562206,0.1235039726440712,0.0007542995071909886
15001,2019-02,42.25309780076326,0.6482941513761468,0.02537270642201835,0.07411123853211009,0.1470756880733945,0.03547878440366972,0.06966743119266056
15002,2019-02,45.829630479668396,0.5540999514798641,0.011402231926249394,0.09970887918486172,0.20135856380397865,0.06841339155749636,0.06501698204754973
15003,2019-02,35.10346046897296,0.5426829268292683,0.02383592017738359,0.041019955654102,0.2073170731707317,0.06873614190687362,0.1164079822616408
15004,2019-02,50.76829719744474,0.6625992862898584,0.015252676413030965,0.1232876712328767,0.14357660872568206,0.02636122942327616,0.0289225279152757
15005,2019-02,62.67962515178144,0.7990797357315977,0.024458360502454448,0.061035174271970076,0.05690136686310454,0.015292626813154365,0.043232735817718776
15006,2019-02,24.607560087268656,0.39834881320949433,0.04540763673890609,0.06398348813209494,0.29102167182662536,0.058823529411764705,0.14241486068111456
15007,2019-02,23.77206583312356,0.40577507598784196,0.019756838905775075,0.20820668693009117,0.16717325227963525,0.06382978723404255,0.135258358662614
15008,2019-02,25.458206103352833,0.11278195488721804,0.015037593984962405,0.10275689223057644,0.19548872180451127,0.44110275689223055,0.13283208020050125
15009,2019-02,46.08804587323187,0.562002090349553,0.03056555568458948,0.1949367088607595,0.10695621878991987,0.029055858785274648,0.07648356752990361
15013,2019-02,28.962031242476304,0.33827893175074186,0.09198813056379822,0.1142433234421365,0.24777448071216618,0.10534124629080119,0.10237388724035608
15014,2019-02,18.98725505680144,0.23344947735191637,0.013937282229965157,0.21602787456445993,0.2682926829268293,0.09059233449477352,0.17770034843205576
15015,2019-02,29.02148146305531,0.18190854870775347,0.011928429423459244,0.12524850894632206,0.2634194831013916,0.2654075546719682,0.15208747514910537
16001,2020-02,143.68499307149668,0.3368708795626306,0.10403601865251648,0.1714101945650426,0.3580961569384145,0.006592699790963177,0.022994050490432544
16002,2020-08,188.02159948202777,0.29939516129032256,0.0668287476280835,0.20072343453510436,0.37701612903225806,0.016129032258064516,0.039907495256166985
16003,2020-08,141.67978786308095,0.49942012177442735,0.06799072194839084,0.22368802551464192,0.15127573209625977,0.01080023195129023,0.04682516671498985
16004,2020-08,270.0404979280283,0.5080580536016384,0.09723087881755854,0.11076484729765827,0.24485798237022527,0.009082005164277446,0.030006232748642152
16006,2020-01,114.91327586996606,0.2856801338752092,0.09275639493186708,0.06908917045182883,0.5132679894812335,0.018168778388716233,0.021037532871145112
16007,2020-08,139.05731593859653,0.29257435120287933,0.05948096230346656,0.2786512597082781,0.32629285849592726,0.016953968554650502,0.026046599734798257
16008,2020-08,157.51469872639345,0.299962921764924,0.09825732295142751,0.13088616981831666,0.43060190334940057,0.014831294030404153,0.025460388085527128
16009,2020-02,123.93498476970818,0.3137488542621448,0.09770852428964252,0.1758936755270394,0.3765352887259395,0.011274060494958753,0.024839596700274975
16010,2020-05,146.38378034938424,0.3048206937095826,0.14462081128747795,0.15138154027042916,0.36419753086419754,0.010582010582010581,0.024397413286302176
16011,2020-08,190.20505433941008,0.26868450082735795,0.15650854936569222,0.20063430777716493,0.33935466078323223,0.009928295642581356,0.02488968560397132
16012,2020-07,212.5073517402978,0.4166197792685566,0.15252109932914953,0.15568058861718242,0.2526725816922744,0.011296256221597058,0.01120969487123999
16013,2020-08,172.76820597670616,0.15552523874488403,0.08403819918144612,0.15934515688949522,0.5560709413369713,0.02155525238744884,0.023465211459754432
16014,2020-03,196.16733810310527,0.41078277271298336,0.12131405218484753,0.16740018861993083,0.2512417478780258,0.007984910405532852,0.04127632819867966
16017,2020-09,156.16638338602988,0.28834661354581675,0.09113545816733068,0.162101593625498,0.3979083665338645,0.017181274900398405,0.04332669322709164
16018,2020-05,150.66876354927308,0.2813525467256385,0.04508489085461549,0.2221429590526466,0.41332572406905405,0.010985875303181623,0.027108003994863746
16019,2020-08,146.6030713088077,0.24664019547953572,0.07177764202810018,0.14294441050702505,0.5029016493585827,0.016188149053146,0.019547953573610263
16020,2020-04,174.57767631657856,0.3346106827158172,0.12514105698702277,0.23525954485612188,0.26657419597517396,0.009004137671619334,0.029410381794244874
16021,2020-06,166.6965074044862,0.32133115111838517,0.11347517730496454,0.07092198581560284,0.4757228587015821,0.004909983633387889,0.013638843426077468
16022,2020-03,145.1459086870621,0.2576182350073135,0.0961725987323257,0.11110433934666017,0.500243783520234,0.009812286689419795,0.025048756704046805
16024,2020-09,,,,,,,
17011,2019-02,39.29317440636414,0.5687493830816306,0.022439377488237423,0.07699141249629848,0.26953574836310995,0.03132300200704109,0.030961076563682428
17013,2019-02,47.163631099399,0.4655227805475899,0.02165609642912388,0.20636356064301947,0.24918789638390784,0.02137052153115741,0.03589914446520151
17014,2019-02,36.82758770402945,0.5665813131145179,0.031414541141520626,0.08172879740170486,0.29082283041246826,0.018212452750712205,0.011240065179076187
17015,2019-02,41.67485184390898,0.5515415924024367,0.02181373201032162,0.056263467319305156,0.3119895719720146,0.031230879731850708,0.027160756564071187
17016,2019-02,41.915527738912395,0.4750415441646427,0.030199411990285058,0.06595935063274959,0.3474690016617666,0.023808002045251183,0.05752268950530487
17017,2019-02,35.45383472684767,0.4545509125840538,0.02893852065321806,0.09191882804995197,0.31051873198847263,0.02797790585975024,0.08609510086455331
17018,2019-02,32.105295731413946,0.4119169807893183,0.03256278668422726,0.08324628729733412,0.3892547345474363,0.0428266497116127,0.0401925609700713
17019,2019-02,35.32487423865264,0.44873215785054577,0.033047858942065494,0.05568429890848027,0.3717884130982368,0.04597816960537363,0.044769101595298066
17020,2019-02,34.2032111524161,0.40458718979313396,0.03952948117555957,0.10354364098971201,0.3551753383236845,0.06080607692024042,0.03635827279766953
17021,2019-02,42.94794893206011,0.6103092290780481,0.022391626439803088,0.05438990584524208,0.25108732017397123,0.02855709028342016,0.033264828179515364
17022,2019-02,29.080477047064406,0.4287944284341979,0.013568683957732948,0.041666666666666664,0.4489673390970221,0.035782901056676274,0.03121998078770413
17023,2019-02,33.28426707909149,0.4993809911216441,0.04449789536981359,0.06285593010505465,0.3157652718333274,0.022425807364437056,0.05507410420572318
17024,2019-02,30.815243672714576,0.42988492779783394,0.022055505415162456,0.10661101083032491,0.3782716606498195,0.037736913357400724,0.025439981949458484
17025,2019-02,33.05393565006238,0.5076076400129492,0.04027193266429265,0.09621236646163807,0.28572353512463583,0.03149886694723211,0.03868565878925218
17026,2019-02,36.039040814391775,0.47056349873843567,0.03484320557491289,0.09936321038087229,0.31932596419560255,0.013787095999038807,0.062117025111137814
17027,2019-02,30.52866327426951,0.48175897152100805,0.017836618279341025,0.08024349750968456,0.3361712996466732,0.023498361074454046,0.06049125196883913
17028,2019-02,34.28807406389542,0.34442756525341806,0.03148736362380886,0.0346637204805966,0.48971136583344843,0.07443723242646043,0.025272752382267644
17029,2019-02,42.02458543441962,0.5851474996056161,0.042277961823631485,0.05154598517116264,0.2827338696955356,0.022953147184098438,0.01534153651995583
17030,2019-02,30.155785156811426,0.45909212640599895,0.031065881092662024,0.09507230851633637,0.34025174076057846,0.036355115158007496,0.03816282806641671
17031,2019-02,38.250855691121785,0.6245341426403642,0.016971168437025796,0.08014567526555387,0.23586039453717755,0.016376327769347495,0.026112291350531107
17032,2019-02,37.82865388609079,0.47331306204308726,0.03480623665653102,0.08442776735459662,0.3617131396778159,0.020185029436501262,0.025554764831467944
17033,2019-02,25.97803033020303,0.3017190278601067,0.031219126654811302,0.11203319502074689,0.4856747678324442,0.028848053744319306,0.04050582888757163
17034,2019-02,34.87838545540465,0.269797924631349,0.016930638995084655,0.10431458219552157,0.4948115783724741,0.0797378481703987,0.03440742763517204
17035,2019-02,40.10587772386924,0.5561377654058185,0.03269472190382621,0.05310845477866929,0.293925004093663,0.045412368320506526,0.018721685497516512
17036,2019-02,30.980738467318897,0.39100724340576737,0.04810714773814405,0.12382123821238213,0.36531365313653136,0.05945059450594506,0.012300123001230012
17037,2019-02,39.83744792294408,0.59211324570273,0.028109201213346816,0.04529828109201214,0.2823053589484328,0.020525783619817998,0.031648129423660264
17038,2019-02,31.015454457063132,0.42564559216384684,0.031314930246363906,0.04704660136539032,0.43143365983971504,0.039477589789254974,0.02508162659542891
17039,2019-02,42.12015266980754,0.5486770569046756,0.035955056179775284,0.06197897789054005,0.32859731786879304,0.012903225806451613,0.011888365349764408
17040,2019-02,36.966611145835536,0.3785731737112143,0.03469337893965307,0.04385536281456145,0.46469582213535304,0.05778157830442218,0.020400684094795993
17041,2019-02,28.135196986082487,0.4139450492483152,0.025401762571280455,0.04173146708138932,0.42664593053395544,0.030326594090202177,0.061949196474857436
17042,2019-02,29.38078200812363,0.5295248078266946,0.015548567435359888,0.10971348707197764,0.30363382250174703,0.01816911250873515,0.023410202655485674
18001,2019-02,48.836926399451485,0.20359733978234582,0.17004232164449817,0.10096735187424426,0.43213422007255137,0.07360943168077388,0.019649334945586457
18002,2019-02,44.97747679890566,0.23506120964809502,0.12658074421235505,0.15308472384954144,0.4285887438891358,0.04254373560664216,0.014140842794230536
18003,2019-02,48.90739903460421,0.34839349358201355,0.03237130530321301,0.022000696733392288,0.37642361390251095,0.20666184312779698,0.014149047351073238
18004,2019-02,48.257638094125916,0.2577753779697624,0.14211663066954644,0.03693304535637149,0.37257019438444927,0.15086393088552916,0.03974082073434125
18005,2019-02,36.87176865071418,0.07996747085931147,0.07535917592843588,0.10653293575494714,0.5497424776362158,0.16101924640824072,0.02737869341284901
18006,2019-02,48.18696634162908,0.23226684819605173,0.19836623553437713,0.021511232130701156,0.4111640571817563,0.10762423417290674,0.029067392784206943
18007,2019-02,50.172825393345754,0.2786571226938199,0.23853211009174313,0.06220385119467688,0.3532278119434083,0.05313035588264946,0.014248748193702322
18009,2019-02,41.516181091675186,0.08255959849435383,0.034127979924717694,0.05821831869510665,0.706900878293601,0.09360100376411544,0.024592220828105395
18010,2019-02,42.137067922745395,0.21103139013452915,0.0652017937219731,0.060896860986547084,0.5098654708520179,0.1358744394618834,0.01713004484304933
18011,2019-02,40.89759926406072,0.17779164067373673,0.14285714285714285,0.06830941983780411,0.5007797878976918,0.0987211478477854,0.011540860885839051
18012,2019-02,50.69351588495085,0.2171771771771772,0.05945945945945946,0.026546546546546545,0.5592792792792792,0.13309309309309308,0.0044444444444444444
18013,2019-02,32.49585718945673,0.12575655682582382,0.03429724277067922,0.03967720242098184,0.7074646940147948,0.0699394754539341,0.022864828513786146
18015,2019-02,35.37318372182231,0.2467885375494071,0.17045454545454544,0.06324110671936758,0.4172430830039526,0.05928853754940711,0.04298418972332016
18016,2019-02,38.17252600117503,0.08746583365872707,0.04880905896134322,0.051542366263178443,0.6196798125732136,0.13783678250683326,0.05466614603670441
18017,2019-02,28.875511002199357,0.09097801364670205,0.03184230477634572,0.047763457164518575,0.7505686125852918,0.04169825625473844,0.037149355572403335
18018,2019-02,44.48592031949585,0.1916623777663407,0.107874420998456,0.04004117344312918,0.51672671127123,0.08121461657231085,0.0624806999485332
18019,2019-02,28.758033556322328,0.16200621393697293,0.07367953839325345,0.07146027518863737,0.5179760319573902,0.09010208610741234,0.08477585441633377
18020,2019-02,42.44746914903671,0.0917135961383749,0.012335746849021185,0.01796728345400912,0.7350496111558058,0.12121212121212122,0.02172164119066774
18021,2019-02,38.148581515387605,0.17138465479697707,0.07890354809786089,0.05174843089535033,0.5632125016011272,0.09811707442039196,0.036633790188292555
18022,2019-02,25.15210568331835,0.09132947976878612,0.07283236994219654,0.026589595375722544,0.6173410404624278,0.10173410404624278,0.09017341040462427
18023,2019-02,41.57856934500384,0.15652577798420808,0.12238736646539712,0.027635856943799348,0.5976544356711565,0.06235485369252206,0.03344170924291686
18024,2019-02,48.59383361314425,0.24280901788027986,0.1681782845296709,0.008551438196423945,0.5332987820678933,0.034724021767297227,0.012438455558434827
18025,2019-02,40.39559513872196,0.2160522631824545,0.30377974801679886,0.006066262249183388,0.45870275314979003,0.011199253383107793,0.004199720018665422
19001,2019-02,41.388808265264466,0.051742919389978215,0.0860566448801743,0.2434640522875817,0.5517429193899782,0.042483660130718956,0.024509803921568627
19002,2017-06,,,,,,,
20001,2019-02,44.981120805298595,0.27828348504551365,0.0377113133940182,0.14781100996965757,0.22670134373645426,0.05136540962288687,0.25812743823146944
20002,2019-02,30.101788002712794,0.1980319803198032,0.07503075030750307,0.22263222632226323,0.27060270602706027,0.06888068880688807,0.16482164821648215
20003,2019-02,42.231595862945326,0.19350811485642946,0.07365792759051186,0.1735330836454432,0.15480649188514356,0.2034956304619226,0.2009987515605493
20005,2019-02,27.19605426637551,0.29567642956764295,0.05299860529986053,0.14225941422594143,0.2510460251046025,0.07252440725244072,0.18549511854951187
20006,2019-02,21.462258099325794,0.18867924528301888,0.024013722126929673,0.30017152658662094,0.19039451114922812,0.12006861063464837,0.17667238421955403
20009,2019-02,55.98119654359186,0.27060133630289535,0.05790645879732739,0.12806236080178174,0.26057906458797325,0.08797327394209355,0.19487750556792874
20010,2019-02,26.83339016019374,0.31386861313868614,0.072992700729927,0.20802919708029197,0.21532846715328466,0.08394160583941605,0.10583941605839416
21001,2019-02,49.71569398264366,0.5353982300884956,0.05006986492780624,0.1248253376804844,0.1793199813693526,0.06660456450861667,0.043782021425244524
21002,2019-02,47.49061292308123,0.5215827338129496,0.10971223021582734,0.01618705035971223,0.31115107913669066,0.030575539568345324,0.01079136690647482
21003,2019-01,53.74809866270293,0.25,0.0196078431372549,0.01715686274509804,0.6421568627450981,0.0661764705882353,0.004901960784313725
22001,2019-02,46.504154017168815,0.5059328737710476,0.04387187503923858,0.06268128225411534,0.3064627515977951,0.06540600946748534,0.01564520787031805
22002,2019-02,39.57227565370622,0.3920225043277553,0.08371802269667243,0.057006155029813425,0.3976966724370071,0.05183689170994422,0.017719753798807462
22003,2019-02,38.05734983564232,0.34254477161446106,0.10738480112683614,0.07612851297873767,0.40492320075122407,0.05647595412167147,0.012542759407069556
22004,2019-02,36.85390907779033,0.33451957295373663,0.06307829181494662,0.06752669039145907,0.35231316725978645,0.16218861209964414,0.020373665480427048
22005,2019-02,46.83076736041049,0.1075051216709139,0.07480137910358267,0.3932943586668665,0.3274621496027582,0.08012292010193374,0.016814070853944936
22006,2019-02,39.35505334349224,0.505830400883185,0.0643069067825847,0.06354791968536534,0.30504381425515764,0.05499206513489271,0.0062788932588146
22008,2019-02,40.42456855970632,0.478265724894609,0.08196767078924592,0.061001144643904076,0.3208073927245317,0.04935927859515899,0.008598788352550322
22009,2019-02,32.699623957055344,0.3635430038510911,0.10166880616174583,0.07817715019255456,0.36341463414634145,0.08318356867779204,0.010012836970474968
22010,2019-02,41.795394298782675,0.3133355802718796,0.08015953263678238,0.08493427704752275,0.4291652623300753,0.07420514548927087,0.01820020222446916
22011,2019-02,37.60844853260381,0.4609614506555345,0.05355162742156415,0.07077163916248125,0.3400300045659122,0.06790163720566172,0.006783640988846129
22012,2019-02,33.70045136366303,0.3721329239660466,0.056167599783276144,0.04596351815062308,0.43967852627776777,0.07206068268015171,0.01399674914213473
22013,2019-02,44.741815900304026,0.29259259259259257,0.13055555555555556,0.0654320987654321,0.39094650205761317,0.10905349794238683,0.011419753086419753
22014,2019-02,46.273037368877475,0.40423868670198904,0.08390515069920959,0.054025883783549035,0.3541214279510119,0.09415443411795361,0.009554416746286806
22015,2019-02,37.19924545344657,0.3290360046457607,0.1281068524970964,0.06806039488966319,0.39314750290360045,0.07119628339140534,0.010452961672473868
22016,2019-02,41.630328396036546,0.4083834820502179,0.0834197966383067,0.06204606764888981,0.2805561319775887,0.1502386387217265,0.015355882963270388
22017,2019-02,43.330077867681645,0.40584235062657714,0.08010777982122236,0.07702835635772635,0.3416449253667508,0.08494076386809803,0.010435823959625336
22018,2019-02,36.83683063967076,0.3457057333640341,0.10485839281602578,0.06658991480543403,0.36251439097398114,0.1157264563665669,0.004605111673958094
22019,2019-02,42.07579817267714,0.3936253728999843,0.09879886952425812,0.07579682838750196,0.34495211179149005,0.07591458627728058,0.010912231119485005
22021,2019-02,39.33219426492086,0.4453908503915373,0.0822915235609287,0.0457480423135046,0.37587580711636215,0.047396620414892156,0.0032971562027751065
22023,2019-02,41.29652246308928,0.4877298193008759,0.08127515189773535,0.05925984376232936,0.31784107946026985,0.047265840763828615,0.006628264814960941
22024,2019-02,36.108701453263286,0.4281917511566099,0.08662269908455557,0.07864947337336352,0.29190865242641995,0.10778619942907766,0.006841224529973423
22026,2020-09,46.51407291760753,0.8125,0.0625,0.03125,0.09375,0.0,0.0
23001,2019-02,65.00105610666563,0.38378158410713625,0.004402352854130443,0.025526247641596684,0.38131527998717524,0.15134475232140876,0.05362978308855265
23002,2019-02,50.81045130902093,0.328,0.0015737704918032786,0.006622950819672131,0.47514754098360656,0.10072131147540983,0.0879344262295082
23003,2019-02,45.22148597934424,0.3133846153846154,0.0026153846153846153,0.013846153846153847,0.45592307692307693,0.1566923076923077,0.05753846153846154
23004,2019-02,38.761054461675755,0.35435435435435436,0.0015015015015015015,0.018876018876018877,0.42985842985842987,0.14435864435864437,0.05105105105105105
23005,2019-02,53.07856106591295,0.23881330929355843,0.0031142435666284217,0.014096049827897066,0.5743320767087363,0.1078511719390264,0.06179314866415342
23006,2019-02,49.03922597384257,0.30825810765630224,0.002340354396522902,0.016549648946840523,0.5245737211634904,0.10230692076228685,0.045971247074557006
23007,2019-02,44.377878695285055,0.24976284049329178,0.011519176040113837,0.005827347879116412,0.47879116411437866,0.2028730180241225,0.051226453448976826
23008,2019-02,36.52673409979325,0.1689398636081835,0.0024798512089274642,0.03130812151270924,0.6584004959702418,0.10663360198388097,0.032238065716057036
23009,2019-02,43.40064242649356,0.16582977655033895,0.002008536279186543,0.029625910118001506,0.640597539543058,0.12402711523976902,0.037911122269646
23010,2019-02,48.27820361065041,0.30681718736326247,0.004288089612321694,0.01916513520609084,0.4807911087774569,0.15270849741839504,0.03622998162247309
23011,2019-02,55.25325647516314,0.28322820455057446,0.0011826988060373957,0.012615453931065555,0.47685289479612525,0.1614102275287227,0.06471052038747466
23012,2019-02,52.50722498193947,0.2508049483138451,0.002541942043721403,0.010337230977800373,0.4809354346720895,0.19403490933740045,0.0613455346551432
23013,2019-02,39.751283833916794,0.2519527338273583,0.0019026637292209093,0.010314440216302824,0.5026036451031444,0.1700380532745844,0.06318846384938914
23014,2019-02,63.264183906028585,0.2449354466253805,0.0017844022252545397,0.010181589167628844,0.5967775795108639,0.11798047654035898,0.02834050593051328
23015,2019-02,70.29020539592389,0.26873350923482847,0.0017150395778364115,0.010521108179419526,0.4571569920844327,0.1933047493403694,0.06856860158311345
23016,2019-02,38.5622565398226,0.24160060400151,0.004089593557317227,0.021706304265760666,0.47911161444570277,0.17679627532402165,0.07669560840568768
23017,2019-02,58.2779341127628,0.34403131115459884,0.002974559686888454,0.018395303326810174,0.40046966731898237,0.16195694716242662,0.07217221135029354
23018,2019-02,38.34624184091416,0.325344212136665,0.004844467108618052,0.016828148903620603,0.44951555328913817,0.1432942376338603,0.06017338092809791
23019,2019-02,49.8342907168433,0.39662629757785467,0.004433391003460208,0.012543252595155709,0.3285575259515571,0.17798442906574394,0.07985510380622837
23020,2019-02,56.41614204081671,0.2835743388990972,0.004274187105536471,0.01941359750738995,0.40285212111528323,0.21702484620915555,0.07286090916353759
23021,2019-02,57.66986361121754,0.3665245202558635,0.005437100213219616,0.0038912579957356076,0.41721748400852876,0.1713219616204691,0.03560767590618337
23022,2019-02,50.90593500143125,0.22678472606530162,0.0024349750968456004,0.029883785279468732,0.49286109573879355,0.17775318206972884,0.07028223574986164
23023,2019-02,45.69802705727909,0.25909526089037815,0.0028123504068932503,0.010351842987075156,0.5257898516036381,0.12392292963140258,0.07802776448061273
23024,2019-02,46.32197416411556,0.2808882140823686,0.0007591573353577528,0.013032200923641424,0.5004112102233188,0.14487252483077118,0.060036692604542294
23025,2019-02,42.91328991331379,0.36706066647678726,0.0022785531187695814,0.011392765593847906,0.46938194246653375,0.11898319567074908,0.030902876673312447
23026,2019-02,40.51140949387597,0.21327473182359952,0.0051400476758045295,0.020038736591179974,0.5034266984505363,0.18079558998808104,0.07732419547079857
23027,2019-02,55.738612765328476,0.3873631304972177,0.001795009872554299,0.015616585891222402,0.3718662119308323,0.13594208101477892,0.08741698079339437
23028,2019-02,53.797788812636206,0.22124600638977635,0.0019263296372862243,0.014517947754181545,0.5063427927081375,0.12807742905468897,0.12788949445592934
23029,2019-02,54.30800594895723,0.26648690644851697,0.0038846487820483524,0.01398473561537407,0.3991133860426854,0.19505507060920432,0.12147525250217084
23030,2019-02,50.64304775062918,0.3284811135313181,0.0024438187324018487,0.009722148435424747,0.36444775009297137,0.2485257397864315,0.04637942942145248
23031,2019-02,70.54298895026926,0.32436604189636165,0.0018081587651598678,0.008070562293274531,0.32167585446527014,0.2951708930540243,0.04890848952590959
23032,2019-02,55.59509715100239,0.3678083347393285,0.004133625780327316,0.014903548731792362,0.3746133513300714,0.14940104606040155,0.08914009335807885
23033,2019-02,57.10472514837605,0.2367583541714026,0.005569447601727665,0.019379404410093202,0.44686292339167993,0.20300068197317572,0.0884291884519209
23034,2019-02,56.30741433155691,0.31850916573138793,0.00257201646090535,0.018752338196782643,0.40937149270482603,0.17344743733632623,0.07734754956977179
23035,2019-02,60.47558246966355,0.3209519012843113,0.005036514731805591,0.0219508100394527,0.4671787123310669,0.13846218416855535,0.046419877444808195
23036,2019-02,48.440377172132145,0.26008535717914844,0.005639670765166142,0.007926023778071334,0.5417640483690682,0.13398028655624428,0.0506046133523016
23037,2019-02,48.179114240341335,0.27959506485289465,0.004049351471053464,0.022018348623853212,0.44036697247706424,0.20082252451755772,0.053147738057576714
23038,2019-02,56.075139535999135,0.2781701192718142,0.005139673571876962,0.015968298807281858,0.47924513496547394,0.13437696170747018,0.08709981167608287
23039,2019-02,48.64624416881829,0.2785797497847338,0.0023299397254723194,0.01180165121815327,0.4918705363926455,0.13888466798358912,0.07653345489540597
23040,2019-02,51.66723859448535,0.3045886730053741,0.00260438197602315,0.004878048780487805,0.4973129392310872,0.15965274906986357,0.030963207937164117
23041,2019-02,37.14421527962428,0.33891802020718764,0.004732062923647525,0.023916101803299655,0.351451592275227,0.13364880419490985,0.14733341859572835
23042,2019-02,51.074920254077824,0.2542730786087095,0.002549902386549265,0.01426351647475995,0.4866727758078011,0.16749671301645483,0.07474401370572532
23043,2019-02,54.91355133590254,0.2599233626817211,0.0032760991019978353,0.01643899727966771,0.4208324801825255,0.2029426390148302,0.09658642173925762
23044,2019-02,55.85991218242856,0.42196037912055157,0.0022850557354898962,0.014385916108649434,0.3876249329385817,0.12849961253402747,0.04524410356269994
23045,2019-02,63.46120332620529,0.3713654682483663,0.002071996174776293,0.0069901409412782625,0.41786015164279694,0.15439786880393452,0.04731437418884765
23046,2019-02,72.30047361129427,0.4810665890763987,0.009705711197938316,0.012241250311746612,0.2687463629561892,0.1792750852107407,0.048965001246986446
23047,2019-02,91.77628858097329,0.5910801568876455,0.003055737444689168,0.009749257561627346,0.2143844541011039,0.11908777638880622,0.06264261761612794
23048,2019-02,43.545889975463794,0.2797609025088399,0.002946624010776225,0.00833473648762418,0.5183532581242634,0.13916484256608858,0.05143963630240781
23049,2019-02,38.583897721687975,0.3359643102264928,0.0013726835964310226,0.015099519560741249,0.38109128345916266,0.13795470144131777,0.1285175017158545
23050,2019-02,56.98749884561858,0.37349679671370495,0.0034054870910754952,0.027031053785411745,0.4159802481748718,0.0922674158738267,0.08781899836110933
24001,2019-02,27.322522784293618,0.17763157894736842,0.019736842105263157,0.08552631578947369,0.6842105263157895,0.02631578947368421,0.006578947368421052
24002,2019-02,,,,,,,
24003,2019-02,24.392133993222537,0.17307692307692307,0.057692307692307696,0.17307692307692307,0.5576923076923077,0.019230769230769232,0.019230769230769232
24004,2019-02,51.560481288440755,0.1662269129287599,0.07387862796833773,0.08443271767810026,0.5290237467018469,0.04221635883905013,0.10422163588390501
25001,2019-02,25.797869339001085,0.2853236098450319,0.07839562443026436,0.5168641750227895,0.04102096627164995,0.044667274384685506,0.03372835004557885
25002,2019-02,32.6030640353846,0.23730924945499846,0.11803176580504515,0.5228900654001869,0.07007162877608222,0.017128620367486764,0.03456867019620056
25003,2019-02,22.08163988000239,0.25,0.09523809523809523,0.4226190476190476,0.14285714285714285,0.05654761904761905,0.03273809523809524
25004,2019-02,18.672759175423266,0.2264957264957265,0.15384615384615385,0.4252136752136752,0.1581196581196581,0.014957264957264958,0.021367521367521368
25005,2019-02,23.577668756775687,0.5405405405405406,0.09009009009009009,0.23423423423423423,0.06306306306306306,0.036036036036036036,0.036036036036036036
25006,2019-02,21.966621016722492,0.5274725274725275,0.06593406593406594,0.27472527472527475,0.10989010989010989,0.01098901098901099,0.01098901098901099
25009,2019-02,29.418070465387625,0.5321100917431193,0.11009174311926606,0.28440366972477066,0.027522935779816515,0.0,0.045871559633027525
26001,2019-02,81.31191303324336,0.0,0.07704160246533127,0.5604314329738058,0.26631741140215714,0.07944530046224961,0.016764252696456088
26002,2019-02,98.85948608526006,0.0,0.055818920608460096,0.5843665346947281,0.25838716399249845,0.08467909981246093,0.016748280891852468
26003,2019-02,85.44446267324784,0.0,0.06418336312043395,0.5061612266014486,0.30765371711660866,0.10575988461417866,0.016241808547330136
26004,2019-02,92.00563513606578,0.0,0.02865411072631529,0.5217040656577636,0.31967835286303903,0.11238673561364391,0.017576735139238103
26005,2019-02,113.52785802078752,0.0,0.045558167070175126,0.6314877975506742,0.2247689398625126,0.08729920299715482,0.010885892519483274
26006,2019-02,68.99924994701328,0.0,0.05103905774047248,0.4939867776800018,0.3403055123084907,0.09776845145422956,0.016900200816805433
26007,2019-02,117.0242887049595,0.004844795060881496,0.05732292917166867,0.6585276967930029,0.17171154175956096,0.09466643800377293,0.012926599211113016
26008,2019-02,94.45859826451462,0.0,0.06590852810636798,0.5219155380307446,0.2546050250490504,0.13972226984399108,0.017848638969845895
26009,2019-02,87.5592505554343,0.0,0.07362914803386082,0.5329119981518456,0.2811999801983466,0.09625253708684675,0.01600633652910018
26010,2019-02,73.4283286824276,0.0026710616049102067,0.025687656285519438,0.6165037508524664,0.23661627642646055,0.10013639463514436,0.018384860195498978
26011,2019-02,73.73950199166181,0.004969013455418458,0.04223661437105689,0.5139020713528,0.2597844899782257,0.13681536485958348,0.042292445982915525
27001,2019-01,47.28289463501288,0.3915375702699223,0.129597047590439,0.06140840235162855,0.2876882804789083,0.10200403381538857,0.027764665493713255
29001,2019-02,41.18581554039214,0.30980861244019137,0.15576820839978733,0.06824827219564061,0.4416533758639022,0.01634768740031898,0.00817384370015949
29002,2019-02,44.15449357751063,0.457203889216264,0.1293017088980554,0.09827637006482028,0.2821154979375368,0.025824985268120212,0.0072775486152033
29003,2019-02,56.586967125846854,0.3668199412880264,0.1353752630348375,0.08791208791208792,0.3935520744031382,0.012028160964331177,0.00431247239757878
29004,2019-02,45.05552237327527,0.3649227703039362,0.15216741405082213,0.07882411559541605,0.38199634612190664,0.01554559043348281,0.00654376349443614
29005,2019-02,43.29062491424534,0.39857885181243347,0.11409879171101234,0.11813685594440619,0.3500281725411632,0.013115883052651349,0.006041444938333438
29006,2019-02,45.49652803019118,0.4074788776468134,0.11932825701470742,0.10477730259726713,0.3434859705851674,0.01528110983623657,0.009648482319808074
29007,2019-02,57.35739966416505,0.4354227899615645,0.1194607732308388,0.07969703820936017,0.34577775265656796,0.014469816866380285,0.005171829075288266
29008,2019-02,37.6852325368036,0.2943805455142951,0.11837002957607624,0.12264212947748931,0.4375287545185672,0.022083470259612225,0.004995070653959908
29009,2019-02,46.93694217466466,0.47901896915117836,0.14211387386325114,0.10818459180214306,0.24297316019868234,0.019146019720842483,0.008563385263902604
29010,2019-02,45.468842946414064,0.44384081858698804,0.11883224768585669,0.09409530842058071,0.3277248872596851,0.01075977742029062,0.004746960626598803
30001,2019-02,38.663997932128524,0.5230784086519892,0.033265739667825416,0.09815565855542681,0.19095210505986868,0.12770374662031672,0.026844341444573195
30002,2019-02,33.31006865105512,0.45441500047833155,0.050129149526451734,0.11279058643451641,0.22357218023533915,0.12953219171529703,0.029560891610064095
