fold,target,tau,model,drift,climatology,last_year_xs,skill_vs_drift,skill_vs_best_naive
2016,growth,0.1,0.019414001763856565,0.03250608172572837,0.03864704844215876,0.021387957486275772,0.4027578615084052,0.09229285796391995
2016,growth,0.5,0.03753145494458844,0.06392388894727534,0.07270202169522189,0.049183102968509466,0.41287278413951745,0.23690347539441015
2016,growth,0.9,0.02016412511560784,0.024665430648834172,0.03432043568555101,0.02821026999370213,0.18249450404139156,0.18249450404139156
2017,growth,0.1,0.021483147279986577,0.034588130571588736,0.04497136399802629,0.02587831380445344,0.3788867185081928,0.16983975685890684
2017,growth,0.5,0.045567181900583655,0.06605462780013045,0.08097640992820875,0.05171608263568054,0.310159130129961,0.11889726409506829
2017,growth,0.9,0.026095884756722088,0.03310732775053487,0.04006033540508186,0.029924310837377784,0.21177918817985864,0.12793698412842636
2016,cr,0.1,0.02684832719151411,0.03357738418153086,0.073225482878148,0.06215151127183961,0.20040444346817377,0.20040444346817377
2016,cr,0.5,0.05576862787821864,0.07426783602866202,0.13273661577106696,0.09262966551971037,0.24908774968620362,0.24908774968620362
2016,cr,0.9,0.03431809400794668,0.044691210923775544,0.059080289359252296,0.03573094794383922,0.23210641872114524,0.03954146243511991
2017,cr,0.1,0.029641651251932292,0.03608064282498968,0.07474540491546325,0.04945984944587164,0.17846111013847288,0.17846111013847288
2017,cr,0.5,0.06506165686529715,0.07640321953215992,0.14146975336016512,0.0883037754972672,0.14844351764638453,0.14844351764638453
2017,cr,0.9,0.033242432955228565,0.04530854279422827,0.061623800878611565,0.03593850407855384,0.2663098191835198,0.07501901351910034
