district_id,pending,instituted,disposed,d_rate_12,a_trend,working_judges,instituted_12,origin
1001,14772.0,876.0,800.0,704.3333333333334,805.5,13.0,10169.0,2018-12
1002,35513.0,1445.0,1528.0,1444.75,1525.5,38.0,19029.0,2018-12
1003,75051.0,3705.0,5871.0,4190.083333333333,3611.0,1.0,44208.0,2018-12
1004,64830.0,2716.0,2136.0,1919.1666666666667,2324.5,31.0,30898.0,2018-12
1005,59113.0,2777.0,2606.0,2063.0,2359.5,48.0,28910.000000000004,2018-12
1007,79306.0,3788.0,2979.0,2903.4166666666665,2965.0,92.0,36791.99999999999,2018-12
1008,59406.0,2959.0,1916.0,1939.3333333333333,2584.5,41.0,30757.0,2018-12
1009,166753.0,7557.0,6100.0,6157.833333333333,6722.0,95.0,83787.0,2018-12
1010,18649.0,860.0,825.0,1090.6666666666667,978.5,20.0,13660.0,2018-12
1011,19765.0,1461.0,1326.0,851.1666666666666,846.5,24.0,11336.0,2018-12
1012,7690.0,715.0,646.0,626.75,665.5,15.0,7903.0,2018-12
1013,62207.0,3112.0,2887.0,2345.8333333333335,2661.5,35.0,32546.000000000004,2018-12
1014,90905.0,4510.0,4095.0,3183.5833333333335,3476.0,55.0,44051.0,2018-12
1015,67885.0,2673.0,2762.0,2378.8333333333335,2459.5,47.0,30740.0,2018-12
1017,58936.0,3006.0,2765.0,2076.5,2089.5,44.0,27201.0,2018-12
1018,46966.0,1752.0,1344.0,1379.25,1567.0,32.0,19896.0,2018-12
1019,117200.0,4987.0,5059.0,3899.6666666666665,4450.0,99.0,50911.99999999999,2018-12
1020,145331.0,5385.0,5495.0,3865.75,4731.0,72.0,55239.0,2018-12
1021,246138.0,8335.0,5694.0,4908.916666666667,6668.0,102.0,81062.0,2018-12
1023,329833.0,11037.0,16060.0,10081.166666666666,10548.0,18.0,128980.0,2018-12
1024,63082.0,2752.0,2020.0,1963.0,2013.5,36.0,28209.0,2018-12
1025,239704.0,7382.0,6894.0,5769.166666666667,7286.0,190.0,86164.0,2018-12
1026,134994.0,5064.0,4577.0,4284.25,5003.0,102.0,60010.99999999999,2018-12
1027,73124.0,3650.0,3639.0,2891.0833333333335,3269.5,43.0,40475.0,2018-12
1028,60535.0,2740.0,2824.0,1992.4166666666667,2426.0,40.0,29399.000000000004,2018-12
1029,57279.0,3445.0,3479.0,2055.75,2145.0,37.0,26298.0,2018-12
1030,118068.0,5206.0,4370.0,3815.5833333333335,4525.5,80.0,57704.0,2018-12
1031,66851.0,2497.0,2511.0,3988.5833333333335,2526.0,57.0,52070.0,2018-12
1032,19186.0,978.0,771.0,870.4166666666666,917.5,35.0,11764.0,2018-12
1033,10757.0,528.0,561.0,443.6666666666667,539.5,7.0,6627.0,2018-12
1034,85920.0,3296.0,3358.0,2454.75,2647.0,73.0,35568.0,2018-12
1035,57176.0,2422.0,2510.0,2578.6666666666665,2275.5,,32363.0,2018-12
1036,27166.0,1069.0,1880.0,1140.5,1140.5,23.0,13526.0,2018-12
1037,84259.0,3717.0,3373.0,3300.6666666666665,3751.0,101.0,46400.0,2018-12
1038,23487.0,82.0,372.0,457.6666666666667,481.5,37.0,5106.000000000001,2018-12
1039,9337.0,138.0,605.0,349.0833333333333,245.5,8.0,2965.0,2018-12
1040,54090.0,1774.0,2047.0,1705.75,1602.0,18.0,20756.0,2018-12
1041,10418.0,695.0,611.0,526.6666666666666,521.5,2.0,5999.0,2018-12
1042,37522.0,1548.0,1765.0,1861.6666666666667,2040.0,6.0,24017.000000000004,2018-12
1043,984.0,20.0,21.0,24.75,26.0,1.0,332.0,2018-12
2002,38024.0,2016.0,3583.0,2004.9166666666667,1956.5,16.0,21903.0,2018-12
2003,45501.0,1248.0,2707.0,1940.25,1903.0,25.0,22174.0,2018-12
2004,51585.0,2361.0,3543.0,2739.6666666666665,2621.0,44.0,34095.0,2018-12
2005,58198.0,2072.0,3294.0,2618.9166666666665,2758.5,60.0,32816.0,2018-12
2007,29322.0,1964.0,2134.0,1709.25,1813.0,17.0,22343.0,2018-12
2010,45785.0,2297.0,2940.0,1861.9166666666667,1952.0,22.0,24623.0,2018-12
2011,53501.0,4134.0,5163.0,3635.4166666666665,2958.0,42.0,41854.0,2018-12
2015,31396.0,893.0,2088.0,1534.0,1301.5,24.0,15305.0,2018-12
2017,40044.0,1364.0,2107.0,1744.75,1753.0,19.0,20146.0,2018-12
2019,15424.0,1022.0,1851.0,1064.75,807.5,12.0,11240.0,2018-12
2020,55543.0,3865.0,6340.0,3433.5,2750.0,50.0,36684.0,2018-12
2021,17340.0,783.0,1541.0,912.3333333333334,803.5,11.0,10951.0,2018-12
2023,41559.0,1228.0,2975.0,2185.1666666666665,2098.0,19.0,23766.0,2018-12
3001,111613.0,8220.0,9307.0,6314.666666666667,6740.5,67.0,83033.0,2018-12
3002,33117.0,2167.0,1942.0,1760.1666666666667,2088.5,27.0,23383.0,2018-12
3003,41870.0,2365.0,2404.0,2014.8333333333333,2194.5,26.0,27282.0,2018-12
3004,36688.0,2694.0,2430.0,2386.75,2507.5,33.0,28757.000000000004,2018-12
3005,42628.0,2423.0,3361.0,2257.5,2559.5,20.0,28233.0,2018-12
3006,29744.0,1619.0,1791.0,2179.5833333333335,1878.5,22.0,22583.0,2018-12
3007,23352.0,1156.0,1112.0,1189.4166666666667,1340.5,11.0,17634.000000000004,2018-12
3008,14806.0,1202.0,1262.0,1171.5833333333333,1050.0,15.0,15031.999999999998,2018-12
3009,37860.0,3475.0,4683.0,3004.8333333333335,2788.0,36.0,38064.0,2018-12
3010,28338.0,1910.0,2106.0,1865.25,1671.5,28.0,22566.0,2018-12
3011,28204.0,1819.0,2001.0,1767.9166666666667,1751.5,25.0,21168.0,2018-12
3012,42450.0,3374.0,3720.0,3494.9166666666665,3747.5,32.0,43964.0,2018-12
3013,25993.0,2459.0,2363.0,2158.4166666666665,1896.0,26.0,26181.999999999996,2018-12
3014,31408.0,2436.0,2757.0,2230.75,2143.0,22.0,28703.0,2018-12
3015,49618.0,2900.0,2867.0,2875.0,3124.5,38.0,35337.0,2018-12
3016,25309.0,2014.0,2109.0,1648.25,1835.5,18.0,22145.999999999996,2018-12
3017,27539.0,1799.0,1614.0,1686.8333333333333,1684.5,25.0,21306.999999999996,2018-12
3018,68300.0,5239.0,5119.0,3651.5833333333335,3838.5,42.0,47323.0,2018-12
3019,33849.0,1800.0,1841.0,1709.0833333333333,1721.0,26.0,21429.0,2018-12
3020,241057.0,21941.0,21842.0,18589.25,18751.5,120.0,213601.0,2018-12
3021,123541.0,6329.0,5227.0,3614.75,4399.5,28.0,55012.99999999999,2018-12
3022,63743.0,2664.0,3003.0,2629.3333333333335,2930.5,33.0,34961.0,2018-12
3023,59787.0,3590.0,3456.0,3095.5,3554.5,34.0,39814.0,2018-12
3024,49674.0,4722.0,3821.0,4025.75,3750.5,37.0,51727.0,2018-12
3025,11148.0,698.0,978.0,942.3333333333334,798.0,16.0,10291.0,2018-12
3026,104425.0,5164.0,5534.0,4474.833333333333,4912.0,47.0,59251.99999999999,2018-12
3027,23721.0,1264.0,1214.0,1158.6666666666667,1344.0,13.0,16074.000000000004,2018-12
3028,36280.0,1350.0,1494.0,1099.5833333333333,1399.5,20.0,15375.0,2018-12
3029,35036.0,1811.0,2012.0,1470.0833333333333,1785.0,15.0,21217.0,2018-12
3030,10880.0,699.0,964.0,790.9166666666666,764.0,8.0,9275.0,2018-12
4001,19582.0,1122.0,1538.0,1554.1666666666667,1526.0,16.0,16150.000000000002,2018-12
4002,153557.0,6231.0,5829.0,6451.083333333333,6755.5,37.0,79196.0,2018-12
4003,51008.0,3452.0,3972.0,4081.5833333333335,4017.5,27.0,47423.0,2018-12
4004,147149.0,5063.0,5200.0,6244.666666666667,6987.5,16.0,67974.0,2018-12
4005,50808.0,3503.0,2818.0,3471.8333333333335,4001.0,26.0,43194.0,2018-12
4006,84160.0,5834.0,6197.0,6284.583333333333,6261.0,22.0,71648.0,2018-12
4007,27711.0,1484.0,1394.0,2054.0,2289.0,15.0,21193.0,2018-12
4008,66448.0,2747.0,2778.0,3388.0833333333335,4131.5,20.0,43176.0,2018-12
4009,237134.0,5979.0,9950.0,6652.75,8521.0,36.0,100074.0,2018-12
4010,78367.0,6447.0,6241.0,6424.083333333333,6517.5,18.0,72474.0,2018-12
4011,46539.0,2808.0,2752.0,2559.8333333333335,2410.0,11.0,27570.000000000007,2018-12
4012,96187.0,3094.0,2694.0,2881.5833333333335,3696.0,17.0,37869.0,2018-12
4013,81.0,0.0,0.0,0.0,0.0,3.0,,2018-12
4015,190225.0,6192.0,5471.0,4625.5,7235.0,25.0,64684.0,2018-12
4016,14030.0,1075.0,1349.0,1175.0833333333333,1138.0,12.0,12961.0,2018-12
5001,19563.0,1074.0,1168.0,1116.3333333333333,989.5,17.0,14437.999999999998,2018-12
5002,46400.0,3976.0,4314.0,2745.25,1566.0,25.0,37072.0,2018-12
5003,15160.0,1846.0,2457.0,1570.6666666666667,816.5,13.0,21549.0,2018-12
5004,24173.0,2639.0,2617.0,2219.75,1889.5,17.0,29013.0,2018-12
5005,27594.0,3528.0,3999.0,3228.25,1897.0,19.0,38373.0,2018-12
5006,31102.0,3984.0,4027.0,2666.25,1472.0,25.0,36388.0,2018-12
5007,15690.0,1021.0,1163.0,1040.4166666666667,806.0,8.0,14180.000000000004,2018-12
5008,9883.0,1517.0,1681.0,1476.1666666666667,1093.0,9.0,19632.0,2018-12
5009,9815.0,1155.0,990.0,640.5833333333334,399.0,10.0,9626.0,2018-12
5010,19058.0,3253.0,2217.0,1917.5,712.0,13.0,28127.0,2018-12
5011,35337.0,6030.0,5762.0,4696.5,1146.0,25.0,66245.0,2018-12
6001,50130.0,2722.0,2676.0,4394.666666666667,3407.0,37.0,44796.0,2018-12
6002,8430.0,296.0,362.0,709.1666666666666,722.5,17.0,8118.0,2018-12
6003,5461.0,301.0,477.0,478.6666666666667,336.0,16.0,4118.0,2018-12
6004,10197.0,672.0,363.0,510.9166666666667,427.0,12.0,8367.0,2018-12
6005,8287.0,322.0,475.0,334.4166666666667,377.0,14.0,5253.0,2018-12
6006,12120.0,592.0,609.0,1010.25,1051.0,24.0,9595.0,2018-12
6007,12187.0,836.0,570.0,967.3333333333334,1029.0,17.0,10851.0,2018-12
6008,10129.0,288.0,338.0,509.1666666666667,529.0,12.0,6492.0,2018-12
6009,5609.0,872.0,333.0,211.5,191.5,16.0,4127.0,2018-12
6010,30785.0,1277.0,1165.0,1290.5,1427.0,23.0,17962.0,2018-12
6011,9129.0,785.0,572.0,812.9166666666666,762.0,15.0,10301.0,2018-12
6012,8875.0,306.0,511.0,458.5,524.5,11.0,5283.0,2018-12
6013,19064.0,730.0,984.0,794.5,824.0,17.0,9180.0,2018-12
6015,6067.0,550.0,424.0,424.25,364.5,12.0,4823.0,2018-12
6016,17607.0,1278.0,603.0,1086.5,892.0,17.0,11297.0,2018-12
6017,1924.0,114.0,291.0,319.4166666666667,310.0,14.0,3254.0,2018-12
6018,9557.0,471.0,378.0,797.4166666666666,510.5,13.0,9816.0,2018-12
6019,5730.0,212.0,306.0,492.5833333333333,439.5,17.0,5340.0,2018-12
6020,14033.0,1184.0,522.0,747.0833333333334,648.0,15.0,7670.0,2018-12
6021,8691.0,421.0,417.0,501.5833333333333,482.0,11.0,6607.0,2018-12
6022,3520.0,497.0,305.0,234.66666666666666,219.0,6.0,3005.9999999999995,2018-12
6023,10591.0,339.0,337.0,264.9166666666667,304.0,13.0,4219.0,2018-12
6024,1092.0,113.0,244.0,285.4166666666667,178.0,10.0,2614.0000000000005,2018-12
6025,2540.0,100.0,243.0,129.66666666666666,91.5,8.0,1629.9999999999998,2018-12
6026,4775.0,773.0,472.0,219.08333333333334,61.0,5.0,4577.0,2018-12
6028,710.0,57.0,55.0,21.333333333333332,3.0,4.0,811.9999999999999,2018-12
7001,13789.0,773.0,877.0,974.75,758.0,21.0,11586.0,2018-12
7002,10678.0,680.0,634.0,773.5833333333334,539.5,17.0,9419.0,2018-12
7003,11569.0,625.0,781.0,850.5,471.0,18.0,9543.0,2018-12
7004,5832.0,419.0,469.0,476.3333333333333,340.0,20.0,5491.0,2018-12
7005,7668.0,447.0,564.0,603.3333333333334,364.5,23.0,6533.000000000001,2018-12
7006,11837.0,844.0,802.0,883.9166666666666,389.0,20.0,11909.999999999998,2018-12
7007,21752.0,1174.0,1348.0,1415.9166666666667,819.5,32.0,16256.0,2018-12
7008,4182.0,354.0,358.0,357.0833333333333,277.0,12.0,4301.0,2018-12
7009,36477.0,2197.0,2188.0,2631.0,1839.5,87.0,32435.0,2018-12
7010,24006.0,1893.0,1535.0,1618.9166666666667,869.5,34.0,20038.0,2018-12
7011,31494.0,2130.0,2468.0,2489.4166666666665,1242.5,51.0,28605.0,2018-12
7012,6578.0,415.0,427.0,530.0,437.0,13.0,6200.0,2018-12
7013,9819.0,736.0,712.0,900.0833333333334,441.5,23.0,12094.0,2018-12
7014,6209.0,367.0,421.0,433.9166666666667,304.5,14.0,5130.0,2018-12
7015,11365.0,318.0,434.0,509.9166666666667,481.5,21.0,5812.0,2018-12
7016,15536.0,821.0,902.0,901.75,645.0,28.0,10821.0,2018-12
7017,20450.0,1140.0,1072.0,1204.8333333333333,1059.5,29.0,15576.0,2018-12
7018,1906.0,209.0,276.0,251.33333333333334,171.5,11.0,2921.0,2018-12
7019,6660.0,345.0,372.0,409.3333333333333,285.5,15.0,4976.999999999999,2018-12
7020,17650.0,1187.0,1222.0,1223.5,810.0,27.0,15016.000000000002,2018-12
7021,4829.0,417.0,407.0,517.1666666666666,375.0,15.0,6065.0,2018-12
7022,48341.0,2092.0,2692.0,2400.8333333333335,1973.5,84.0,28333.0,2018-12
7023,2886.0,356.0,487.0,416.5,78.5,,4539.0,2018-12
7024,1429.0,167.0,233.0,169.58333333333334,37.0,,1660.0,2018-12
8001,184799.0,4703.0,1902.0,2143.4166666666665,4463.0,49.0,62339.999999999985,2018-12
8002,32987.0,871.0,636.0,714.6666666666666,962.0,34.0,11771.0,2018-12
8003,72626.0,1777.0,3009.0,1733.75,1649.0,25.0,22782.000000000004,2018-12
8004,31439.0,1160.0,926.0,1445.0,1546.0,34.0,19220.0,2018-12
8005,51272.0,1433.0,2032.0,1806.5,1609.0,2.0,21725.0,2018-12
8006,49007.0,1937.0,1274.0,1043.5,974.5,21.0,19737.0,2018-12
8007,29857.0,796.0,839.0,484.5,781.0,18.0,10476.0,2018-12
8009,38040.0,1138.0,1490.0,1326.75,833.5,18.0,14414.0,2018-12
8010,70031.0,2288.0,1460.0,1788.3333333333333,2238.5,47.0,29370.0,2018-12
8011,29592.0,914.0,592.0,616.0,804.0,20.0,11322.0,2018-12
8012,28569.0,952.0,931.0,670.0,802.5,13.0,12518.0,2018-12
8013,65898.0,1601.0,1050.0,1128.0833333333333,1667.0,18.0,19735.0,2018-12
8014,24005.0,755.0,548.0,430.6666666666667,464.5,12.0,10195.0,2018-12
8015,34787.0,815.0,683.0,564.0,763.5,13.0,9920.0,2018-12
8016,12685.0,495.0,606.0,728.5833333333334,584.5,24.0,7568.000000000001,2018-12
8017,57809.0,1299.0,1425.0,1479.4166666666667,1546.5,27.0,19488.0,2018-12
8018,52771.0,1319.0,1067.0,1290.5,1270.5,11.0,17382.000000000004,2018-12
8019,20546.0,564.0,319.0,331.75,540.5,16.0,6390.0,2018-12
8020,11996.0,290.0,322.0,305.6666666666667,409.5,9.0,4548.000000000001,2018-12
8021,36849.0,692.0,381.0,391.6666666666667,769.0,18.0,9629.0,2018-12
8022,31312.0,630.0,610.0,524.75,647.0,11.0,8508.0,2018-12
8023,53383.0,1738.0,1258.0,1436.8333333333333,1623.5,32.0,19983.999999999996,2018-12
8024,41247.0,1195.0,914.0,840.5,978.0,15.0,15057.0,2018-12
8025,14412.0,486.0,719.0,467.5,507.5,14.0,6373.0,2018-12
8026,38175.0,966.0,746.0,560.0,991.0,30.0,12186.000000000002,2018-12
8027,14430.0,809.0,798.0,816.0833333333334,787.0,23.0,10385.0,2018-12
8028,73620.0,3253.0,1199.0,1138.4166666666667,1616.0,25.0,30451.000000000007,2018-12
8029,70918.0,1786.0,1485.0,1334.8333333333333,1516.0,26.0,24352.0,2018-12
8030,61438.0,1443.0,794.0,491.3333333333333,907.5,9.0,16675.0,2018-12
8031,46382.0,1592.0,922.0,1027.4166666666667,1032.0,26.0,22106.0,2018-12
8033,54848.0,1138.0,558.0,316.6666666666667,872.0,44.0,16685.0,2018-12
8034,63501.0,1403.0,1003.0,580.5833333333334,1218.0,7.0,19531.0,2018-12
8035,68324.0,1513.0,751.0,664.0833333333334,918.5,35.0,23277.0,2018-12
8036,29006.0,806.0,453.0,226.75,492.5,19.0,9466.0,2018-12
8037,6190.0,250.0,145.0,27.666666666666668,107.5,9.0,2038.0,2018-12
8038,94449.0,2328.0,1756.0,497.1666666666667,1369.5,53.0,26394.000000000007,2018-12
8039,41918.0,825.0,525.0,193.5,522.0,39.0,8568.0,2018-12
9001,24750.0,723.0,538.0,952.5,1174.5,19.0,13597.999999999998,2018-12
9002,93319.0,2490.0,2396.0,2999.0,3255.0,64.0,38651.99999999999,2018-12
9003,26152.0,888.0,928.0,1474.1666666666667,1548.0,23.0,18210.0,2018-12
9004,200542.0,8567.0,7815.0,8261.25,8809.5,174.0,97587.0,2018-12
9005,26219.0,964.0,788.0,1349.3333333333333,1494.0,21.0,17406.0,2018-12
9006,41905.0,1165.0,976.0,1762.5,1960.5,41.0,23748.000000000004,2018-12
9007,57431.0,2019.0,1841.0,2762.0,3115.5,35.0,38141.0,2018-12
9008,36958.0,1380.0,1056.0,2127.5,2164.0,18.0,27027.0,2018-12
9009,70929.0,1994.0,1239.0,1967.5,2948.0,56.0,31778.0,2018-12
9010,27731.0,1431.0,934.0,1500.6666666666667,1620.5,26.0,19039.0,2018-12
9011,36664.0,1318.0,1420.0,1797.3333333333333,2151.0,18.0,23331.0,2018-12
9012,28159.0,1514.0,971.0,1029.1666666666667,1264.0,21.0,15424.000000000002,2018-12
9013,37331.0,2221.0,2037.0,1825.25,1827.5,46.0,21975.0,2018-12
9014,76946.0,3245.0,2639.0,4036.5833333333335,4737.0,54.0,53685.0,2018-12
9018,28313.0,1096.0,1043.0,2079.75,2015.0,17.0,22352.0,2018-12
9019,46339.0,1912.0,1476.0,2717.9166666666665,2489.0,19.0,38021.0,2018-12
9020,70079.0,4078.0,3300.0,4847.666666666667,4344.0,76.0,64012.0,2018-12
9021,17367.0,807.0,651.0,820.25,741.5,12.0,10206.0,2018-12
9022,25526.0,934.0,931.0,1298.4166666666667,1553.5,20.0,16842.0,2018-12
9023,10622.0,690.0,631.0,766.0833333333334,782.0,11.0,9412.0,2018-12
9024,9091.0,433.0,375.0,688.0,690.5,15.0,8802.0,2018-12
9025,14842.0,946.0,617.0,782.5,838.5,9.0,9874.0,2018-12
9026,19578.0,643.0,774.0,831.0,894.0,15.0,10919.0,2018-12
9027,20659.0,614.0,352.0,1044.0,880.5,15.0,11322.0,2018-12
9028,52588.0,1155.0,1367.0,1795.0833333333333,1776.5,69.0,21116.0,2018-12
9029,23305.0,963.0,663.0,845.25,1165.5,19.0,12376.000000000002,2018-12
9030,39410.0,1964.0,1460.0,1542.5,1662.5,30.0,22167.0,2018-12
9031,50183.0,1275.0,1110.0,1875.1666666666667,2239.5,40.0,25380.999999999996,2018-12
9032,10615.0,407.0,498.0,497.6666666666667,601.0,9.0,7100.0,2018-12
9033,27326.0,853.0,797.0,1024.1666666666667,1218.0,12.0,15092.0,2018-12
9034,15022.0,528.0,303.0,518.0,712.0,22.0,7670.000000000001,2018-12
9035,51351.0,1346.0,1182.0,1936.75,2169.5,15.0,26875.0,2018-12
9036,20843.0,976.0,655.0,1185.3333333333333,1253.5,19.0,15667.0,2018-12
9038,31744.0,719.0,914.0,1423.9166666666667,1329.0,29.0,14017.000000000002,2018-12
9039,21999.0,537.0,410.0,812.0,1089.5,11.0,11933.0,2018-12
9040,28654.0,3124.0,4495.0,4526.083333333333,3460.0,,37797.0,2018-12
10001,15313.0,885.0,899.0,565.0,624.0,17.0,8120.999999999998,2018-12
10002,15947.0,1143.0,1099.0,964.0833333333334,736.5,12.0,9781.0,2018-12
10003,51378.0,3001.0,4253.0,3574.75,3175.5,23.0,41476.0,2018-12
10004,16865.0,2416.0,2691.0,1422.8333333333333,1645.0,17.0,16731.0,2018-12
10005,22604.0,878.0,1405.0,1017.5833333333334,1011.0,21.0,12137.0,2018-12
10006,14549.0,1804.0,2304.0,1132.8333333333333,797.5,15.0,14179.0,2018-12
10007,27507.0,1006.0,1473.0,1705.3333333333333,1274.5,18.0,20580.0,2018-12
10008,40917.0,2643.0,2353.0,2118.0833333333335,2282.5,34.0,25531.0,2018-12
10009,27527.0,1893.0,3483.0,1701.6666666666667,1622.0,23.0,20186.0,2018-12
10010,40959.0,2254.0,2726.0,1563.5833333333333,1639.5,28.0,19796.0,2018-12
10011,36990.0,3687.0,4122.0,2263.25,1996.0,35.0,27699.999999999996,2018-12
10012,43411.0,2040.0,2976.0,2447.3333333333335,1942.5,39.0,25272.000000000007,2018-12
10013,122007.0,4172.0,5828.0,4344.083333333333,4567.0,95.0,55030.0,2018-12
10014,26998.0,2426.0,3169.0,2565.75,1892.5,25.0,28454.0,2018-12
10015,47337.0,4673.0,4555.0,2870.5833333333335,2836.0,35.0,34507.0,2018-12
10016,6349.0,413.0,784.0,472.0833333333333,489.5,11.0,5956.0,2018-12
10017,29019.0,2038.0,2384.0,1811.8333333333333,1760.0,28.0,21767.0,2018-12
10018,61166.0,2544.0,3824.0,2233.5,2432.0,46.0,29342.0,2018-12
10019,17903.0,1116.0,1166.0,848.25,787.5,15.0,11354.0,2018-12
10020,43656.0,2061.0,2528.0,1685.0,1739.0,25.0,19299.0,2018-12
10021,11977.0,1487.0,1504.0,656.6666666666666,820.5,14.0,8840.0,2018-12
10022,29618.0,1973.0,2157.0,1334.5833333333333,1145.0,19.0,17496.999999999996,2018-12
10023,8571.0,1981.0,2156.0,718.75,305.5,9.0,8606.0,2018-12
10024,31348.0,2379.0,3081.0,1545.3333333333333,1506.5,31.0,20344.0,2018-12
10025,9988.0,1249.0,1512.0,977.4166666666666,987.0,11.0,11774.0,2018-12
10026,22232.0,1796.0,2260.0,1295.25,1345.0,19.0,16858.0,2018-12
10027,31367.0,4023.0,4106.0,2086.0833333333335,1651.5,20.0,24608.000000000004,2018-12
10028,25368.0,885.0,1841.0,1103.1666666666667,1097.5,20.0,13555.000000000002,2018-12
10029,19223.0,2911.0,2943.0,1437.0833333333333,955.5,18.0,18234.0,2018-12
10030,10389.0,541.0,1284.0,656.1666666666666,723.0,15.0,8792.0,2018-12
10031,49451.0,2818.0,3269.0,1740.0,1526.0,21.0,21704.0,2018-12
10032,40254.0,1751.0,2177.0,1456.0833333333333,1242.5,23.0,17130.0,2018-12
10033,41980.0,2169.0,2902.0,1827.1666666666667,2002.5,24.0,23507.000000000004,2018-12
11001,69274.0,4159.0,2274.0,1038.25,1850.0,35.0,23115.0,2018-12
11002,23458.0,453.0,357.0,263.0833333333333,515.0,9.0,7330.999999999998,2018-12
11003,9988.0,338.0,188.0,189.33333333333334,262.0,7.0,3542.0,2018-12
11004,42894.0,2397.0,949.0,742.8333333333334,1029.5,31.0,12288.0,2018-12
11005,79776.0,4838.0,1142.0,938.8333333333334,1749.5,25.0,21985.0,2018-12
11006,22861.0,464.0,212.0,430.9166666666667,752.5,16.0,9792.0,2018-12
11007,22353.0,774.0,449.0,382.9166666666667,574.0,23.0,7193.000000000001,2018-12
11008,82856.0,1332.0,768.0,646.8333333333334,1515.5,37.0,16431.000000000004,2018-12
11009,6715.0,166.0,166.0,159.25,267.5,9.0,2781.0000000000005,2018-12
11010,17654.0,526.0,339.0,368.3333333333333,600.5,10.0,7532.0,2018-12
11011,34754.0,107.0,5.0,371.5833333333333,1086.5,18.0,9800.999999999998,2018-12
11012,19734.0,2025.0,81.0,92.66666666666667,385.0,9.0,7055.000000000001,2018-12
11013,35201.0,781.0,756.0,461.75,845.0,16.0,10255.0,2018-12
11014,28953.0,776.0,885.0,432.4166666666667,594.0,13.0,8356.0,2018-12
11015,42936.0,949.0,865.0,534.5833333333334,902.0,22.0,9621.0,2018-12
11016,50811.0,857.0,373.0,628.1666666666666,1334.0,22.0,13614.0,2018-12
11017,24720.0,208.0,60.0,403.4166666666667,732.0,20.0,8158.0,2018-12
11018,44680.0,2011.0,926.0,552.0,800.5,12.0,13207.0,2018-12
11019,32988.0,761.0,875.0,405.8333333333333,739.0,16.0,8062.0,2018-12
11020,10973.0,262.0,342.0,166.58333333333334,379.0,8.0,4121.0,2018-12
11021,13616.0,358.0,406.0,392.9166666666667,711.0,12.0,7818.000000000002,2018-12
11022,16704.0,654.0,390.0,221.25,388.5,14.0,4075.0,2018-12
11023,11478.0,1117.0,349.0,287.3333333333333,420.5,14.0,4610.0,2018-12
11024,8001.0,302.0,72.0,150.41666666666666,315.5,9.0,3342.0,2018-12
11026,31838.0,1499.0,599.0,287.75,564.5,19.0,9050.999999999998,2018-12
11027,35321.0,1610.0,570.0,368.1666666666667,433.5,19.0,8132.000000000001,2018-12
11029,27554.0,1648.0,1201.0,405.3333333333333,539.0,19.0,7996.0,2018-12
11030,5569.0,201.0,63.0,88.91666666666667,177.5,6.0,1818.0,2018-12
11031,5097.0,548.0,131.0,94.16666666666667,141.0,6.0,3088.0000000000005,2018-12
11032,9278.0,73.0,150.0,151.08333333333334,128.5,9.0,1509.0000000000002,2018-12
12001,5160.0,180.0,254.0,178.41666666666666,198.5,16.0,2620.0,2018-12
12002,6183.0,570.0,598.0,379.4166666666667,355.5,17.0,5253.000000000001,2018-12
12003,11843.0,647.0,614.0,382.8333333333333,400.0,24.0,6537.0,2018-12
12004,7948.0,1123.0,668.0,775.5833333333334,570.5,15.0,10095.000000000002,2018-12
12005,23922.0,1513.0,1583.0,1076.8333333333333,874.5,45.0,12961.0,2018-12
12006,4469.0,359.0,325.0,295.25,201.5,12.0,4341.0,2018-12
12007,2709.0,136.0,103.0,130.58333333333334,125.0,10.0,1503.0,2018-12
12008,6104.0,569.0,281.0,146.91666666666666,201.5,10.0,2831.9999999999995,2018-12
12009,2780.0,145.0,142.0,88.41666666666667,111.0,10.0,1386.0,2018-12
12010,3351.0,242.0,195.0,186.33333333333334,178.0,8.0,2199.0000000000005,2018-12
12011,8022.0,263.0,166.0,225.58333333333334,311.5,20.0,3609.0,2018-12
12012,3169.0,129.0,205.0,168.33333333333334,141.0,7.0,1646.0,2018-12
12013,7829.0,270.0,200.0,222.16666666666666,266.0,18.0,3822.0,2018-12
12014,2077.0,140.0,116.0,85.66666666666667,93.0,11.0,1407.0000000000002,2018-12
12015,4006.0,599.0,625.0,300.8333333333333,163.0,16.0,4390.0,2018-12
12016,271.0,64.0,67.0,23.5,17.0,4.0,305.99999999999994,2018-12
12017,199.0,26.0,20.0,14.583333333333334,10.0,6.0,175.0,2018-12
12018,3476.0,25.0,94.0,70.83333333333333,85.0,10.0,715.0,2018-12
12019,41390.0,1196.0,1814.0,1268.8333333333333,1343.5,47.0,16304.999999999996,2018-12
12020,2807.0,253.0,220.0,94.33333333333333,76.0,10.0,1101.0,2018-12
12021,5120.0,358.0,372.0,146.25,134.0,10.0,2294.0,2018-12
12022,1863.0,93.0,51.0,55.0,71.0,9.0,728.0,2018-12
13001,174272.0,6042.0,8352.0,5045.083333333333,5672.0,71.0,77601.0,2018-12
13002,97807.0,3768.0,5649.0,4987.5,5240.5,53.0,65771.0,2018-12
13003,141386.0,4731.0,4196.0,4735.333333333333,6364.0,55.0,69726.0,2018-12
13004,73449.0,3513.0,5263.0,2153.6666666666665,2185.5,35.0,32348.999999999993,2018-12
13005,15479.0,726.0,723.0,799.5833333333334,986.0,16.0,12095.0,2018-12
13006,135806.0,7798.0,7886.0,6874.083333333333,6637.0,71.0,102353.0,2018-12
13007,81239.0,3992.0,2525.0,2693.6666666666665,3013.5,29.0,40855.0,2018-12
13008,144968.0,6172.0,5701.0,4295.166666666667,5462.0,55.0,66327.00000000001,2018-12
13009,59360.0,2271.0,2915.0,1970.9166666666667,2550.5,34.0,33429.0,2018-12
13010,96150.0,5367.0,4493.0,2678.8333333333335,3598.5,28.0,45221.0,2018-12
13011,24014.0,639.0,849.0,527.9166666666666,680.5,9.0,8072.0,2018-12
13012,116179.0,6116.0,3743.0,2674.9166666666665,3536.0,36.0,46574.99999999999,2018-12
13013,43034.0,1483.0,2155.0,1641.0,1779.0,34.0,23241.000000000004,2018-12
13014,58051.0,2382.0,2274.0,1368.3333333333333,1751.5,28.0,24467.999999999996,2018-12
13015,49228.0,2519.0,3051.0,2315.0,1993.0,19.0,33373.0,2018-12
13016,88909.0,5208.0,5513.0,2892.1666666666665,2886.5,45.0,47078.0,2018-12
13017,35184.0,1608.0,1714.0,881.25,1081.0,20.0,14566.0,2018-12
13018,72562.0,3408.0,2743.0,3517.75,3537.0,42.0,50388.0,2018-12
13019,156946.0,2639.0,3485.0,2684.0,2795.0,84.0,41443.0,2018-12
13020,130856.0,4707.0,5794.0,4740.25,7134.5,23.0,82125.0,2018-12
13021,59484.0,2276.0,1992.0,1214.3333333333333,1171.5,26.0,18566.0,2018-12
13022,30655.0,1216.0,1191.0,1002.4166666666666,1244.0,25.0,15103.0,2018-12
13023,36368.0,1257.0,1146.0,743.0833333333334,959.0,21.0,12450.000000000004,2018-12
13024,193601.0,5142.0,6170.0,4258.583333333333,5566.5,111.0,72120.99999999999,2018-12
13025,56086.0,2869.0,3780.0,3178.8333333333335,3408.5,34.0,43286.0,2018-12
13026,86661.0,2577.0,4318.0,3198.75,3407.5,51.0,42928.0,2018-12
13027,112877.0,4033.0,3668.0,3429.8333333333335,3505.0,61.0,56946.0,2018-12
13028,59682.0,1563.0,1453.0,1137.8333333333333,1567.0,32.0,18683.0,2018-12
13029,101124.0,3653.0,5419.0,3187.25,3472.0,36.0,44624.0,2018-12
13030,138375.0,7742.0,7615.0,3407.25,4813.0,66.0,58675.99999999999,2018-12
13031,68491.0,3852.0,4665.0,2462.3333333333335,2898.0,32.0,36734.0,2018-12
13033,45036.0,1697.0,1826.0,1299.3333333333333,1421.5,32.0,21054.0,2018-12
13034,63575.0,2350.0,2283.0,1811.8333333333333,1847.5,21.0,24236.0,2018-12
13035,44079.0,1660.0,1686.0,2044.0833333333333,2077.5,21.0,26002.0,2018-12
13036,63720.0,3989.0,3972.0,2221.3333333333335,2593.5,33.0,33657.0,2018-12
13037,42613.0,869.0,988.0,749.6666666666666,905.5,16.0,11226.0,2018-12
13038,17650.0,1053.0,949.0,980.5,1013.5,15.0,14309.0,2018-12
13039,36405.0,2442.0,2156.0,1473.5833333333333,1586.5,25.0,22400.0,2018-12
13040,28277.0,835.0,926.0,1070.8333333333333,1224.0,18.0,14749.0,2018-12
13041,69559.0,1004.0,882.0,671.5,913.0,31.0,10581.0,2018-12
13042,36896.0,1730.0,1968.0,1609.4166666666667,1641.5,18.0,20601.0,2018-12
13043,102488.0,7226.0,5227.0,4771.916666666667,4939.0,49.0,72690.00000000001,2018-12
13044,106696.0,3395.0,4839.0,3582.1666666666665,4128.0,39.0,49867.99999999999,2018-12
13045,35994.0,1748.0,1883.0,1431.1666666666667,1423.5,14.0,18851.0,2018-12
13046,49912.0,2572.0,2558.0,1624.3333333333333,1953.5,44.0,22314.0,2018-12
13047,62945.0,2124.0,3345.0,2602.8333333333335,2339.0,35.0,30871.0,2018-12
13048,83398.0,3582.0,3739.0,3150.9166666666665,3656.0,51.0,48563.0,2018-12
13049,73502.0,3389.0,2283.0,3895.9166666666665,3700.5,39.0,53656.0,2018-12
13050,76478.0,2938.0,2669.0,1746.9166666666667,2192.5,44.0,29760.000000000007,2018-12
13051,65213.0,5080.0,2995.0,2883.1666666666665,2998.0,33.0,43402.0,2018-12
13052,44495.0,1014.0,725.0,954.3333333333334,1834.0,16.0,17375.0,2018-12
13053,97949.0,4778.0,5037.0,4049.0833333333335,5679.0,43.0,62040.0,2018-12
13054,72632.0,5412.0,6669.0,5118.916666666667,6161.0,45.0,64966.00000000001,2018-12
13055,35358.0,2267.0,3531.0,1864.75,1335.0,32.0,24936.0,2018-12
13056,49670.0,2762.0,3243.0,2350.0833333333335,3040.5,22.0,34838.0,2018-12
13057,82666.0,2146.0,2596.0,2743.6666666666665,3302.5,37.0,45166.0,2018-12
13058,63889.0,2824.0,3104.0,2732.4166666666665,3001.0,34.0,36978.0,2018-12
13059,30100.0,1585.0,1652.0,1148.0833333333333,1359.0,16.0,16091.999999999996,2018-12
13060,42253.0,1307.0,1783.0,2030.75,1933.0,20.0,26331.0,2018-12
13061,101038.0,3024.0,2759.0,2014.6666666666667,2624.0,34.0,32731.0,2018-12
13062,65505.0,2889.0,4968.0,3815.5,3331.0,30.0,43473.0,2018-12
13063,54734.0,1709.0,1318.0,1006.5,1676.0,38.0,17463.0,2018-12
13064,22292.0,880.0,1043.0,970.4166666666666,1032.0,16.0,13800.0,2018-12
13065,36023.0,1440.0,1468.0,1036.8333333333333,1394.0,20.0,18639.0,2018-12
13066,55633.0,5229.0,6626.0,3653.9166666666665,3862.5,37.0,50002.0,2018-12
13067,39418.0,3121.0,3893.0,1160.1666666666667,1232.5,16.0,18132.000000000004,2018-12
13068,57831.0,2827.0,2223.0,1623.8333333333333,2139.5,27.0,24785.0,2018-12
13069,39783.0,790.0,1043.0,930.9166666666666,1451.0,19.0,14579.999999999996,2018-12
13070,13480.0,1229.0,2448.0,1278.25,999.5,15.0,13622.0,2018-12
13071,28475.0,1446.0,1580.0,1022.8333333333334,1108.5,14.0,13591.000000000002,2018-12
13073,36494.0,993.0,936.0,905.5,1152.5,22.0,14561.0,2018-12
13074,25085.0,1175.0,899.0,1347.9166666666667,622.0,11.0,25155.0,2018-12
13075,8632.0,276.0,307.0,111.83333333333333,198.5,13.0,3286.0,2018-12
13076,19684.0,1569.0,2693.0,547.5833333333334,587.5,,10291.0,2018-12
14001,41419.0,2811.0,3136.0,3428.3333333333335,4026.0,38.0,43476.0,2018-12
14002,24908.0,1589.0,1617.0,1869.0,2010.0,24.0,22379.0,2018-12
14003,36190.0,2031.0,2378.0,2688.75,2870.0,32.0,35116.0,2018-12
14004,39175.0,3365.0,3497.0,2825.0,2762.5,30.0,35978.0,2018-12
14005,58808.0,4451.0,4587.0,4383.166666666667,4761.5,55.0,59179.00000000001,2018-12
14006,81857.0,5857.0,5517.0,5301.916666666667,4966.0,66.0,72988.0,2018-12
14007,39702.0,2761.0,3167.0,2892.1666666666665,3134.5,35.0,39650.0,2018-12
14008,19166.0,1435.0,1617.0,1623.8333333333333,1486.5,23.0,17599.0,2018-12
14009,25525.0,1370.0,1415.0,1944.8333333333333,1972.5,21.0,24117.999999999996,2018-12
14010,39456.0,2793.0,1699.0,2171.5,2513.0,27.0,39073.0,2018-12
14011,22589.0,1064.0,1770.0,1323.6666666666667,1272.5,22.0,17200.0,2018-12
14012,30521.0,1996.0,2641.0,3369.25,3212.5,29.0,39918.0,2018-12
14013,40446.0,2285.0,1947.0,2299.5833333333335,2340.0,32.0,29115.0,2018-12
14014,18593.0,1588.0,2246.0,1732.25,2056.0,24.0,22826.0,2018-12
14015,18210.0,1330.0,1736.0,1388.0833333333333,1672.5,16.0,17765.0,2018-12
14016,19886.0,3324.0,3240.0,1450.5,1346.5,22.0,19010.0,2018-12
14017,26045.0,2097.0,2305.0,1948.5,1978.0,30.0,24495.999999999996,2018-12
14018,28111.0,1577.0,1856.0,2043.8333333333333,2118.0,27.0,23939.0,2018-12
14019,18293.0,1361.0,1039.0,931.75,1095.5,18.0,15534.0,2018-12
14020,33212.0,1734.0,1952.0,2015.5833333333333,2061.5,36.0,24160.0,2018-12
14023,24052.0,1775.0,1398.0,1260.8333333333333,1362.0,17.0,17966.0,2018-12
15001,15971.0,1205.0,970.0,1083.0,1160.0,32.0,15703.000000000002,2018-12
15002,5269.0,342.0,383.0,415.9166666666667,378.5,13.0,5897.0,2018-12
15003,2185.0,280.0,294.0,331.5,187.5,9.0,4345.0,2018-12
15004,42299.0,2634.0,1959.0,1558.6666666666667,1675.5,33.0,27344.000000000004,2018-12
15005,95124.0,2787.0,2954.0,2075.3333333333335,3784.0,49.0,45730.0,2018-12
15006,1354.0,184.0,202.0,186.75,173.0,7.0,2445.0,2018-12
15007,1100.0,153.0,116.0,170.83333333333334,144.5,6.0,2299.0000000000005,2018-12
15008,787.0,40.0,25.0,79.66666666666667,64.5,6.0,1064.0,2018-12
15009,56681.0,4198.0,3716.0,2192.25,1971.5,48.0,38597.0,2018-12
15013,1097.0,99.0,133.0,232.41666666666666,194.5,5.0,2784.0,2018-12
15014,448.0,53.0,89.0,126.08333333333333,91.0,6.0,1478.0,2018-12
15015,1377.0,181.0,230.0,297.25,228.5,8.0,3289.0000000000005,2018-12
15016,293.0,16.0,0.0,0.0,4.5,,,2018-12
16001,24955.0,846.0,605.0,736.8333333333334,1059.0,17.0,14557.000000000002,2018-12
16002,67808.0,2515.0,2150.0,1938.0,2384.0,38.0,26969.0,2018-12
16003,74611.0,1272.0,1786.0,1536.3333333333333,1369.5,61.0,14376.0,2018-12
16004,44928.0,1350.0,1306.0,1106.9166666666667,1307.0,25.0,16675.0,2018-12
16006,21786.0,959.0,1117.0,1250.8333333333333,1118.5,26.0,13871.999999999996,2018-12
16007,47335.0,3527.0,3858.0,2630.4166666666665,2477.0,45.0,33634.0,2018-12
16008,36236.0,1540.0,1408.0,1288.9166666666667,1216.0,31.0,17610.000000000004,2018-12
16009,46863.0,1500.0,1614.0,1455.5833333333333,1450.0,29.0,18356.0,2018-12
16010,17228.0,1081.0,1358.0,1150.0833333333333,1089.0,23.0,14383.999999999998,2018-12
16011,63779.0,2310.0,2206.0,3019.0833333333335,3382.0,41.0,39923.0,2018-12
16012,109206.0,2815.0,3035.0,2311.5,2858.5,43.0,34378.0,2018-12
16013,17587.0,1738.0,1933.0,1414.5,1208.0,15.0,17692.0,2018-12
16014,133166.0,4080.0,3601.0,3014.5,3714.0,49.0,48896.0,2018-12
16017,20218.0,208.0,526.0,435.25,517.5,19.0,6653.000000000001,2018-12
16018,39191.0,1440.0,1803.0,1566.25,1599.0,37.0,21087.0,2018-12
16019,25255.0,1206.0,1391.0,901.0833333333334,852.5,28.0,11206.0,2018-12
16020,192166.0,4820.0,4274.0,4122.083333333333,5248.5,92.0,62395.0,2018-12
16021,21380.0,839.0,1164.0,1180.6666666666667,923.5,22.0,11985.000000000002,2018-12
16022,67638.0,2101.0,2379.0,2004.5,2086.0,43.0,25832.0,2018-12
16023,303.0,57.0,74.0,82.08333333333333,33.5,,824.9999999999998,2018-12
16024,11282.0,1119.0,4201.0,2117.6666666666665,870.0,,20635.0,2018-12
16025,1687.0,60.0,175.0,136.5,61.0,,955.0000000000001,2018-12
17011,38765.0,2286.0,2863.0,2056.5833333333335,1889.5,37.0,25953.0,2018-12
17013,129953.0,5809.0,10603.0,7287.416666666667,6547.5,138.0,62689.00000000001,2018-12
17014,107367.0,8497.0,5259.0,3506.3333333333335,4676.5,72.0,62613.0,2018-12
17015,48446.0,2451.0,3532.0,2545.0833333333335,2582.5,26.0,30101.0,2018-12
17016,58088.0,3168.0,6082.0,4031.5833333333335,3544.5,47.0,38133.0,2018-12
17017,20439.0,1536.0,1450.0,1269.6666666666667,1235.0,12.0,15917.0,2018-12
17018,30889.0,2402.0,2640.0,2114.5833333333335,2201.5,24.0,25201.0,2018-12
17019,38214.0,2912.0,3341.0,2766.4166666666665,2537.0,22.0,35037.0,2018-12
17020,32822.0,2191.0,2759.0,2123.4166666666665,2365.0,26.0,24968.0,2018-12
17021,51304.0,3034.0,3357.0,3361.6666666666665,3428.0,32.0,41612.0,2018-12
17022,16013.0,995.0,1368.0,1401.5,1085.0,17.0,12784.0,2018-12
17023,34440.0,2184.0,3464.0,2167.4166666666665,1839.0,28.0,24299.999999999996,2018-12
17024,21956.0,1864.0,2421.0,1719.0,1273.0,20.0,16297.0,2018-12
17025,37436.0,2988.0,2713.0,2263.4166666666665,2667.5,18.0,31728.0,2018-12
17026,43371.0,3216.0,3100.0,2388.1666666666665,2264.5,39.0,30642.999999999996,2018-12
17027,29643.0,2086.0,2043.0,1753.1666666666667,1409.0,20.0,19676.0,2018-12
17028,14320.0,1218.0,1934.0,1333.8333333333333,1197.5,13.0,13399.999999999998,2018-12
17029,29479.0,1998.0,1578.0,1253.5,1475.0,18.0,20002.0,2018-12
17030,20596.0,1429.0,1784.0,1533.0,1395.5,27.0,18641.0,2018-12
17031,119619.0,6709.0,8232.0,5938.416666666667,6508.0,75.0,78751.0,2018-12
17032,18362.0,2251.0,2362.0,1503.4166666666667,1453.0,16.0,20216.0,2018-12
17033,6581.0,930.0,1132.0,604.25,607.0,10.0,7201.0,2018-12
17034,4295.0,394.0,593.0,464.5,376.0,7.0,5020.0,2018-12
17035,26632.0,1897.0,2027.0,1460.25,1442.0,19.0,22625.0,2018-12
17036,8798.0,993.0,1049.0,750.75,649.5,10.0,10678.0,2018-12
17037,18875.0,729.0,1199.0,1211.4166666666667,982.0,14.0,10829.0,2018-12
17038,11868.0,978.0,1522.0,1222.25,1003.5,14.0,11394.0,2018-12
17039,17434.0,1400.0,1724.0,1004.8333333333334,1098.5,15.0,15919.0,2018-12
17040,10421.0,942.0,900.0,697.75,601.5,10.0,10028.0,2018-12
17041,7162.0,624.0,752.0,709.9166666666666,621.0,9.0,7256.0,2018-12
17042,8488.0,463.0,1471.0,922.5,570.5,4.0,8563.0,2018-12
17043,5154.0,1145.0,1158.0,479.75,426.5,,7710.999999999999,2018-12
18001,9938.0,859.0,821.0,1143.5833333333333,560.0,18.0,12865.0,2018-12
18002,28900.0,2777.0,2677.0,2312.8333333333335,2252.5,29.0,30231.0,2018-12
18003,50248.0,4957.0,5001.0,3776.75,3523.0,45.0,46195.0,2018-12
18004,11329.0,665.0,499.0,534.5,448.5,15.0,5542.0,2018-12
18005,5081.0,494.0,524.0,465.3333333333333,433.0,10.0,5605.0,2018-12
18006,18537.0,1746.0,1534.0,1245.5833333333333,958.0,21.0,14113.0,2018-12
18007,39645.0,2325.0,2829.0,2048.9166666666665,1772.0,41.0,22188.0,2018-12
18009,5224.0,471.0,514.0,424.6666666666667,386.0,8.0,4874.0,2018-12
18010,13926.0,1349.0,943.0,924.1666666666666,854.5,20.0,10740.0,2018-12
18011,8047.0,429.0,536.0,336.9166666666667,294.5,11.0,4174.0,2018-12
18012,10876.0,1229.0,712.0,536.9166666666666,580.5,13.0,6739.0,2018-12
18013,2134.0,293.0,309.0,260.5833333333333,234.5,9.0,2685.0,2018-12
18015,4907.0,513.0,416.0,307.0,297.0,16.0,4056.0,2018-12
18016,3333.0,459.0,330.0,272.6666666666667,273.5,9.0,3344.0,2018-12
18017,1717.0,298.0,305.0,215.33333333333334,197.0,8.0,2482.0,2018-12
18018,12203.0,1275.0,1006.0,865.5833333333334,811.0,13.0,11559.0,2018-12
18019,2860.0,494.0,377.0,337.8333333333333,357.5,6.0,3931.0,2018-12
18020,4820.0,594.0,630.0,462.0,349.5,6.0,4756.0,2018-12
18021,9540.0,612.0,496.0,466.25,360.5,13.0,4460.0,2018-12
18022,1127.0,191.0,177.0,196.08333333333334,138.5,6.0,1779.0,2018-12
18023,10527.0,1188.0,1006.0,762.0833333333334,622.5,10.0,9050.0,2018-12
18024,4981.0,491.0,375.0,275.3333333333333,282.0,7.0,3334.9999999999995,2018-12
18025,3377.0,256.0,185.0,175.33333333333334,141.5,,2320.0000000000005,2018-12
19001,2909.0,34.0,65.0,108.0,137.0,15.0,1365.0,2018-12
19002,273.0,0.0,0.0,0.0,0.0,4.0,,2018-12
20001,8579.0,335.0,442.0,387.0833333333333,384.5,29.0,4220.0,2018-12
20002,2472.0,101.0,186.0,116.41666666666667,119.5,9.0,1276.0,2018-12
20003,2698.0,89.0,98.0,112.58333333333333,99.5,10.0,1440.0,2018-12
20005,1764.0,132.0,187.0,173.33333333333334,139.0,20.0,1709.0,2018-12
20006,1396.0,93.0,157.0,126.83333333333333,115.5,14.0,1214.0,2018-12
20009,3589.0,62.0,107.0,96.0,77.5,11.0,981.0,2018-12
20010,1250.0,51.0,78.0,81.66666666666667,64.5,7.0,967.0,2018-12
20011,354.0,36.0,57.0,74.75,57.0,,622.0,2018-12
21001,4880.0,234.0,168.0,243.08333333333334,347.5,23.0,2838.0,2018-12
21002,644.0,24.0,57.0,80.25,82.5,10.0,789.0,2018-12
21003,591.0,5.0,0.0,5.25,7.0,13.0,138.00000000000003,2018-12
21004,104.0,8.0,16.0,21.75,12.5,,178.0,2018-12
21005,255.0,7.0,9.0,7.666666666666667,5.0,,94.00000000000001,2018-12
21007,7.0,0.0,0.0,0.0,0.0,,,2018-12
22001,111667.0,7409.0,8225.0,7232.166666666667,7502.5,96.0,97163.00000000001,2018-12
22002,55177.0,4417.0,4991.0,5584.0,5789.0,59.0,70095.0,2018-12
22003,18244.0,1030.0,1043.0,1239.0,1116.0,28.0,14905.000000000002,2018-12
22004,14764.0,1310.0,2043.0,1854.0833333333333,1607.0,23.0,21122.999999999996,2018-12
22005,51418.0,3322.0,4495.0,4208.666666666667,4462.0,19.0,54998.0,2018-12
22006,17870.0,1504.0,1426.0,1487.4166666666667,1581.5,27.0,18730.0,2018-12
22008,47812.0,3222.0,3274.0,3340.25,3583.5,56.0,45627.0,2018-12
22009,9684.0,635.0,710.0,764.1666666666666,740.0,13.0,9443.0,2018-12
22010,23609.0,1264.0,1329.0,1527.6666666666667,1498.5,29.0,20028.0,2018-12
22011,19289.0,1162.0,1902.0,1787.9166666666667,1933.5,20.0,20273.0,2018-12
22012,13671.0,1111.0,1249.0,1256.75,1219.0,24.0,15088.000000000002,2018-12
22013,11822.0,774.0,967.0,890.3333333333334,970.5,13.0,11972.0,2018-12
22014,13950.0,1008.0,1276.0,931.0833333333334,1098.5,12.0,13826.0,2018-12
22015,10684.0,667.0,696.0,762.0,944.0,16.0,10789.0,2018-12
22016,7572.0,657.0,858.0,846.25,789.5,15.0,9434.0,2018-12
22017,29837.0,2225.0,2169.0,2367.4166666666665,2841.5,35.0,32063.999999999993,2018-12
22018,27465.0,1331.0,1436.0,1507.6666666666667,1614.0,29.0,18476.0,2018-12
22019,31255.0,2307.0,2610.0,2134.9166666666665,2245.0,23.0,29883.0,2018-12
22021,9006.0,572.0,799.0,633.0,601.0,15.0,7665.999999999999,2018-12
22023,15697.0,910.0,1064.0,1186.25,1177.5,17.0,14993.0,2018-12
22024,24765.0,1718.0,1860.0,1687.25,1638.0,32.0,21184.0,2018-12
22026,12728.0,1302.0,1825.0,1419.9166666666667,1231.5,,14952.0,2018-12
23001,94804.0,6142.0,5086.0,3419.5,3806.5,64.0,46825.0,2018-12
23002,17726.0,1535.0,1313.0,1261.5833333333333,1080.5,33.0,12249.0,2018-12
23003,18078.0,2021.0,1883.0,1378.6666666666667,1250.0,25.0,15215.0,2018-12
23004,6170.0,740.0,457.0,427.4166666666667,436.0,10.0,4903.0,2018-12
23005,7073.0,628.0,571.0,372.1666666666667,397.0,11.0,4646.0,2018-12
23006,6911.0,597.0,488.0,310.0,376.5,9.0,4417.0,2018-12
23007,8661.0,837.0,710.0,729.9166666666666,707.0,17.0,8895.0,2018-12
23008,3831.0,537.0,540.0,446.5,441.5,12.0,5516.999999999999,2018-12
23009,9159.0,1120.0,1142.0,642.6666666666666,659.5,16.0,7799.0,2018-12
23010,13207.0,1252.0,1056.0,894.8333333333334,933.5,18.0,11833.0,2018-12
23011,21106.0,1432.0,1506.0,971.4166666666666,976.5,20.0,11494.0,2018-12
23012,6783.0,648.0,614.0,530.6666666666666,410.0,13.0,5333.0,2018-12
23013,11566.0,1245.0,1215.0,777.1666666666666,643.0,21.0,8977.0,2018-12
23014,22673.0,1775.0,1466.0,1506.0833333333333,1104.0,18.0,15274.999999999998,2018-12
23015,34551.0,2470.0,1675.0,1732.75,1605.0,56.0,18828.0,2018-12
23016,18740.0,1775.0,1924.0,1635.0,1262.0,20.0,16782.0,2018-12
23017,15077.0,989.0,905.0,927.9166666666666,707.0,24.0,9337.0,2018-12
23018,9216.0,992.0,884.0,969.6666666666666,718.5,17.0,9998.999999999998,2018-12
23019,21376.0,1600.0,1565.0,1266.5,963.0,21.0,12723.0,2018-12
23020,29384.0,2516.0,2435.0,2082.6666666666665,1968.5,29.0,24457.0,2018-12
23021,21768.0,1126.0,896.0,815.3333333333334,682.0,20.0,8681.0,2018-12
23022,10875.0,826.0,704.0,445.1666666666667,464.0,15.0,5903.0,2018-12
23023,19739.0,1650.0,1790.0,1539.0833333333333,1223.0,27.0,15270.0,2018-12
23024,18280.0,1137.0,901.0,1082.6666666666667,933.5,21.0,10554.000000000002,2018-12
23025,16479.0,1447.0,1189.0,1258.9166666666667,943.5,29.0,12326.0,2018-12
23026,15763.0,1742.0,1539.0,1181.6666666666667,1145.5,35.0,13838.0,2018-12
23027,19654.0,1575.0,1180.0,1256.1666666666667,1039.0,31.0,12517.0,2018-12
23028,24606.0,1556.0,1323.0,1105.5833333333333,1104.0,30.0,14920.0,2018-12
23029,25186.0,1815.0,1417.0,1069.75,1099.0,27.0,14088.0,2018-12
23030,22068.0,1546.0,1139.0,905.1666666666666,848.0,24.0,12553.999999999998,2018-12
23031,25529.0,1596.0,960.0,857.4166666666666,729.5,23.0,9628.0,2018-12
23032,40366.0,2706.0,2582.0,1824.75,1732.0,40.0,17889.0,2018-12
23033,20120.0,1352.0,1239.0,993.8333333333334,1093.0,26.0,12499.000000000002,2018-12
23034,24441.0,1940.0,1471.0,1165.5833333333333,1201.0,27.0,14209.0,2018-12
23035,27238.0,1485.0,1646.0,1355.75,1157.5,27.0,14576.0,2018-12
23036,22824.0,1495.0,1566.0,1436.1666666666667,1360.5,27.0,15287.0,2018-12
23037,18403.0,1713.0,1491.0,1194.5833333333333,1240.5,39.0,15136.999999999998,2018-12
23038,29738.0,2810.0,2224.0,1798.3333333333333,1773.0,26.0,24131.0,2018-12
23039,23066.0,1607.0,1559.0,1156.0833333333333,1133.5,24.0,14248.999999999998,2018-12
23040,28004.0,2039.0,2590.0,1982.3333333333333,1745.0,26.0,20112.0,2018-12
23041,9549.0,1126.0,1029.0,629.3333333333334,681.0,27.0,8573.0,2018-12
23042,28753.0,1972.0,1608.0,1451.5,1290.5,40.0,17040.0,2018-12
23043,40363.0,3033.0,2613.0,2356.75,2250.0,40.0,27566.000000000004,2018-12
23044,57342.0,3654.0,3202.0,2728.4166666666665,2648.5,63.0,32274.0,2018-12
23045,51452.0,3227.0,3673.0,2512.25,2351.0,40.0,27793.0,2018-12
23046,55477.0,3326.0,3148.0,1689.5833333333333,1642.0,34.0,21312.999999999996,2018-12
23047,180049.0,13591.0,7496.0,5808.0,7168.0,80.0,87794.0,2018-12
23048,13723.0,911.0,873.0,654.0,551.5,20.0,7412.0,2018-12
23049,6894.0,719.0,686.0,591.3333333333334,603.0,13.0,7558.0,2018-12
23050,59678.0,3256.0,4244.0,3767.0,3207.0,73.0,40824.0,2018-12
24001,213.0,68.0,112.0,100.41666666666667,100.0,10.0,1109.0,2018-12
24002,22.0,5.0,6.0,9.583333333333334,9.0,9.0,112.0,2018-12
24003,101.0,42.0,65.0,53.416666666666664,62.5,10.0,614.0,2018-12
24004,929.0,134.0,198.0,201.08333333333334,202.0,13.0,2243.0,2018-12
25001,1946.0,231.0,262.0,250.91666666666666,273.0,6.0,3207.0,2018-12
25002,5132.0,430.0,607.0,585.9166666666666,541.0,10.0,6543.999999999999,2018-12
25003,681.0,70.0,101.0,91.33333333333333,100.5,3.0,1115.9999999999998,2018-12
25004,934.0,227.0,239.0,231.08333333333334,203.0,3.0,2678.0,2018-12
25005,227.0,61.0,82.0,37.416666666666664,23.5,2.0,437.0,2018-12
25006,168.0,30.0,36.0,32.833333333333336,25.5,1.0,401.00000000000006,2018-12
25008,38.0,17.0,20.0,15.666666666666666,9.5,,184.0,2018-12
25009,211.0,15.0,14.0,23.25,22.5,1.0,254.0,2018-12
26001,19048.0,1075.0,1139.0,979.8333333333334,1027.0,16.0,13741.0,2018-12
26002,43094.0,2138.0,2348.0,1821.0833333333333,1902.5,23.0,25481.0,2018-12
26003,35512.0,1820.0,1890.0,1717.3333333333333,1736.5,32.0,23571.0,2018-12
26004,47320.0,1900.0,2015.0,1912.5833333333333,2486.0,32.0,28491.999999999996,2018-12
26005,64904.0,2249.0,2487.0,2163.5,2796.0,37.0,29528.0,2018-12
26006,68123.0,4162.0,4758.0,4704.333333333333,4879.0,60.0,63718.0,2018-12
26007,64133.0,2845.0,3794.0,2640.5,3240.5,40.0,40008.0,2018-12
26008,76314.0,4233.0,6282.0,4962.25,4496.5,71.0,54611.0,2018-12
26009,67570.0,2496.0,2879.0,2692.0833333333335,2909.5,51.0,36299.0,2018-12
26010,44481.0,2620.0,4069.0,3437.1666666666665,3103.5,37.0,39569.0,2018-12
26011,48338.0,3195.0,4358.0,4027.0,3542.0,41.0,48833.99999999999,2018-12
27001,40351.0,2395.0,3455.0,2830.1666666666665,2834.0,50.0,35242.0,2018-12
29001,19983.0,1158.0,1963.0,1404.3333333333333,1204.5,11.0,14583.0,2018-12
29002,90440.0,4201.0,5949.0,4741.916666666667,4202.0,95.0,51456.0,2018-12
29003,49607.0,1455.0,2063.0,1597.4166666666667,1590.0,16.0,19509.0,2018-12
29004,39380.0,1194.0,1895.0,1620.6666666666667,1704.5,21.0,18256.0,2018-12
29005,40698.0,1064.0,1883.0,1710.25,1743.0,20.0,18698.0,2018-12
29006,25455.0,975.0,1413.0,1336.5,929.5,15.0,15587.0,2018-12
29007,57921.0,983.0,2349.0,1294.4166666666667,1715.0,12.0,20579.000000000004,2018-12
29008,19032.0,861.0,1078.0,872.1666666666666,911.0,15.0,10696.0,2018-12
29009,99658.0,2660.0,5246.0,3292.8333333333335,3521.0,31.0,48241.0,2018-12
29010,48872.0,897.0,1832.0,1363.5,1486.5,27.0,18814.0,2018-12
30001,27690.0,1970.0,1549.0,1547.75,1549.0,15.0,21494.0,2018-12
30002,14339.0,1257.0,1409.0,1363.9166666666667,1253.0,15.0,17949.0,2018-12
31001,161.0,84.0,98.0,50.416666666666664,41.0,,587.0,2018-12
31002,492.0,97.0,129.0,99.5,75.0,,1057.0,2018-12
32001,1368.0,161.0,177.0,142.0,79.5,,1298.0,2018-12
33001,102.0,24.0,22.0,15.833333333333334,8.0,,149.0,2018-12
33002,154.0,65.0,77.0,26.166666666666668,14.5,,284.0,2018-12
